id,label,text,scam_type,language,source,collection_method
uci_sms_00001,safe,"Go until jurong point, crazy.. Available only in bugis n great world la e buffet... Cine there got amore wat...",safe_personal,en,UCI SMS Spam Collection,downloaded_public_dataset
uci_sms_00002,safe,Ok lar... Joking wif u oni...,safe_personal,en,UCI SMS Spam Collection,downloaded_public_dataset
uci_sms_00003,scam,Free entry in 2 a wkly comp to win FA Cup final tkts 21st May 2005. Text FA to 87121 to receive entry question(std txt rate)T&C's apply 08452810075over18's,spam_or_unspecified,en,UCI SMS Spam Collection,downloaded_public_dataset
uci_sms_00004,safe,U dun say so early hor... U c already then say...,safe_personal,en,UCI SMS Spam Collection,downloaded_public_dataset
uci_sms_00005,safe,"Nah I don't think he goes to usf, he lives around here though",safe_personal,en,UCI SMS Spam Collection,downloaded_public_dataset
uci_sms_00006,scam,"FreeMsg Hey there darling it's been 3 week's now and no word back! I'd like some fun you up for it still? Tb ok! XxX std chgs to send, £1.50 to rcv",spam_or_unspecified,en,UCI SMS Spam Collection,downloaded_public_dataset
uci_sms_00007,safe,Even my brother is not like to speak with me. They treat me like aids patent.,safe_personal,en,UCI SMS Spam Collection,downloaded_public_dataset
uci_sms_00008,safe,As per your request 'Melle Melle (Oru Minnaminunginte Nurungu Vettam)' has been set as your callertune for all Callers. Press *9 to copy your friends Callertune,safe_personal,en,UCI SMS Spam Collection,downloaded_public_dataset
uci_sms_00009,scam,WINNER!! As a valued network customer you have been selected to receivea £900 prize reward! To claim call 09061701461. Claim code KL341. Valid 12 hours only.,spam_or_unspecified,en,UCI SMS Spam Collection,downloaded_public_dataset
uci_sms_00010,scam,Had your mobile 11 months or more? U R entitled to Update to the latest colour mobiles with camera for Free! Call The Mobile Update Co FREE on 08002986030,spam_or_unspecified,en,UCI SMS Spam Collection,downloaded_public_dataset
uci_sms_00011,safe,"I'm gonna be home soon and i don't want to talk about this stuff anymore tonight, k? I've cried enough today.",safe_personal,en,UCI SMS Spam Collection,downloaded_public_dataset
uci_sms_00012,scam,"SIX chances to win CASH! From 100 to 20,000 pounds txt> CSH11 and send to 87575. Cost 150p/day, 6days, 16+ TsandCs apply Reply HL 4 info",spam_or_unspecified,en,UCI SMS Spam Collection,downloaded_public_dataset
uci_sms_00013,scam,"URGENT! You have won a 1 week FREE membership in our £100,000 Prize Jackpot! Txt the word: CLAIM to No: 81010 T&C www.dbuk.net LCCLTD POBOX 4403LDNW1A7RW18",spam_or_unspecified,en,UCI SMS Spam Collection,downloaded_public_dataset
uci_sms_00014,safe,I've been searching for the right words to thank you for this breather. I promise i wont take your help for granted and will fulfil my promise. You have been wonderful and a blessing at all times.,safe_personal,en,UCI SMS Spam Collection,downloaded_public_dataset
uci_sms_00015,safe,I HAVE A DATE ON SUNDAY WITH WILL!!,safe_personal,en,UCI SMS Spam Collection,downloaded_public_dataset
uci_sms_00016,scam,"XXXMobileMovieClub: To use your credit, click the WAP link in the next txt message or click here>> http://wap. xxxmobilemovieclub.com?n=QJKGIGHJJGCBL",spam_or_unspecified,en,UCI SMS Spam Collection,downloaded_public_dataset
uci_sms_00017,safe,Oh k...i'm watching here:),safe_personal,en,UCI SMS Spam Collection,downloaded_public_dataset
uci_sms_00018,safe,Eh u remember how 2 spell his name... Yes i did. He v naughty make until i v wet.,safe_personal,en,UCI SMS Spam Collection,downloaded_public_dataset
uci_sms_00019,safe,Fine if thats the way u feel. Thats the way its gota b,safe_personal,en,UCI SMS Spam Collection,downloaded_public_dataset
uci_sms_00020,scam,"England v Macedonia - dont miss the goals/team news. Txt ur national team to 87077 eg ENGLAND to 87077 Try:WALES, SCOTLAND 4txt/ú1.20 POBOXox36504W45WQ 16+",spam_or_unspecified,en,UCI SMS Spam Collection,downloaded_public_dataset
uci_sms_00021,safe,Is that seriously how you spell his name?,safe_personal,en,UCI SMS Spam Collection,downloaded_public_dataset
uci_sms_00022,safe,I‘m going to try for 2 months ha ha only joking,safe_personal,en,UCI SMS Spam Collection,downloaded_public_dataset
uci_sms_00023,safe,So ü pay first lar... Then when is da stock comin...,safe_personal,en,UCI SMS Spam Collection,downloaded_public_dataset
uci_sms_00024,safe,Aft i finish my lunch then i go str down lor. Ard 3 smth lor. U finish ur lunch already?,safe_personal,en,UCI SMS Spam Collection,downloaded_public_dataset
uci_sms_00025,safe,Ffffffffff. Alright no way I can meet up with you sooner?,safe_personal,en,UCI SMS Spam Collection,downloaded_public_dataset
uci_sms_00026,safe,Just forced myself to eat a slice. I'm really not hungry tho. This sucks. Mark is getting worried. He knows I'm sick when I turn down pizza. Lol,safe_personal,en,UCI SMS Spam Collection,downloaded_public_dataset
uci_sms_00027,safe,Lol your always so convincing.,safe_personal,en,UCI SMS Spam Collection,downloaded_public_dataset
uci_sms_00028,safe,Did you catch the bus ? Are you frying an egg ? Did you make a tea? Are you eating your mom's left over dinner ? Do you feel my Love ?,safe_personal,en,UCI SMS Spam Collection,downloaded_public_dataset
uci_sms_00029,safe,"I'm back &amp; we're packing the car now, I'll let you know if there's room",safe_personal,en,UCI SMS Spam Collection,downloaded_public_dataset
uci_sms_00030,safe,Ahhh. Work. I vaguely remember that! What does it feel like? Lol,safe_personal,en,UCI SMS Spam Collection,downloaded_public_dataset
uci_sms_00031,safe,"Wait that's still not all that clear, were you not sure about me being sarcastic or that that's why x doesn't want to live with us",safe_personal,en,UCI SMS Spam Collection,downloaded_public_dataset
uci_sms_00032,safe,Yeah he got in at 2 and was v apologetic. n had fallen out and she was actin like spoilt child and he got caught up in that. Till 2! But we won't go there! Not doing too badly cheers. You?,safe_personal,en,UCI SMS Spam Collection,downloaded_public_dataset
uci_sms_00033,safe,K tell me anything about you.,safe_personal,en,UCI SMS Spam Collection,downloaded_public_dataset
uci_sms_00034,safe,For fear of fainting with the of all that housework you just did? Quick have a cuppa,safe_personal,en,UCI SMS Spam Collection,downloaded_public_dataset
uci_sms_00035,scam,Thanks for your subscription to Ringtone UK your mobile will be charged £5/month Please confirm by replying YES or NO. If you reply NO you will not be charged,spam_or_unspecified,en,UCI SMS Spam Collection,downloaded_public_dataset
uci_sms_00036,safe,Yup... Ok i go home look at the timings then i msg ü again... Xuhui going to learn on 2nd may too but her lesson is at 8am,safe_personal,en,UCI SMS Spam Collection,downloaded_public_dataset
uci_sms_00037,safe,"Oops, I'll let you know when my roommate's done",safe_personal,en,UCI SMS Spam Collection,downloaded_public_dataset
uci_sms_00038,safe,I see the letter B on my car,safe_personal,en,UCI SMS Spam Collection,downloaded_public_dataset
uci_sms_00039,safe,Anything lor... U decide...,safe_personal,en,UCI SMS Spam Collection,downloaded_public_dataset
uci_sms_00040,safe,Hello! How's you and how did saturday go? I was just texting to see if you'd decided to do anything tomo. Not that i'm trying to invite myself or anything!,safe_personal,en,UCI SMS Spam Collection,downloaded_public_dataset
uci_sms_00041,safe,Pls go ahead with watts. I just wanted to be sure. Do have a great weekend. Abiola,safe_personal,en,UCI SMS Spam Collection,downloaded_public_dataset
uci_sms_00042,safe,"Did I forget to tell you ? I want you , I need you, I crave you ... But most of all ... I love you my sweet Arabian steed ... Mmmmmm ... Yummy",safe_personal,en,UCI SMS Spam Collection,downloaded_public_dataset
uci_sms_00043,scam,07732584351 - Rodger Burns - MSG = We tried to call you re your reply to our sms for a free nokia mobile + free camcorder. Please call now 08000930705 for delivery tomorrow,spam_or_unspecified,en,UCI SMS Spam Collection,downloaded_public_dataset
uci_sms_00044,safe,WHO ARE YOU SEEING?,safe_personal,en,UCI SMS Spam Collection,downloaded_public_dataset
uci_sms_00045,safe,Great! I hope you like your man well endowed. I am &lt;#&gt; inches...,safe_personal,en,UCI SMS Spam Collection,downloaded_public_dataset
uci_sms_00046,safe,No calls..messages..missed calls,safe_personal,en,UCI SMS Spam Collection,downloaded_public_dataset
uci_sms_00047,safe,Didn't you get hep b immunisation in nigeria.,safe_personal,en,UCI SMS Spam Collection,downloaded_public_dataset
uci_sms_00048,safe,"Fair enough, anything going on?",safe_personal,en,UCI SMS Spam Collection,downloaded_public_dataset
uci_sms_00049,safe,"Yeah hopefully, if tyler can't do it I could maybe ask around a bit",safe_personal,en,UCI SMS Spam Collection,downloaded_public_dataset
uci_sms_00050,safe,U don't know how stubborn I am. I didn't even want to go to the hospital. I kept telling Mark I'm not a weak sucker. Hospitals are for weak suckers.,safe_personal,en,UCI SMS Spam Collection,downloaded_public_dataset
uci_sms_00051,safe,What you thinked about me. First time you saw me in class.,safe_personal,en,UCI SMS Spam Collection,downloaded_public_dataset
uci_sms_00052,safe,"A gram usually runs like &lt;#&gt; , a half eighth is smarter though and gets you almost a whole second gram for &lt;#&gt;",safe_personal,en,UCI SMS Spam Collection,downloaded_public_dataset
uci_sms_00053,safe,K fyi x has a ride early tomorrow morning but he's crashing at our place tonight,safe_personal,en,UCI SMS Spam Collection,downloaded_public_dataset
uci_sms_00054,safe,"Wow. I never realized that you were so embarassed by your accomodations. I thought you liked it, since i was doing the best i could and you always seemed so happy about ""the cave"". I'm sorry I didn't and don't have more to give. I'm sorry i offered. I'm sorry your room was so embarassing.",safe_personal,en,UCI SMS Spam Collection,downloaded_public_dataset
uci_sms_00055,scam,SMS. ac Sptv: The New Jersey Devils and the Detroit Red Wings play Ice Hockey. Correct or Incorrect? End? Reply END SPTV,spam_or_unspecified,en,UCI SMS Spam Collection,downloaded_public_dataset
uci_sms_00056,safe,Do you know what Mallika Sherawat did yesterday? Find out now @ &lt;URL&gt;,safe_personal,en,UCI SMS Spam Collection,downloaded_public_dataset
uci_sms_00057,scam,"Congrats! 1 year special cinema pass for 2 is yours. call 09061209465 now! C Suprman V, Matrix3, StarWars3, etc all 4 FREE! bx420-ip4-5we. 150pm. Dont miss out!",spam_or_unspecified,en,UCI SMS Spam Collection,downloaded_public_dataset
uci_sms_00058,safe,"Sorry, I'll call later in meeting.",safe_personal,en,UCI SMS Spam Collection,downloaded_public_dataset
uci_sms_00059,safe,Tell where you reached,safe_personal,en,UCI SMS Spam Collection,downloaded_public_dataset
uci_sms_00060,safe,Yes..gauti and sehwag out of odi series.,safe_personal,en,UCI SMS Spam Collection,downloaded_public_dataset
uci_sms_00061,safe,Your gonna have to pick up a $1 burger for yourself on your way home. I can't even move. Pain is killing me.,safe_personal,en,UCI SMS Spam Collection,downloaded_public_dataset
uci_sms_00062,safe,Ha ha ha good joke. Girls are situation seekers.,safe_personal,en,UCI SMS Spam Collection,downloaded_public_dataset
uci_sms_00063,safe,Its a part of checking IQ,safe_personal,en,UCI SMS Spam Collection,downloaded_public_dataset
uci_sms_00064,safe,"Sorry my roommates took forever, it ok if I come by now?",safe_personal,en,UCI SMS Spam Collection,downloaded_public_dataset
uci_sms_00065,safe,Ok lar i double check wif da hair dresser already he said wun cut v short. He said will cut until i look nice.,safe_personal,en,UCI SMS Spam Collection,downloaded_public_dataset
uci_sms_00066,scam,"As a valued customer, I am pleased to advise you that following recent review of your Mob No. you are awarded with a £1500 Bonus Prize, call 09066364589",spam_or_unspecified,en,UCI SMS Spam Collection,downloaded_public_dataset
uci_sms_00067,safe,"Today is ""song dedicated day.."" Which song will u dedicate for me? Send this to all ur valuable frnds but first rply me...",safe_personal,en,UCI SMS Spam Collection,downloaded_public_dataset
uci_sms_00068,scam,"Urgent UR awarded a complimentary trip to EuroDisinc Trav, Aco&Entry41 Or £1000. To claim txt DIS to 87121 18+6*£1.50(moreFrmMob. ShrAcomOrSglSuplt)10, LS1 3AJ",spam_or_unspecified,en,UCI SMS Spam Collection,downloaded_public_dataset
uci_sms_00069,scam,"Did you hear about the new ""Divorce Barbie""? It comes with all of Ken's stuff!",spam_or_unspecified,en,UCI SMS Spam Collection,downloaded_public_dataset
uci_sms_00070,safe,I plane to give on this month end.,safe_personal,en,UCI SMS Spam Collection,downloaded_public_dataset
uci_sms_00071,safe,Wah lucky man... Then can save money... Hee...,safe_personal,en,UCI SMS Spam Collection,downloaded_public_dataset
uci_sms_00072,safe,Finished class where are you.,safe_personal,en,UCI SMS Spam Collection,downloaded_public_dataset
uci_sms_00073,safe,HI BABE IM AT HOME NOW WANNA DO SOMETHING? XX,safe_personal,en,UCI SMS Spam Collection,downloaded_public_dataset
uci_sms_00074,safe,K..k:)where are you?how did you performed?,safe_personal,en,UCI SMS Spam Collection,downloaded_public_dataset
uci_sms_00075,safe,U can call me now...,safe_personal,en,UCI SMS Spam Collection,downloaded_public_dataset
uci_sms_00076,safe,I am waiting machan. Call me once you free.,safe_personal,en,UCI SMS Spam Collection,downloaded_public_dataset
uci_sms_00077,safe,Thats cool. i am a gentleman and will treat you with dignity and respect.,safe_personal,en,UCI SMS Spam Collection,downloaded_public_dataset
uci_sms_00078,safe,I like you peoples very much:) but am very shy pa.,safe_personal,en,UCI SMS Spam Collection,downloaded_public_dataset
uci_sms_00079,safe,Does not operate after &lt;#&gt; or what,safe_personal,en,UCI SMS Spam Collection,downloaded_public_dataset
uci_sms_00080,safe,Its not the same here. Still looking for a job. How much do Ta's earn there.,safe_personal,en,UCI SMS Spam Collection,downloaded_public_dataset
uci_sms_00081,safe,"Sorry, I'll call later",safe_personal,en,UCI SMS Spam Collection,downloaded_public_dataset
uci_sms_00082,safe,K. Did you call me just now ah?,safe_personal,en,UCI SMS Spam Collection,downloaded_public_dataset
uci_sms_00083,safe,Ok i am on the way to home hi hi,safe_personal,en,UCI SMS Spam Collection,downloaded_public_dataset
uci_sms_00084,safe,You will be in the place of that man,safe_personal,en,UCI SMS Spam Collection,downloaded_public_dataset
uci_sms_00085,safe,Yup next stop.,safe_personal,en,UCI SMS Spam Collection,downloaded_public_dataset
uci_sms_00086,safe,"I call you later, don't have network. If urgnt, sms me.",safe_personal,en,UCI SMS Spam Collection,downloaded_public_dataset
uci_sms_00087,safe,For real when u getting on yo? I only need 2 more tickets and one more jacket and I'm done. I already used all my multis.,safe_personal,en,UCI SMS Spam Collection,downloaded_public_dataset
uci_sms_00088,safe,Yes I started to send requests to make it but pain came back so I'm back in bed. Double coins at the factory too. I gotta cash in all my nitros.,safe_personal,en,UCI SMS Spam Collection,downloaded_public_dataset
uci_sms_00089,safe,I'm really not up to it still tonight babe,safe_personal,en,UCI SMS Spam Collection,downloaded_public_dataset
uci_sms_00090,safe,"Ela kano.,il download, come wen ur free..",safe_personal,en,UCI SMS Spam Collection,downloaded_public_dataset
uci_sms_00091,safe,Yeah do! Don‘t stand to close tho- you‘ll catch something!,safe_personal,en,UCI SMS Spam Collection,downloaded_public_dataset
uci_sms_00092,safe,Sorry to be a pain. Is it ok if we meet another night? I spent late afternoon in casualty and that means i haven't done any of y stuff42moro and that includes all my time sheets and that. Sorry.,safe_personal,en,UCI SMS Spam Collection,downloaded_public_dataset
uci_sms_00093,safe,Smile in Pleasure Smile in Pain Smile when trouble pours like Rain Smile when sum1 Hurts U Smile becoz SOMEONE still Loves to see u Smiling!!,safe_personal,en,UCI SMS Spam Collection,downloaded_public_dataset
uci_sms_00094,scam,Please call our customer service representative on 0800 169 6031 between 10am-9pm as you have WON a guaranteed £1000 cash or £5000 prize!,spam_or_unspecified,en,UCI SMS Spam Collection,downloaded_public_dataset
uci_sms_00095,safe,Havent planning to buy later. I check already lido only got 530 show in e afternoon. U finish work already?,safe_personal,en,UCI SMS Spam Collection,downloaded_public_dataset
uci_sms_00096,scam,"Your free ringtone is waiting to be collected. Simply text the password ""MIX"" to 85069 to verify. Get Usher and Britney. FML, PO Box 5249, MK17 92H. 450Ppw 16",spam_or_unspecified,en,UCI SMS Spam Collection,downloaded_public_dataset
uci_sms_00097,safe,Watching telugu movie..wat abt u?,safe_personal,en,UCI SMS Spam Collection,downloaded_public_dataset
uci_sms_00098,safe,i see. When we finish we have loads of loans to pay,safe_personal,en,UCI SMS Spam Collection,downloaded_public_dataset
uci_sms_00099,safe,"Hi. Wk been ok - on hols now! Yes on for a bit of a run. Forgot that i have hairdressers appointment at four so need to get home n shower beforehand. Does that cause prob for u?""",safe_personal,en,UCI SMS Spam Collection,downloaded_public_dataset
uci_sms_00100,safe,I see a cup of coffee animation,safe_personal,en,UCI SMS Spam Collection,downloaded_public_dataset
uci_sms_00101,safe,Please don't text me anymore. I have nothing else to say.,safe_personal,en,UCI SMS Spam Collection,downloaded_public_dataset
uci_sms_00102,safe,Okay name ur price as long as its legal! Wen can I pick them up? Y u ave x ams xx,safe_personal,en,UCI SMS Spam Collection,downloaded_public_dataset
uci_sms_00103,safe,I'm still looking for a car to buy. And have not gone 4the driving test yet.,safe_personal,en,UCI SMS Spam Collection,downloaded_public_dataset
uci_sms_00105,safe,"wow. You're right! I didn't mean to do that. I guess once i gave up on boston men and changed my search location to nyc, something changed. Cuz on my signin page it still says boston.",safe_personal,en,UCI SMS Spam Collection,downloaded_public_dataset
uci_sms_00106,safe,Umma my life and vava umma love you lot dear,safe_personal,en,UCI SMS Spam Collection,downloaded_public_dataset
uci_sms_00107,safe,Thanks a lot for your wishes on my birthday. Thanks you for making my birthday truly memorable.,safe_personal,en,UCI SMS Spam Collection,downloaded_public_dataset
uci_sms_00108,safe,"Aight, I'll hit you up when I get some cash",safe_personal,en,UCI SMS Spam Collection,downloaded_public_dataset
uci_sms_00109,safe,How would my ip address test that considering my computer isn't a minecraft server,safe_personal,en,UCI SMS Spam Collection,downloaded_public_dataset
uci_sms_00110,safe,I know! Grumpy old people. My mom was like you better not be lying. Then again I am always the one to play jokes...,safe_personal,en,UCI SMS Spam Collection,downloaded_public_dataset
uci_sms_00111,safe,Dont worry. I guess he's busy.,safe_personal,en,UCI SMS Spam Collection,downloaded_public_dataset
uci_sms_00112,safe,What is the plural of the noun research?,safe_personal,en,UCI SMS Spam Collection,downloaded_public_dataset
uci_sms_00113,safe,Going for dinner.msg you after.,safe_personal,en,UCI SMS Spam Collection,downloaded_public_dataset
uci_sms_00114,safe,I'm ok wif it cos i like 2 try new things. But i scared u dun like mah. Cos u said not too loud.,safe_personal,en,UCI SMS Spam Collection,downloaded_public_dataset
uci_sms_00115,scam,GENT! We are trying to contact you. Last weekends draw shows that you won a £1000 prize GUARANTEED. Call 09064012160. Claim Code K52. Valid 12hrs only. 150ppm,spam_or_unspecified,en,UCI SMS Spam Collection,downloaded_public_dataset
uci_sms_00116,safe,"Wa, ur openin sentence very formal... Anyway, i'm fine too, juz tt i'm eatin too much n puttin on weight...Haha... So anythin special happened?",safe_personal,en,UCI SMS Spam Collection,downloaded_public_dataset
uci_sms_00117,safe,"As I entered my cabin my PA said, '' Happy B'day Boss !!''. I felt special. She askd me 4 lunch. After lunch she invited me to her apartment. We went there.",safe_personal,en,UCI SMS Spam Collection,downloaded_public_dataset
uci_sms_00118,scam,You are a winner U have been specially selected 2 receive £1000 or a 4* holiday (flights inc) speak to a live operator 2 claim 0871277810910p/min (18+),spam_or_unspecified,en,UCI SMS Spam Collection,downloaded_public_dataset
uci_sms_00119,safe,Goodo! Yes we must speak friday - egg-potato ratio for tortilla needed!,safe_personal,en,UCI SMS Spam Collection,downloaded_public_dataset
uci_sms_00120,safe,Hmm...my uncle just informed me that he's paying the school directly. So pls buy food.,safe_personal,en,UCI SMS Spam Collection,downloaded_public_dataset
uci_sms_00121,scam,PRIVATE! Your 2004 Account Statement for 07742676969 shows 786 unredeemed Bonus Points. To claim call 08719180248 Identifier Code: 45239 Expires,spam_or_unspecified,en,UCI SMS Spam Collection,downloaded_public_dataset
uci_sms_00122,scam,"URGENT! Your Mobile No. was awarded £2000 Bonus Caller Prize on 5/9/03 This is our final try to contact U! Call from Landline 09064019788 BOX42WR29C, 150PPM",spam_or_unspecified,en,UCI SMS Spam Collection,downloaded_public_dataset
uci_sms_00123,safe,here is my new address -apples&pairs&all that malarky,safe_personal,en,UCI SMS Spam Collection,downloaded_public_dataset
uci_sms_00124,scam,Todays Voda numbers ending 7548 are selected to receive a $350 award. If you have a match please call 08712300220 quoting claim code 4041 standard rates app,spam_or_unspecified,en,UCI SMS Spam Collection,downloaded_public_dataset
uci_sms_00125,safe,I am going to sao mu today. Will be done only at 12,safe_personal,en,UCI SMS Spam Collection,downloaded_public_dataset
uci_sms_00126,safe,Ü predict wat time ü'll finish buying?,safe_personal,en,UCI SMS Spam Collection,downloaded_public_dataset
uci_sms_00127,safe,"Good stuff, will do.",safe_personal,en,UCI SMS Spam Collection,downloaded_public_dataset
uci_sms_00128,safe,"Just so that you know,yetunde hasn't sent money yet. I just sent her a text not to bother sending. So its over, you dont have to involve yourself in anything. I shouldn't have imposed anything on you in the first place so for that, i apologise.",safe_personal,en,UCI SMS Spam Collection,downloaded_public_dataset
uci_sms_00129,safe,Are you there in room.,safe_personal,en,UCI SMS Spam Collection,downloaded_public_dataset
uci_sms_00130,safe,HEY GIRL. HOW R U? HOPE U R WELL ME AN DEL R BAK! AGAIN LONG TIME NO C! GIVE ME A CALL SUM TIME FROM LUCYxx,safe_personal,en,UCI SMS Spam Collection,downloaded_public_dataset
uci_sms_00131,safe,K..k:)how much does it cost?,safe_personal,en,UCI SMS Spam Collection,downloaded_public_dataset
uci_sms_00132,safe,I'm home.,safe_personal,en,UCI SMS Spam Collection,downloaded_public_dataset
uci_sms_00133,safe,"Dear, will call Tmorrow.pls accomodate.",safe_personal,en,UCI SMS Spam Collection,downloaded_public_dataset
uci_sms_00134,safe,First answer my question.,safe_personal,en,UCI SMS Spam Collection,downloaded_public_dataset
uci_sms_00135,scam,Sunshine Quiz Wkly Q! Win a top Sony DVD player if u know which country the Algarve is in? Txt ansr to 82277. £1.50 SP:Tyrone,spam_or_unspecified,en,UCI SMS Spam Collection,downloaded_public_dataset
uci_sms_00136,scam,Want 2 get laid tonight? Want real Dogging locations sent direct 2 ur mob? Join the UK's largest Dogging Network bt Txting GRAVEL to 69888! Nt. ec2a. 31p.msg@150p,spam_or_unspecified,en,UCI SMS Spam Collection,downloaded_public_dataset
uci_sms_00137,safe,I only haf msn. It's yijue@hotmail.com,safe_personal,en,UCI SMS Spam Collection,downloaded_public_dataset
uci_sms_00138,safe,He is there. You call and meet him,safe_personal,en,UCI SMS Spam Collection,downloaded_public_dataset
uci_sms_00139,safe,No no. I will check all rooms befor activities,safe_personal,en,UCI SMS Spam Collection,downloaded_public_dataset
uci_sms_00140,scam,You'll not rcv any more msgs from the chat svc. For FREE Hardcore services text GO to: 69988 If u get nothing u must Age Verify with yr network & try again,spam_or_unspecified,en,UCI SMS Spam Collection,downloaded_public_dataset
uci_sms_00141,safe,Got c... I lazy to type... I forgot ü in lect... I saw a pouch but like not v nice...,safe_personal,en,UCI SMS Spam Collection,downloaded_public_dataset
uci_sms_00142,safe,"K, text me when you're on the way",safe_personal,en,UCI SMS Spam Collection,downloaded_public_dataset
uci_sms_00143,safe,"Sir, Waiting for your mail.",safe_personal,en,UCI SMS Spam Collection,downloaded_public_dataset
uci_sms_00144,safe,"A swt thought: ""Nver get tired of doing little things 4 lovable persons.."" Coz..somtimes those little things occupy d biggest part in their Hearts.. Gud ni8",safe_personal,en,UCI SMS Spam Collection,downloaded_public_dataset
uci_sms_00145,safe,I know you are. Can you pls open the back?,safe_personal,en,UCI SMS Spam Collection,downloaded_public_dataset
uci_sms_00146,safe,Yes see ya not on the dot,safe_personal,en,UCI SMS Spam Collection,downloaded_public_dataset
uci_sms_00147,safe,Whats the staff name who is taking class for us?,safe_personal,en,UCI SMS Spam Collection,downloaded_public_dataset
uci_sms_00148,scam,"FreeMsg Why haven't you replied to my text? I'm Randy, sexy, female and live local. Luv to hear from u. Netcollex Ltd 08700621170150p per msg reply Stop to end",spam_or_unspecified,en,UCI SMS Spam Collection,downloaded_public_dataset
uci_sms_00149,safe,Ummma.will call after check in.our life will begin from qatar so pls pray very hard.,safe_personal,en,UCI SMS Spam Collection,downloaded_public_dataset
uci_sms_00150,safe,K..i deleted my contact that why?,safe_personal,en,UCI SMS Spam Collection,downloaded_public_dataset
uci_sms_00151,safe,Sindu got job in birla soft ..,safe_personal,en,UCI SMS Spam Collection,downloaded_public_dataset
uci_sms_00152,safe,The wine is flowing and i'm i have nevering..,safe_personal,en,UCI SMS Spam Collection,downloaded_public_dataset
uci_sms_00153,safe,Yup i thk cine is better cos no need 2 go down 2 plaza mah.,safe_personal,en,UCI SMS Spam Collection,downloaded_public_dataset
uci_sms_00154,safe,Ok... Ur typical reply...,safe_personal,en,UCI SMS Spam Collection,downloaded_public_dataset
uci_sms_00156,safe,"You are everywhere dirt, on the floor, the windows, even on my shirt. And sometimes when i open my mouth, you are all that comes flowing out. I dream of my world without you, then half my chores are out too. A time of joy for me, lots of tv shows i.ll see. But i guess like all things you just must exist, like rain, hail and mist, and when my time here is done, you and i become one.",safe_personal,en,UCI SMS Spam Collection,downloaded_public_dataset
uci_sms_00157,safe,Aaooooright are you at work?,safe_personal,en,UCI SMS Spam Collection,downloaded_public_dataset
uci_sms_00158,safe,I'm leaving my house now...,safe_personal,en,UCI SMS Spam Collection,downloaded_public_dataset
uci_sms_00159,safe,"Hello, my love. What are you doing? Did you get to that interview today? Are you you happy? Are you being a good boy? Do you think of me?Are you missing me ?",safe_personal,en,UCI SMS Spam Collection,downloaded_public_dataset
uci_sms_00160,scam,Customer service annoncement. You have a New Years delivery waiting for you. Please call 07046744435 now to arrange delivery,spam_or_unspecified,en,UCI SMS Spam Collection,downloaded_public_dataset
uci_sms_00161,scam,You are a winner U have been specially selected 2 receive £1000 cash or a 4* holiday (flights inc) speak to a live operator 2 claim 0871277810810,spam_or_unspecified,en,UCI SMS Spam Collection,downloaded_public_dataset
uci_sms_00162,safe,Keep yourself safe for me because I need you and I miss you already and I envy everyone that see's you in real life,safe_personal,en,UCI SMS Spam Collection,downloaded_public_dataset
uci_sms_00163,safe,New car and house for my parents.:)i have only new job in hand:),safe_personal,en,UCI SMS Spam Collection,downloaded_public_dataset
uci_sms_00164,safe,I'm so in love with you. I'm excited each day i spend with you. You make me so happy.,safe_personal,en,UCI SMS Spam Collection,downloaded_public_dataset
uci_sms_00165,scam,-PLS STOP bootydelious (32/F) is inviting you to be her friend. Reply YES-434 or NO-434 See her: www.SMS.ac/u/bootydelious STOP? Send STOP FRND to 62468,spam_or_unspecified,en,UCI SMS Spam Collection,downloaded_public_dataset
uci_sms_00166,scam,"BangBabes Ur order is on the way. U SHOULD receive a Service Msg 2 download UR content. If U do not, GoTo wap. bangb. tv on UR mobile internet/service menu",spam_or_unspecified,en,UCI SMS Spam Collection,downloaded_public_dataset
uci_sms_00167,safe,I place all ur points on e cultures module already.,safe_personal,en,UCI SMS Spam Collection,downloaded_public_dataset
uci_sms_00168,scam,URGENT! We are trying to contact you. Last weekends draw shows that you have won a £900 prize GUARANTEED. Call 09061701939. Claim code S89. Valid 12hrs only,spam_or_unspecified,en,UCI SMS Spam Collection,downloaded_public_dataset
uci_sms_00169,safe,"Hi frnd, which is best way to avoid missunderstding wit our beloved one's?",safe_personal,en,UCI SMS Spam Collection,downloaded_public_dataset
uci_sms_00170,safe,Great escape. I fancy the bridge but needs her lager. See you tomo,safe_personal,en,UCI SMS Spam Collection,downloaded_public_dataset
uci_sms_00171,safe,Yes :)it completely in out of form:)clark also utter waste.,safe_personal,en,UCI SMS Spam Collection,downloaded_public_dataset
uci_sms_00172,safe,"Sir, I need AXIS BANK account no and bank address.",safe_personal,en,UCI SMS Spam Collection,downloaded_public_dataset
uci_sms_00173,safe,"Hmmm.. Thk sure got time to hop ard... Ya, can go 4 free abt... Muz call u to discuss liao...",safe_personal,en,UCI SMS Spam Collection,downloaded_public_dataset
uci_sms_00174,safe,What time you coming down later?,safe_personal,en,UCI SMS Spam Collection,downloaded_public_dataset
uci_sms_00175,safe,"Bloody hell, cant believe you forgot my surname Mr . Ill give u a clue, its spanish and begins with m...",safe_personal,en,UCI SMS Spam Collection,downloaded_public_dataset
uci_sms_00176,safe,"Well, i'm gonna finish my bath now. Have a good...fine night.",safe_personal,en,UCI SMS Spam Collection,downloaded_public_dataset
uci_sms_00177,safe,Let me know when you've got the money so carlos can make the call,safe_personal,en,UCI SMS Spam Collection,downloaded_public_dataset
uci_sms_00178,safe,U still going to the mall?,safe_personal,en,UCI SMS Spam Collection,downloaded_public_dataset
uci_sms_00179,safe,"Turns out my friends are staying for the whole show and won't be back til ~ &lt;#&gt; , so feel free to go ahead and smoke that $ &lt;#&gt; worth",safe_personal,en,UCI SMS Spam Collection,downloaded_public_dataset
uci_sms_00180,safe,Text her. If she doesnt reply let me know so i can have her log in,safe_personal,en,UCI SMS Spam Collection,downloaded_public_dataset
uci_sms_00181,safe,Hi! You just spoke to MANEESHA V. We'd like to know if you were satisfied with the experience. Reply Toll Free with Yes or No.,safe_personal,en,UCI SMS Spam Collection,downloaded_public_dataset
uci_sms_00182,safe,You lifted my hopes with the offer of money. I am in need. Especially when the end of the month approaches and it hurts my studying. Anyways have a gr8 weekend,safe_personal,en,UCI SMS Spam Collection,downloaded_public_dataset
uci_sms_00183,safe,Lol no. U can trust me.,safe_personal,en,UCI SMS Spam Collection,downloaded_public_dataset
uci_sms_00184,safe,ok. I am a gentleman and will treat you with dignity and respect.,safe_personal,en,UCI SMS Spam Collection,downloaded_public_dataset
uci_sms_00185,safe,"He will, you guys close?",safe_personal,en,UCI SMS Spam Collection,downloaded_public_dataset
uci_sms_00186,safe,Going on nothing great.bye,safe_personal,en,UCI SMS Spam Collection,downloaded_public_dataset
uci_sms_00187,safe,Hello handsome ! Are you finding that job ? Not being lazy ? Working towards getting back that net for mummy ? Where's my boytoy now ? Does he miss me ?,safe_personal,en,UCI SMS Spam Collection,downloaded_public_dataset
uci_sms_00188,safe,"Haha awesome, be there in a minute",safe_personal,en,UCI SMS Spam Collection,downloaded_public_dataset
uci_sms_00189,scam,Please call our customer service representative on FREEPHONE 0808 145 4742 between 9am-11pm as you have WON a guaranteed £1000 cash or £5000 prize!,spam_or_unspecified,en,UCI SMS Spam Collection,downloaded_public_dataset
uci_sms_00190,safe,Have you got Xmas radio times. If not i will get it now,safe_personal,en,UCI SMS Spam Collection,downloaded_public_dataset
uci_sms_00191,safe,I jus reached home. I go bathe first. But my sis using net tell u when she finishes k...,safe_personal,en,UCI SMS Spam Collection,downloaded_public_dataset
uci_sms_00192,scam,Are you unique enough? Find out from 30th August. www.areyouunique.co.uk,spam_or_unspecified,en,UCI SMS Spam Collection,downloaded_public_dataset
uci_sms_00193,safe,I'm sorry. I've joined the league of people that dont keep in touch. You mean a great deal to me. You have been a friend at all times even at great personal cost. Do have a great week.|,safe_personal,en,UCI SMS Spam Collection,downloaded_public_dataset
uci_sms_00194,safe,Hi :)finally i completed the course:),safe_personal,en,UCI SMS Spam Collection,downloaded_public_dataset
uci_sms_00195,safe,It will stop on itself. I however suggest she stays with someone that will be able to give ors for every stool.,safe_personal,en,UCI SMS Spam Collection,downloaded_public_dataset
uci_sms_00196,safe,How are you doing? Hope you've settled in for the new school year. Just wishin you a gr8 day,safe_personal,en,UCI SMS Spam Collection,downloaded_public_dataset
uci_sms_00197,safe,Gud mrng dear hav a nice day,safe_personal,en,UCI SMS Spam Collection,downloaded_public_dataset
uci_sms_00198,safe,Did u got that persons story,safe_personal,en,UCI SMS Spam Collection,downloaded_public_dataset
uci_sms_00199,safe,is your hamster dead? Hey so tmr i meet you at 1pm orchard mrt?,safe_personal,en,UCI SMS Spam Collection,downloaded_public_dataset
uci_sms_00200,safe,Hi its Kate how is your evening? I hope i can see you tomorrow for a bit but i have to bloody babyjontet! Txt back if u can. :) xxx,safe_personal,en,UCI SMS Spam Collection,downloaded_public_dataset
uci_sms_00201,safe,"Found it, ENC &lt;#&gt; , where you at?",safe_personal,en,UCI SMS Spam Collection,downloaded_public_dataset
uci_sms_00202,safe,I sent you &lt;#&gt; bucks,safe_personal,en,UCI SMS Spam Collection,downloaded_public_dataset
uci_sms_00203,safe,Hello darlin ive finished college now so txt me when u finish if u can love Kate xxx,safe_personal,en,UCI SMS Spam Collection,downloaded_public_dataset
uci_sms_00204,safe,Your account has been refilled successfully by INR &lt;DECIMAL&gt; . Your KeralaCircle prepaid account balance is Rs &lt;DECIMAL&gt; . Your Transaction ID is KR &lt;#&gt; .,safe_personal,en,UCI SMS Spam Collection,downloaded_public_dataset
uci_sms_00205,safe,Goodmorning sleeping ga.,safe_personal,en,UCI SMS Spam Collection,downloaded_public_dataset
uci_sms_00206,safe,U call me alter at 11 ok.,safe_personal,en,UCI SMS Spam Collection,downloaded_public_dataset
uci_sms_00207,safe,Ü say until like dat i dun buy ericsson oso cannot oredi lar...,safe_personal,en,UCI SMS Spam Collection,downloaded_public_dataset
uci_sms_00209,safe,"Aight yo, dats straight dogg",safe_personal,en,UCI SMS Spam Collection,downloaded_public_dataset
uci_sms_00210,safe,You please give us connection today itself before &lt;DECIMAL&gt; or refund the bill,safe_personal,en,UCI SMS Spam Collection,downloaded_public_dataset
uci_sms_00211,safe,Both :) i shoot big loads so get ready!,safe_personal,en,UCI SMS Spam Collection,downloaded_public_dataset
uci_sms_00212,safe,"What's up bruv, hope you had a great break. Do have a rewarding semester.",safe_personal,en,UCI SMS Spam Collection,downloaded_public_dataset
uci_sms_00213,safe,Home so we can always chat,safe_personal,en,UCI SMS Spam Collection,downloaded_public_dataset
uci_sms_00214,safe,K:)k:)good:)study well.,safe_personal,en,UCI SMS Spam Collection,downloaded_public_dataset
uci_sms_00215,safe,Yup... How ü noe leh...,safe_personal,en,UCI SMS Spam Collection,downloaded_public_dataset
uci_sms_00216,safe,Sounds great! Are you home now?,safe_personal,en,UCI SMS Spam Collection,downloaded_public_dataset
uci_sms_00217,safe,Finally the match heading towards draw as your prediction.,safe_personal,en,UCI SMS Spam Collection,downloaded_public_dataset
uci_sms_00218,safe,Tired. I haven't slept well the past few nights.,safe_personal,en,UCI SMS Spam Collection,downloaded_public_dataset
uci_sms_00219,safe,Easy ah?sen got selected means its good..,safe_personal,en,UCI SMS Spam Collection,downloaded_public_dataset
uci_sms_00220,safe,I have to take exam with march 3,safe_personal,en,UCI SMS Spam Collection,downloaded_public_dataset
uci_sms_00221,safe,Yeah you should. I think you can use your gt atm now to register. Not sure but if there's anyway i can help let me know. But when you do be sure you are ready.,safe_personal,en,UCI SMS Spam Collection,downloaded_public_dataset
uci_sms_00222,safe,Ok no prob. Take ur time.,safe_personal,en,UCI SMS Spam Collection,downloaded_public_dataset
uci_sms_00223,safe,There is os called ubandu which will run without installing in hard disk...you can use that os to copy the important files in system and give it to repair shop..,safe_personal,en,UCI SMS Spam Collection,downloaded_public_dataset
uci_sms_00225,safe,U say leh... Of course nothing happen lar. Not say v romantic jus a bit only lor. I thk e nite scenery not so nice leh.,safe_personal,en,UCI SMS Spam Collection,downloaded_public_dataset
uci_sms_00226,scam,"500 New Mobiles from 2004, MUST GO! Txt: NOKIA to No: 89545 & collect yours today!From ONLY £1 www.4-tc.biz 2optout 087187262701.50gbp/mtmsg18",spam_or_unspecified,en,UCI SMS Spam Collection,downloaded_public_dataset
uci_sms_00227,safe,Would really appreciate if you call me. Just need someone to talk to.,safe_personal,en,UCI SMS Spam Collection,downloaded_public_dataset
uci_sms_00228,scam,"Will u meet ur dream partner soon? Is ur career off 2 a flyng start? 2 find out free, txt HORO followed by ur star sign, e. g. HORO ARIES",spam_or_unspecified,en,UCI SMS Spam Collection,downloaded_public_dataset
uci_sms_00229,safe,Hey company elama po mudyadhu.,safe_personal,en,UCI SMS Spam Collection,downloaded_public_dataset
uci_sms_00230,safe,"Life is more strict than teacher... Bcoz Teacher teaches lesson &amp; then conducts exam, But Life first conducts Exam &amp; then teaches Lessons. Happy morning. . .",safe_personal,en,UCI SMS Spam Collection,downloaded_public_dataset
uci_sms_00231,safe,Dear good morning now only i am up,safe_personal,en,UCI SMS Spam Collection,downloaded_public_dataset
uci_sms_00232,safe,Get down in gandhipuram and walk to cross cut road. Right side &lt;#&gt; street road and turn at first right.,safe_personal,en,UCI SMS Spam Collection,downloaded_public_dataset
uci_sms_00233,safe,Dear we are going to our rubber place,safe_personal,en,UCI SMS Spam Collection,downloaded_public_dataset
uci_sms_00234,safe,"Sorry battery died, yeah I'm here",safe_personal,en,UCI SMS Spam Collection,downloaded_public_dataset
uci_sms_00235,safe,Yes:)here tv is always available in work place..,safe_personal,en,UCI SMS Spam Collection,downloaded_public_dataset
uci_sms_00236,scam,Text & meet someone sexy today. U can find a date or even flirt its up to U. Join 4 just 10p. REPLY with NAME & AGE eg Sam 25. 18 -msg recd@thirtyeight pence,spam_or_unspecified,en,UCI SMS Spam Collection,downloaded_public_dataset
uci_sms_00237,safe,I have printed it oh. So &lt;#&gt; come upstairs,safe_personal,en,UCI SMS Spam Collection,downloaded_public_dataset
uci_sms_00238,safe,Or ill be a little closer like at the bus stop on the same street,safe_personal,en,UCI SMS Spam Collection,downloaded_public_dataset
uci_sms_00239,safe,Where are you?when wil you reach here?,safe_personal,en,UCI SMS Spam Collection,downloaded_public_dataset
uci_sms_00240,safe,"New Theory: Argument wins d SITUATION, but loses the PERSON. So dont argue with ur friends just.. . . . kick them &amp; say, I'm always correct.!",safe_personal,en,UCI SMS Spam Collection,downloaded_public_dataset
uci_sms_00241,scam,U 447801259231 have a secret admirer who is looking 2 make contact with U-find out who they R*reveal who thinks UR so special-call on 09058094597,spam_or_unspecified,en,UCI SMS Spam Collection,downloaded_public_dataset
uci_sms_00242,safe,Tomarrow final hearing on my laptop case so i cant.,safe_personal,en,UCI SMS Spam Collection,downloaded_public_dataset
uci_sms_00243,safe,PLEASSSSSSSEEEEEE TEL ME V AVENT DONE SPORTSx,safe_personal,en,UCI SMS Spam Collection,downloaded_public_dataset
uci_sms_00244,safe,"Okay. No no, just shining on. That was meant to be signing, but that sounds better.",safe_personal,en,UCI SMS Spam Collection,downloaded_public_dataset
uci_sms_00245,safe,"Although i told u dat i'm into baig face watches now but i really like e watch u gave cos it's fr u. Thanx 4 everything dat u've done today, i'm touched...",safe_personal,en,UCI SMS Spam Collection,downloaded_public_dataset
uci_sms_00246,safe,U don't remember that old commercial?,safe_personal,en,UCI SMS Spam Collection,downloaded_public_dataset
uci_sms_00247,safe,Too late. I said i have the website. I didn't i have or dont have the slippers,safe_personal,en,UCI SMS Spam Collection,downloaded_public_dataset
uci_sms_00248,safe,I asked you to call him now ok,safe_personal,en,UCI SMS Spam Collection,downloaded_public_dataset
uci_sms_00249,safe,Kallis wont bat in 2nd innings.,safe_personal,en,UCI SMS Spam Collection,downloaded_public_dataset
uci_sms_00250,safe,It didnt work again oh. Ok goodnight then. I.ll fix and have it ready by the time you wake up. You are very dearly missed have a good night sleep.,safe_personal,en,UCI SMS Spam Collection,downloaded_public_dataset
uci_sms_00251,scam,Congratulations ur awarded 500 of CD vouchers or 125gift guaranteed & Free entry 2 100 wkly draw txt MUSIC to 87066 TnCs www.Ldew.com1win150ppmx3age16,spam_or_unspecified,en,UCI SMS Spam Collection,downloaded_public_dataset
uci_sms_00252,safe,Ranjith cal drpd Deeraj and deepak 5min hold,safe_personal,en,UCI SMS Spam Collection,downloaded_public_dataset
uci_sms_00253,safe,"Wen ur lovable bcums angry wid u, dnt take it seriously.. Coz being angry is d most childish n true way of showing deep affection, care n luv!.. kettoda manda... Have nice day da.",safe_personal,en,UCI SMS Spam Collection,downloaded_public_dataset
uci_sms_00254,safe,What you doing?how are you?,safe_personal,en,UCI SMS Spam Collection,downloaded_public_dataset
uci_sms_00255,safe,"Ups which is 3days also, and the shipping company that takes 2wks. The other way is usps which takes a week but when it gets to lag you may have to bribe nipost to get your stuff.",safe_personal,en,UCI SMS Spam Collection,downloaded_public_dataset
uci_sms_00256,safe,"I'm back, lemme know when you're ready",safe_personal,en,UCI SMS Spam Collection,downloaded_public_dataset
uci_sms_00257,safe,Don't necessarily expect it to be done before you get back though because I'm just now headin out,safe_personal,en,UCI SMS Spam Collection,downloaded_public_dataset
uci_sms_00258,safe,Mmm so yummy babe ... Nice jolt to the suzy,safe_personal,en,UCI SMS Spam Collection,downloaded_public_dataset
uci_sms_00259,safe,Where are you lover ? I need you ...,safe_personal,en,UCI SMS Spam Collection,downloaded_public_dataset
uci_sms_00260,scam,We tried to contact you re your reply to our offer of a Video Handset? 750 anytime networks mins? UNLIMITED TEXT? Camcorder? Reply or call 08000930705 NOW,spam_or_unspecified,en,UCI SMS Spam Collection,downloaded_public_dataset
uci_sms_00261,safe,I‘m parked next to a MINI!!!! When are you coming in today do you think?,safe_personal,en,UCI SMS Spam Collection,downloaded_public_dataset
uci_sms_00262,safe,Yup,safe_personal,en,UCI SMS Spam Collection,downloaded_public_dataset
uci_sms_00263,safe,Anyway i'm going shopping on my own now. Cos my sis not done yet. Dun disturb u liao.,safe_personal,en,UCI SMS Spam Collection,downloaded_public_dataset
uci_sms_00264,safe,MY NO. IN LUTON 0125698789 RING ME IF UR AROUND! H*,safe_personal,en,UCI SMS Spam Collection,downloaded_public_dataset
uci_sms_00265,scam,Hey I am really horny want to chat or see me naked text hot to 69698 text charged at 150pm to unsubscribe text stop 69698,spam_or_unspecified,en,UCI SMS Spam Collection,downloaded_public_dataset
uci_sms_00266,safe,Why you Dint come with us.,safe_personal,en,UCI SMS Spam Collection,downloaded_public_dataset
uci_sms_00267,safe,Same. Wana plan a trip sometme then,safe_personal,en,UCI SMS Spam Collection,downloaded_public_dataset
uci_sms_00268,safe,"Not sure yet, still trying to get a hold of him",safe_personal,en,UCI SMS Spam Collection,downloaded_public_dataset
uci_sms_00269,scam,Ur ringtone service has changed! 25 Free credits! Go to club4mobiles.com to choose content now! Stop? txt CLUB STOP to 87070. 150p/wk Club4 PO Box1146 MK45 2WT,spam_or_unspecified,en,UCI SMS Spam Collection,downloaded_public_dataset
uci_sms_00270,safe,The evo. I just had to download flash. Jealous?,safe_personal,en,UCI SMS Spam Collection,downloaded_public_dataset
uci_sms_00271,scam,Ringtone Club: Get the UK singles chart on your mobile each week and choose any top quality ringtone! This message is free of charge.,spam_or_unspecified,en,UCI SMS Spam Collection,downloaded_public_dataset
uci_sms_00272,safe,"Come to mu, we're sorting out our narcotics situation",safe_personal,en,UCI SMS Spam Collection,downloaded_public_dataset
uci_sms_00273,safe,"Night has ended for another day, morning has come in a special way. May you smile like the sunny rays and leaves your worries at the blue blue bay.",safe_personal,en,UCI SMS Spam Collection,downloaded_public_dataset
uci_sms_00274,scam,HMV BONUS SPECIAL 500 pounds of genuine HMV vouchers to be won. Just answer 4 easy questions. Play Now! Send HMV to 86688 More info:www.100percent-real.com,spam_or_unspecified,en,UCI SMS Spam Collection,downloaded_public_dataset
uci_sms_00275,safe,"Usf I guess, might as well take 1 car",safe_personal,en,UCI SMS Spam Collection,downloaded_public_dataset
uci_sms_00276,safe,No objection. My bf not coming.,safe_personal,en,UCI SMS Spam Collection,downloaded_public_dataset
uci_sms_00277,safe,Thanx...,safe_personal,en,UCI SMS Spam Collection,downloaded_public_dataset
uci_sms_00278,safe,Tell rob to mack his gf in the theater,safe_personal,en,UCI SMS Spam Collection,downloaded_public_dataset
uci_sms_00279,safe,"Awesome, I'll see you in a bit",safe_personal,en,UCI SMS Spam Collection,downloaded_public_dataset
uci_sms_00280,safe,Just sent it. So what type of food do you like?,safe_personal,en,UCI SMS Spam Collection,downloaded_public_dataset
uci_sms_00281,safe,All done? All handed in? Celebrations in full swing yet?,safe_personal,en,UCI SMS Spam Collection,downloaded_public_dataset
uci_sms_00282,safe,You got called a tool?,safe_personal,en,UCI SMS Spam Collection,downloaded_public_dataset
uci_sms_00283,safe,"Wen u miss someone, the person is definitely special for u..... But if the person is so special, why to miss them, just Keep-in-touch gdeve..",safe_personal,en,UCI SMS Spam Collection,downloaded_public_dataset
uci_sms_00284,safe,Ok. I asked for money how far,safe_personal,en,UCI SMS Spam Collection,downloaded_public_dataset
uci_sms_00285,safe,Okie...,safe_personal,en,UCI SMS Spam Collection,downloaded_public_dataset
uci_sms_00286,safe,"Yeah I think my usual guy's still passed out from last night, if you get ahold of anybody let me know and I'll throw down",safe_personal,en,UCI SMS Spam Collection,downloaded_public_dataset
uci_sms_00287,safe,"K, I might come by tonight then if my class lets out early",safe_personal,en,UCI SMS Spam Collection,downloaded_public_dataset
uci_sms_00288,safe,Ok..,safe_personal,en,UCI SMS Spam Collection,downloaded_public_dataset
uci_sms_00289,safe,hi baby im cruisin with my girl friend what r u up 2? give me a call in and hour at home if thats alright or fone me on this fone now love jenny xxx,safe_personal,en,UCI SMS Spam Collection,downloaded_public_dataset
uci_sms_00290,safe,"My life Means a lot to me, Not because I love my life, But because I love the people in my life, The world calls them friends, I call them my World:-).. Ge:-)..",safe_personal,en,UCI SMS Spam Collection,downloaded_public_dataset
uci_sms_00291,safe,"Dear,shall mail tonite.busy in the street,shall update you tonite.things are looking ok.varunnathu edukkukayee raksha ollu.but a good one in real sense.",safe_personal,en,UCI SMS Spam Collection,downloaded_public_dataset
uci_sms_00292,safe,Hey you told your name to gautham ah?,safe_personal,en,UCI SMS Spam Collection,downloaded_public_dataset
uci_sms_00293,safe,Haf u found him? I feel so stupid da v cam was working.,safe_personal,en,UCI SMS Spam Collection,downloaded_public_dataset
uci_sms_00294,safe,Oops. 4 got that bit.,safe_personal,en,UCI SMS Spam Collection,downloaded_public_dataset
uci_sms_00295,safe,Are you this much buzy,safe_personal,en,UCI SMS Spam Collection,downloaded_public_dataset
uci_sms_00296,safe,I accidentally deleted the message. Resend please.,safe_personal,en,UCI SMS Spam Collection,downloaded_public_dataset
uci_sms_00297,scam,T-Mobile customer you may now claim your FREE CAMERA PHONE upgrade & a pay & go sim card for your loyalty. Call on 0845 021 3680.Offer ends 28thFeb.T&C's apply,spam_or_unspecified,en,UCI SMS Spam Collection,downloaded_public_dataset
uci_sms_00298,safe,Unless it's a situation where YOU GO GURL would be more appropriate,safe_personal,en,UCI SMS Spam Collection,downloaded_public_dataset
uci_sms_00299,safe,Hurt me... Tease me... Make me cry... But in the end of my life when i die plz keep one rose on my grave and say STUPID I MISS U.. HAVE A NICE DAY BSLVYL,safe_personal,en,UCI SMS Spam Collection,downloaded_public_dataset
uci_sms_00300,safe,I cant pick the phone right now. Pls send a message,safe_personal,en,UCI SMS Spam Collection,downloaded_public_dataset
uci_sms_00301,safe,Need a coffee run tomo?Can't believe it's that time of week already,safe_personal,en,UCI SMS Spam Collection,downloaded_public_dataset
uci_sms_00302,safe,"Awesome, I remember the last time we got somebody high for the first time with diesel :V",safe_personal,en,UCI SMS Spam Collection,downloaded_public_dataset
uci_sms_00303,safe,"Shit that is really shocking and scary, cant imagine for a second. Def up for night out. Do u think there is somewhere i could crash for night, save on taxi?",safe_personal,en,UCI SMS Spam Collection,downloaded_public_dataset
uci_sms_00304,safe,Oh and by the way you do have more food in your fridge! Want to go out for a meal tonight?,safe_personal,en,UCI SMS Spam Collection,downloaded_public_dataset
uci_sms_00305,safe,He is a womdarfull actor,safe_personal,en,UCI SMS Spam Collection,downloaded_public_dataset
uci_sms_00306,scam,"SMS. ac Blind Date 4U!: Rodds1 is 21/m from Aberdeen, United Kingdom. Check Him out http://img. sms. ac/W/icmb3cktz8r7!-4 no Blind Dates send HIDE",spam_or_unspecified,en,UCI SMS Spam Collection,downloaded_public_dataset
uci_sms_00307,safe,Yup... From what i remb... I think should be can book...,safe_personal,en,UCI SMS Spam Collection,downloaded_public_dataset
uci_sms_00308,safe,Jos ask if u wana meet up?,safe_personal,en,UCI SMS Spam Collection,downloaded_public_dataset
uci_sms_00309,safe,Lol yes. Our friendship is hanging on a thread cause u won't buy stuff.,safe_personal,en,UCI SMS Spam Collection,downloaded_public_dataset
uci_sms_00310,scam,"TheMob> Check out our newest selection of content, Games, Tones, Gossip, babes and sport, Keep your mobile fit and funky text WAP to 82468",spam_or_unspecified,en,UCI SMS Spam Collection,downloaded_public_dataset
uci_sms_00311,safe,Where are the garage keys? They aren't on the bookshelf,safe_personal,en,UCI SMS Spam Collection,downloaded_public_dataset
uci_sms_00312,safe,Today is ACCEPT DAY..U Accept me as? Brother Sister Lover Dear1 Best1 Clos1 Lvblefrnd Jstfrnd Cutefrnd Lifpartnr Belovd Swtheart Bstfrnd No rply means enemy,safe_personal,en,UCI SMS Spam Collection,downloaded_public_dataset
uci_sms_00313,scam,"Think ur smart ? Win £200 this week in our weekly quiz, text PLAY to 85222 now!T&Cs WinnersClub PO BOX 84, M26 3UZ. 16+. GBP1.50/week",spam_or_unspecified,en,UCI SMS Spam Collection,downloaded_public_dataset
uci_sms_00314,safe,He says he'll give me a call when his friend's got the money but that he's definitely buying before the end of the week,safe_personal,en,UCI SMS Spam Collection,downloaded_public_dataset
uci_sms_00315,safe,"Hi the way I was with u 2day, is the normal way&this is the real me. UR unique&I hope I know u 4 the rest of mylife. Hope u find wot was lost.",safe_personal,en,UCI SMS Spam Collection,downloaded_public_dataset
uci_sms_00316,safe,You made my day. Do have a great day too.,safe_personal,en,UCI SMS Spam Collection,downloaded_public_dataset
uci_sms_00317,safe,K.k:)advance happy pongal.,safe_personal,en,UCI SMS Spam Collection,downloaded_public_dataset
uci_sms_00318,safe,"Hmmm... Guess we can go 4 kb n power yoga... Haha, dunno we can tahan power yoga anot... Thk got lo oso, forgot liao...",safe_personal,en,UCI SMS Spam Collection,downloaded_public_dataset
uci_sms_00319,safe,"Not really dude, have no friends i'm afraid :(",safe_personal,en,UCI SMS Spam Collection,downloaded_public_dataset
uci_sms_00320,scam,December only! Had your mobile 11mths+? You are entitled to update to the latest colour camera mobile for Free! Call The Mobile Update Co FREE on 08002986906,spam_or_unspecified,en,UCI SMS Spam Collection,downloaded_public_dataset
uci_sms_00321,safe,"Coffee cake, i guess...",safe_personal,en,UCI SMS Spam Collection,downloaded_public_dataset
uci_sms_00322,safe,"Merry Christmas to you too babe, i love ya *kisses*",safe_personal,en,UCI SMS Spam Collection,downloaded_public_dataset
uci_sms_00323,safe,Hey... Why dont we just go watch x men and have lunch... Haha,safe_personal,en,UCI SMS Spam Collection,downloaded_public_dataset
uci_sms_00324,safe,cud u tell ppl im gona b a bit l8 cos 2 buses hav gon past cos they were full & im still waitin 4 1. Pete x,safe_personal,en,UCI SMS Spam Collection,downloaded_public_dataset
uci_sms_00325,safe,That would be great. We'll be at the Guild. Could meet on Bristol road or somewhere - will get in touch over weekend. Our plans take flight! Have a good week,safe_personal,en,UCI SMS Spam Collection,downloaded_public_dataset
uci_sms_00326,safe,No problem. How are you doing?,safe_personal,en,UCI SMS Spam Collection,downloaded_public_dataset
uci_sms_00328,safe,Hi da:)how is the todays class?,safe_personal,en,UCI SMS Spam Collection,downloaded_public_dataset
uci_sms_00329,safe,"I'd say that's a good sign but, well, you know my track record at reading women",safe_personal,en,UCI SMS Spam Collection,downloaded_public_dataset
uci_sms_00330,safe,"Cool, text me when you're parked",safe_personal,en,UCI SMS Spam Collection,downloaded_public_dataset
uci_sms_00331,safe,I'm reading the text i just sent you. Its meant to be a joke. So read it in that light,safe_personal,en,UCI SMS Spam Collection,downloaded_public_dataset
uci_sms_00332,safe,K.k:)apo k.good movie.,safe_personal,en,UCI SMS Spam Collection,downloaded_public_dataset
uci_sms_00333,safe,Maybe i could get book out tomo then return it immediately ..? Or something.,safe_personal,en,UCI SMS Spam Collection,downloaded_public_dataset
uci_sms_00334,scam,Call Germany for only 1 pence per minute! Call from a fixed line via access number 0844 861 85 85. No prepayment. Direct access!,spam_or_unspecified,en,UCI SMS Spam Collection,downloaded_public_dataset
uci_sms_00335,safe,Any chance you might have had with me evaporated as soon as you violated my privacy by stealing my phone number from your employer's paperwork. Not cool at all. Please do not contact me again or I will report you to your supervisor.,safe_personal,en,UCI SMS Spam Collection,downloaded_public_dataset
uci_sms_00336,scam,Valentines Day Special! Win over £1000 in our quiz and take your partner on the trip of a lifetime! Send GO to 83600 now. 150p/msg rcvd. CustCare:08718720201.,spam_or_unspecified,en,UCI SMS Spam Collection,downloaded_public_dataset
uci_sms_00337,safe,"Ta-Daaaaa! I am home babe, are you still up ?",safe_personal,en,UCI SMS Spam Collection,downloaded_public_dataset
uci_sms_00338,safe,Cool. So how come you havent been wined and dined before?,safe_personal,en,UCI SMS Spam Collection,downloaded_public_dataset
uci_sms_00339,safe,Just sleeping..and surfing,safe_personal,en,UCI SMS Spam Collection,downloaded_public_dataset
uci_sms_00341,safe,U calling me right? Call my hand phone...,safe_personal,en,UCI SMS Spam Collection,downloaded_public_dataset
uci_sms_00342,safe,Ok that's great thanx a lot.,safe_personal,en,UCI SMS Spam Collection,downloaded_public_dataset
uci_sms_00343,safe,I take it the post has come then! You must have 1000s of texts now! Happy reading. My one from wiv hello caroline at the end is my favourite. Bless him,safe_personal,en,UCI SMS Spam Collection,downloaded_public_dataset
uci_sms_00344,safe,Where u been hiding stranger?,safe_personal,en,UCI SMS Spam Collection,downloaded_public_dataset
uci_sms_00345,safe,Am not interested to do like that.,safe_personal,en,UCI SMS Spam Collection,downloaded_public_dataset
uci_sms_00346,safe,My sister cleared two round in birla soft yesterday.,safe_personal,en,UCI SMS Spam Collection,downloaded_public_dataset
uci_sms_00347,safe,Gudnite....tc...practice going on,safe_personal,en,UCI SMS Spam Collection,downloaded_public_dataset
uci_sms_00348,safe,Dis is yijue. I jus saw ur mail. In case huiming havent sent u my num. Dis is my num.,safe_personal,en,UCI SMS Spam Collection,downloaded_public_dataset
uci_sms_00349,safe,One small prestige problem now.,safe_personal,en,UCI SMS Spam Collection,downloaded_public_dataset
uci_sms_00350,scam,Fancy a shag? I do.Interested? sextextuk.com txt XXUK SUZY to 69876. Txts cost 1.50 per msg. TnCs on website. X,spam_or_unspecified,en,UCI SMS Spam Collection,downloaded_public_dataset
uci_sms_00351,safe,Just checking in on you. Really do miss seeing Jeremiah. Do have a great month,safe_personal,en,UCI SMS Spam Collection,downloaded_public_dataset
uci_sms_00352,safe,"Nah can't help you there, I've never had an iphone",safe_personal,en,UCI SMS Spam Collection,downloaded_public_dataset
uci_sms_00353,safe,If you're not in my car in an hour and a half I'm going apeshit,safe_personal,en,UCI SMS Spam Collection,downloaded_public_dataset
uci_sms_00354,safe,"TODAY is Sorry day.! If ever i was angry with you, if ever i misbehaved or hurt you? plz plz JUST SLAP URSELF Bcoz, Its ur fault, I'm basically GOOD",safe_personal,en,UCI SMS Spam Collection,downloaded_public_dataset
uci_sms_00355,safe,Yo you guys ever figure out how much we need for alcohol? Jay and I are trying to figure out how much we can safely spend on weed,safe_personal,en,UCI SMS Spam Collection,downloaded_public_dataset
uci_sms_00356,safe,&lt;#&gt; ISH MINUTES WAS 5 MINUTES AGO. WTF.,safe_personal,en,UCI SMS Spam Collection,downloaded_public_dataset
uci_sms_00357,safe,"Thank You for calling.Forgot to say Happy Onam to you Sirji.I am fine here and remembered you when i met an insurance person.Meet You in Qatar Insha Allah.Rakhesh, ex Tata AIG who joined TISSCO,Tayseer.",safe_personal,en,UCI SMS Spam Collection,downloaded_public_dataset
uci_sms_00359,scam,Ur cash-balance is currently 500 pounds - to maximize ur cash-in now send CASH to 86688 only 150p/msg. CC: 08708800282 HG/Suite342/2Lands Row/W1J6HL,spam_or_unspecified,en,UCI SMS Spam Collection,downloaded_public_dataset
uci_sms_00360,safe,"I'm an actor. When i work, i work in the evening and sleep late. Since i'm unemployed at the moment, i ALWAYS sleep late. When you're unemployed, every day is saturday.",safe_personal,en,UCI SMS Spam Collection,downloaded_public_dataset
uci_sms_00361,safe,"Hello! Just got here, st andrews-boy its a long way! Its cold. I will keep you posted",safe_personal,en,UCI SMS Spam Collection,downloaded_public_dataset
uci_sms_00362,safe,Ha ha cool cool chikku chikku:-):-DB-),safe_personal,en,UCI SMS Spam Collection,downloaded_public_dataset
uci_sms_00363,safe,Oh ok no prob..,safe_personal,en,UCI SMS Spam Collection,downloaded_public_dataset
uci_sms_00364,safe,Check audrey's status right now,safe_personal,en,UCI SMS Spam Collection,downloaded_public_dataset
uci_sms_00365,safe,Busy here. Trying to finish for new year. I am looking forward to finally meeting you...,safe_personal,en,UCI SMS Spam Collection,downloaded_public_dataset
uci_sms_00366,safe,"Good afternoon sunshine! How dawns that day ? Are we refreshed and happy to be alive? Do we breathe in the air and smile ? I think of you, my love ... As always",safe_personal,en,UCI SMS Spam Collection,downloaded_public_dataset
uci_sms_00367,safe,Well i know Z will take care of me. So no worries.,safe_personal,en,UCI SMS Spam Collection,downloaded_public_dataset
uci_sms_00368,scam,"Update_Now - Xmas Offer! Latest Motorola, SonyEricsson & Nokia & FREE Bluetooth! Double Mins & 1000 Txt on Orange. Call MobileUpd8 on 08000839402 or call2optout/F4Q=",spam_or_unspecified,en,UCI SMS Spam Collection,downloaded_public_dataset
uci_sms_00369,scam,Here is your discount code RP176781. To stop further messages reply stop. www.regalportfolio.co.uk. Customer Services 08717205546,spam_or_unspecified,en,UCI SMS Spam Collection,downloaded_public_dataset
uci_sms_00370,safe,Wat uniform? In where get?,safe_personal,en,UCI SMS Spam Collection,downloaded_public_dataset
uci_sms_00371,safe,"Cool, text me when you're ready",safe_personal,en,UCI SMS Spam Collection,downloaded_public_dataset
uci_sms_00372,safe,"Hello my boytoy ... Geeee I miss you already and I just woke up. I wish you were here in bed with me, cuddling me. I love you ...",safe_personal,en,UCI SMS Spam Collection,downloaded_public_dataset
uci_sms_00373,safe,I will spoil you in bed as well :),safe_personal,en,UCI SMS Spam Collection,downloaded_public_dataset
uci_sms_00374,safe,I'm going for bath will msg you next &lt;#&gt; min..,safe_personal,en,UCI SMS Spam Collection,downloaded_public_dataset
uci_sms_00375,safe,I cant keep talking to people if am not sure i can pay them if they agree to price. So pls tell me what you want to really buy and how much you are willing to pay,safe_personal,en,UCI SMS Spam Collection,downloaded_public_dataset
uci_sms_00376,scam,"Thanks for your Ringtone Order, Reference T91. You will be charged GBP 4 per week. You can unsubscribe at anytime by calling customer services on 09057039994",spam_or_unspecified,en,UCI SMS Spam Collection,downloaded_public_dataset
uci_sms_00377,safe,Can you say what happen,safe_personal,en,UCI SMS Spam Collection,downloaded_public_dataset
uci_sms_00378,safe,You could have seen me..i did't recognise you Face.:),safe_personal,en,UCI SMS Spam Collection,downloaded_public_dataset
uci_sms_00379,safe,Well there's not a lot of things happening in Lindsay on New years *sighs* Some bars in Ptbo and the blue heron has something going,safe_personal,en,UCI SMS Spam Collection,downloaded_public_dataset
uci_sms_00380,safe,Keep my payasam there if rinu brings,safe_personal,en,UCI SMS Spam Collection,downloaded_public_dataset
uci_sms_00381,safe,I taught that Ranjith sir called me. So only i sms like that. Becaus hes verifying about project. Prabu told today so only pa dont mistake me..,safe_personal,en,UCI SMS Spam Collection,downloaded_public_dataset
uci_sms_00382,safe,"I guess that's why you re worried. You must know that there's a way the body repairs itself. And i'm quite sure you shouldn't worry. We'll take it slow. First the tests, they will guide when your ovulation is then just relax. Nothing you've said is a reason to worry but i.ll keep on followin you up.",safe_personal,en,UCI SMS Spam Collection,downloaded_public_dataset
uci_sms_00383,safe,"Yeah sure, give me a couple minutes to track down my wallet",safe_personal,en,UCI SMS Spam Collection,downloaded_public_dataset
uci_sms_00384,safe,Hey leave it. not a big deal:-) take care.,safe_personal,en,UCI SMS Spam Collection,downloaded_public_dataset
uci_sms_00385,safe,Hey i will be late ah... Meet you at 945+,safe_personal,en,UCI SMS Spam Collection,downloaded_public_dataset
uci_sms_00386,scam,"Double mins and txts 4 6months FREE Bluetooth on Orange. Available on Sony, Nokia Motorola phones. Call MobileUpd8 on 08000839402 or call2optout/N9DX",spam_or_unspecified,en,UCI SMS Spam Collection,downloaded_public_dataset
uci_sms_00387,safe,It took Mr owl 3 licks,safe_personal,en,UCI SMS Spam Collection,downloaded_public_dataset
uci_sms_00388,safe,Customer place i will call you.,safe_personal,en,UCI SMS Spam Collection,downloaded_public_dataset
uci_sms_00389,safe,Mm that time you dont like fun,safe_personal,en,UCI SMS Spam Collection,downloaded_public_dataset
uci_sms_00390,scam,4mths half price Orange line rental & latest camera phones 4 FREE. Had your phone 11mths ? Call MobilesDirect free on 08000938767 to update now! or2stoptxt,spam_or_unspecified,en,UCI SMS Spam Collection,downloaded_public_dataset
uci_sms_00391,safe,Yup having my lunch buffet now.. U eat already?,safe_personal,en,UCI SMS Spam Collection,downloaded_public_dataset
uci_sms_00392,safe,Huh so late... Fr dinner?,safe_personal,en,UCI SMS Spam Collection,downloaded_public_dataset
uci_sms_00393,safe,Hey so this sat are we going for the intro pilates only? Or the kickboxing too?,safe_personal,en,UCI SMS Spam Collection,downloaded_public_dataset
uci_sms_00394,safe,Morning only i can ok.,safe_personal,en,UCI SMS Spam Collection,downloaded_public_dataset
uci_sms_00395,safe,Yes i think so. I am in office but my lap is in room i think thats on for the last few days. I didnt shut that down,safe_personal,en,UCI SMS Spam Collection,downloaded_public_dataset
uci_sms_00396,safe,Pick you up bout 7.30ish? What time are and that going?,safe_personal,en,UCI SMS Spam Collection,downloaded_public_dataset
uci_sms_00397,safe,From here after The performance award is calculated every two month.not for current one month period..,safe_personal,en,UCI SMS Spam Collection,downloaded_public_dataset
uci_sms_00398,safe,Was actually sleeping and still might when u call back. So a text is gr8. You rock sis. Will send u a text wen i wake.,safe_personal,en,UCI SMS Spam Collection,downloaded_public_dataset
uci_sms_00399,safe,"You are always putting your business out there. You put pictures of your ass on facebook. You are one of the most open people i've ever met. Why would i think a picture of your room would hurt you, make you feel violated.",safe_personal,en,UCI SMS Spam Collection,downloaded_public_dataset
uci_sms_00400,safe,"Good evening Sir, Al Salam Wahleykkum.sharing a happy news.By the grace of God, i got an offer from Tayseer,TISSCO and i joined.Hope you are fine.Inshah Allah,meet you sometime.Rakhesh,visitor from India.",safe_personal,en,UCI SMS Spam Collection,downloaded_public_dataset
uci_sms_00401,safe,Hmmm...k...but i want to change the field quickly da:-)i wanna get system administrator or network administrator..,safe_personal,en,UCI SMS Spam Collection,downloaded_public_dataset
uci_sms_00402,scam,"FREE RINGTONE text FIRST to 87131 for a poly or text GET to 87131 for a true tone! Help? 0845 2814032 16 after 1st free, tones are 3x£150pw to e£nd txt stop",spam_or_unspecified,en,UCI SMS Spam Collection,downloaded_public_dataset
uci_sms_00403,safe,Dear how is chechi. Did you talk to her,safe_personal,en,UCI SMS Spam Collection,downloaded_public_dataset
uci_sms_00404,safe,The hair cream has not been shipped.,safe_personal,en,UCI SMS Spam Collection,downloaded_public_dataset
uci_sms_00405,safe,None of that's happening til you get here though,safe_personal,en,UCI SMS Spam Collection,downloaded_public_dataset
uci_sms_00406,safe,"Yep, the great loxahatchee xmas tree burning of &lt;#&gt; starts in an hour",safe_personal,en,UCI SMS Spam Collection,downloaded_public_dataset
uci_sms_00407,safe,"Haha get used to driving to usf man, I know a lot of stoners",safe_personal,en,UCI SMS Spam Collection,downloaded_public_dataset
uci_sms_00408,safe,All was well until slightly disastrous class this pm with my fav darlings! Hope day off ok. Coffee wld be good as can't stay late tomorrow. Same time + place as always?,safe_personal,en,UCI SMS Spam Collection,downloaded_public_dataset
uci_sms_00409,safe,Hello! Good week? Fancy a drink or something later?,safe_personal,en,UCI SMS Spam Collection,downloaded_public_dataset
uci_sms_00410,safe,Headin towards busetop,safe_personal,en,UCI SMS Spam Collection,downloaded_public_dataset
uci_sms_00411,safe,Message:some text missing* Sender:Name Missing* *Number Missing *Sent:Date missing *Missing U a lot thats y everything is missing sent via fullonsms.com,safe_personal,en,UCI SMS Spam Collection,downloaded_public_dataset
uci_sms_00412,safe,Come by our room at some point so we can iron out the plan for this weekend,safe_personal,en,UCI SMS Spam Collection,downloaded_public_dataset
uci_sms_00413,safe,Cos i want it to be your thing,safe_personal,en,UCI SMS Spam Collection,downloaded_public_dataset
uci_sms_00414,safe,"Okies... I'll go yan jiu too... We can skip ard oso, go cine den go mrt one, blah blah blah...",safe_personal,en,UCI SMS Spam Collection,downloaded_public_dataset
uci_sms_00415,safe,Bring home some Wendy =D,safe_personal,en,UCI SMS Spam Collection,downloaded_public_dataset
uci_sms_00416,scam,100 dating service cal;l 09064012103 box334sk38ch,spam_or_unspecified,en,UCI SMS Spam Collection,downloaded_public_dataset
uci_sms_00417,safe,Whatsup there. Dont u want to sleep,safe_personal,en,UCI SMS Spam Collection,downloaded_public_dataset
uci_sms_00418,safe,Alright i have a new goal now,safe_personal,en,UCI SMS Spam Collection,downloaded_public_dataset
uci_sms_00419,scam,FREE entry into our £250 weekly competition just text the word WIN to 80086 NOW. 18 T&C www.txttowin.co.uk,spam_or_unspecified,en,UCI SMS Spam Collection,downloaded_public_dataset
uci_sms_00420,safe,"Alright, I'll head out in a few minutes, text me where to meet you",safe_personal,en,UCI SMS Spam Collection,downloaded_public_dataset
uci_sms_00421,scam,Send a logo 2 ur lover - 2 names joined by a heart. Txt LOVE NAME1 NAME2 MOBNO eg LOVE ADAM EVE 07123456789 to 87077 Yahoo! POBox36504W45WQ TxtNO 4 no ads 150p,spam_or_unspecified,en,UCI SMS Spam Collection,downloaded_public_dataset
uci_sms_00422,safe,Yes:)from last week itself i'm taking live call.,safe_personal,en,UCI SMS Spam Collection,downloaded_public_dataset
uci_sms_00423,scam,Someone has contacted our dating service and entered your phone because they fancy you! To find out who it is call from a landline 09111032124 . PoBox12n146tf150p,spam_or_unspecified,en,UCI SMS Spam Collection,downloaded_public_dataset
uci_sms_00424,safe,Siva is in hostel aha:-.,safe_personal,en,UCI SMS Spam Collection,downloaded_public_dataset
uci_sms_00425,scam,URGENT! Your Mobile number has been awarded with a £2000 prize GUARANTEED. Call 09058094455 from land line. Claim 3030. Valid 12hrs only,spam_or_unspecified,en,UCI SMS Spam Collection,downloaded_public_dataset
uci_sms_00426,safe,Send this to ur friends and receive something about ur voice..... How is my speaking expression? 1.childish 2.naughty 3.Sentiment 4.rowdy 5.ful of attitude 6.romantic 7.shy 8.Attractive 9.funny &lt;#&gt; .irritating &lt;#&gt; .lovable. reply me..,safe_personal,en,UCI SMS Spam Collection,downloaded_public_dataset
uci_sms_00427,safe,Ok. She'll be ok. I guess,safe_personal,en,UCI SMS Spam Collection,downloaded_public_dataset
uci_sms_00428,safe,aathi..where are you dear..,safe_personal,en,UCI SMS Spam Collection,downloaded_public_dataset
uci_sms_00429,safe,Any pain on urination any thing else?,safe_personal,en,UCI SMS Spam Collection,downloaded_public_dataset
uci_sms_00430,safe,7 at esplanade.. Do ü mind giving me a lift cos i got no car today..,safe_personal,en,UCI SMS Spam Collection,downloaded_public_dataset
uci_sms_00431,safe,I wnt to buy a BMW car urgently..its vry urgent.but hv a shortage of &lt;#&gt; Lacs.there is no source to arng dis amt. &lt;#&gt; lacs..thats my prob,safe_personal,en,UCI SMS Spam Collection,downloaded_public_dataset
uci_sms_00432,safe,At home watching tv lor.,safe_personal,en,UCI SMS Spam Collection,downloaded_public_dataset
uci_sms_00433,safe,Does she usually take fifteen fucking minutes to respond to a yes or no question,safe_personal,en,UCI SMS Spam Collection,downloaded_public_dataset
uci_sms_00434,scam,Congrats! Nokia 3650 video camera phone is your Call 09066382422 Calls cost 150ppm Ave call 3mins vary from mobiles 16+ Close 300603 post BCM4284 Ldn WC1N3XX,spam_or_unspecified,en,UCI SMS Spam Collection,downloaded_public_dataset
uci_sms_00435,safe,Booked ticket for pongal?,safe_personal,en,UCI SMS Spam Collection,downloaded_public_dataset
uci_sms_00436,safe,You available now? I'm like right around hillsborough &amp; &lt;#&gt; th,safe_personal,en,UCI SMS Spam Collection,downloaded_public_dataset
uci_sms_00437,safe,The message sent is askin for &lt;#&gt; dollars. Shoul i pay &lt;#&gt; or &lt;#&gt; ?,safe_personal,en,UCI SMS Spam Collection,downloaded_public_dataset
uci_sms_00438,safe,"Ask g or iouri, I've told the story like ten times already",safe_personal,en,UCI SMS Spam Collection,downloaded_public_dataset
uci_sms_00439,safe,How long does applebees fucking take,safe_personal,en,UCI SMS Spam Collection,downloaded_public_dataset
uci_sms_00440,safe,"Hi hope u get this txt~journey hasnt been gd,now about 50 mins late I think.",safe_personal,en,UCI SMS Spam Collection,downloaded_public_dataset
uci_sms_00441,safe,But i have to. I like to have love and arrange.,safe_personal,en,UCI SMS Spam Collection,downloaded_public_dataset
uci_sms_00442,safe,Yes..he is really great..bhaji told kallis best cricketer after sachin in world:).very tough to get out.,safe_personal,en,UCI SMS Spam Collection,downloaded_public_dataset
uci_sms_00443,safe,You were supposed to wake ME up &gt;:(,safe_personal,en,UCI SMS Spam Collection,downloaded_public_dataset
uci_sms_00444,safe,Oic... I saw him too but i tot he din c me... I found a group liao...,safe_personal,en,UCI SMS Spam Collection,downloaded_public_dataset
uci_sms_00446,safe,"HEY HEY WERETHE MONKEESPEOPLE SAY WE MONKEYAROUND! HOWDY GORGEOUS, HOWU DOIN? FOUNDURSELF A JOBYET SAUSAGE?LOVE JEN XXX",safe_personal,en,UCI SMS Spam Collection,downloaded_public_dataset
uci_sms_00447,safe,"Sorry, my battery died, I can come by but I'm only getting a gram for now, where's your place?",safe_personal,en,UCI SMS Spam Collection,downloaded_public_dataset
uci_sms_00448,safe,"Well done, blimey, exercise, yeah, i kinda remember wot that is, hmm.",safe_personal,en,UCI SMS Spam Collection,downloaded_public_dataset
uci_sms_00449,safe,I wont get concentration dear you know you are my mind and everything :-),safe_personal,en,UCI SMS Spam Collection,downloaded_public_dataset
uci_sms_00450,safe,LOL ... Have you made plans for new years?,safe_personal,en,UCI SMS Spam Collection,downloaded_public_dataset
uci_sms_00451,safe,10 min later k...,safe_personal,en,UCI SMS Spam Collection,downloaded_public_dataset
uci_sms_00452,safe,hanks lotsly!,safe_personal,en,UCI SMS Spam Collection,downloaded_public_dataset
uci_sms_00453,safe,Thanks for this hope you had a good day today,safe_personal,en,UCI SMS Spam Collection,downloaded_public_dataset
uci_sms_00454,safe,K:)k:)what are detail you want to transfer?acc no enough?,safe_personal,en,UCI SMS Spam Collection,downloaded_public_dataset
uci_sms_00455,safe,Ok i will tell her to stay out. Yeah its been tough but we are optimistic things will improve this month.,safe_personal,en,UCI SMS Spam Collection,downloaded_public_dataset
uci_sms_00456,scam,"Loan for any purpose £500 - £75,000. Homeowners + Tenants welcome. Have you been previously refused? We can still help. Call Free 0800 1956669 or text back 'help'",spam_or_unspecified,en,UCI SMS Spam Collection,downloaded_public_dataset
uci_sms_00457,safe,Si si. I think ill go make those oreo truffles.,safe_personal,en,UCI SMS Spam Collection,downloaded_public_dataset
uci_sms_00458,safe,"LOOK AT AMY URE A BEAUTIFUL, INTELLIGENT WOMAN AND I LIKE U A LOT. I KNOW U DONT LIKE ME LIKE THAT SO DONT WORRY.",safe_personal,en,UCI SMS Spam Collection,downloaded_public_dataset
uci_sms_00459,safe,I hope you that's the result of being consistently intelligent and kind. Start asking him about practicum links and keep your ears open and all the best. ttyl,safe_personal,en,UCI SMS Spam Collection,downloaded_public_dataset
uci_sms_00460,safe,"1.20 that call cost. Which i guess isnt bad. Miss ya, need ya, want ya, love ya",safe_personal,en,UCI SMS Spam Collection,downloaded_public_dataset
uci_sms_00461,safe,Going thru a very different feeling.wavering decisions and coping up with the same is the same individual.time will heal everything i believe.,safe_personal,en,UCI SMS Spam Collection,downloaded_public_dataset
uci_sms_00462,safe,Where did u go? My phone is gonna die you have to stay in here,safe_personal,en,UCI SMS Spam Collection,downloaded_public_dataset
uci_sms_00463,safe,Great. Never been better. Each day gives even more reasons to thank God,safe_personal,en,UCI SMS Spam Collection,downloaded_public_dataset
uci_sms_00464,scam,"UpgrdCentre Orange customer, you may now claim your FREE CAMERA PHONE upgrade for your loyalty. Call now on 0207 153 9153. Offer ends 26th July. T&C's apply. Opt-out available",spam_or_unspecified,en,UCI SMS Spam Collection,downloaded_public_dataset
uci_sms_00465,safe,"Sorry, I'll call later ok bye",safe_personal,en,UCI SMS Spam Collection,downloaded_public_dataset
uci_sms_00466,safe,Ok i am on the way to railway,safe_personal,en,UCI SMS Spam Collection,downloaded_public_dataset
uci_sms_00467,safe,great princess! I love giving and receiving oral. Doggy style is my fave position. How about you? I enjoy making love &lt;#&gt; times per night :),safe_personal,en,UCI SMS Spam Collection,downloaded_public_dataset
uci_sms_00468,safe,They don't put that stuff on the roads to keep it from getting slippery over there?,safe_personal,en,UCI SMS Spam Collection,downloaded_public_dataset
uci_sms_00469,safe,When are you going to ride your bike?,safe_personal,en,UCI SMS Spam Collection,downloaded_public_dataset
uci_sms_00470,safe,"Yup, no need. I'll jus wait 4 e rain 2 stop.",safe_personal,en,UCI SMS Spam Collection,downloaded_public_dataset
uci_sms_00471,safe,There are many company. Tell me the language.,safe_personal,en,UCI SMS Spam Collection,downloaded_public_dataset
uci_sms_00472,scam,okmail: Dear Dave this is your final notice to collect your 4* Tenerife Holiday or #5000 CASH award! Call 09061743806 from landline. TCs SAE Box326 CW25WX 150ppm,spam_or_unspecified,en,UCI SMS Spam Collection,downloaded_public_dataset
uci_sms_00473,safe,"How long has it been since you screamed, princess?",safe_personal,en,UCI SMS Spam Collection,downloaded_public_dataset
uci_sms_00474,safe,"Nothing. I meant that once the money enters your account here, the bank will remove its flat rate. Someone transfered &lt;#&gt; to my account and &lt;#&gt; dollars got removed. So the banks differ and charges also differ.be sure you trust the 9ja person you are sending account details to cos...",safe_personal,en,UCI SMS Spam Collection,downloaded_public_dataset
uci_sms_00475,scam,Want 2 get laid tonight? Want real Dogging locations sent direct 2 ur Mob? Join the UK's largest Dogging Network by txting MOAN to 69888Nyt. ec2a. 31p.msg@150p,spam_or_unspecified,en,UCI SMS Spam Collection,downloaded_public_dataset
uci_sms_00476,safe,Nice line said by a broken heart- Plz don't cum 1 more times infront of me... Other wise once again I ll trust U... Good 9t:),safe_personal,en,UCI SMS Spam Collection,downloaded_public_dataset
uci_sms_00477,safe,Ok I'm gonna head up to usf in like fifteen minutes,safe_personal,en,UCI SMS Spam Collection,downloaded_public_dataset
uci_sms_00478,safe,Love you aathi..love u lot..,safe_personal,en,UCI SMS Spam Collection,downloaded_public_dataset
uci_sms_00479,safe,Tension ah?what machi?any problem?,safe_personal,en,UCI SMS Spam Collection,downloaded_public_dataset
uci_sms_00480,safe,"K, can I pick up another 8th when you're done?",safe_personal,en,UCI SMS Spam Collection,downloaded_public_dataset
uci_sms_00481,safe,When're you guys getting back? G said you were thinking about not staying for mcr,safe_personal,en,UCI SMS Spam Collection,downloaded_public_dataset
uci_sms_00482,safe,"Almost there, see u in a sec",safe_personal,en,UCI SMS Spam Collection,downloaded_public_dataset
uci_sms_00483,safe,"Yo carlos, a few friends are already asking me about you, you working at all this weekend?",safe_personal,en,UCI SMS Spam Collection,downloaded_public_dataset
uci_sms_00484,safe,Watching tv lor...,safe_personal,en,UCI SMS Spam Collection,downloaded_public_dataset
uci_sms_00485,safe,Thank you baby! I cant wait to taste the real thing...,safe_personal,en,UCI SMS Spam Collection,downloaded_public_dataset
uci_sms_00486,safe,You should change your fb to jaykwon thuglyfe falconerf,safe_personal,en,UCI SMS Spam Collection,downloaded_public_dataset
uci_sms_00487,safe,If we win its really no 1 side for long time.,safe_personal,en,UCI SMS Spam Collection,downloaded_public_dataset
uci_sms_00488,scam,"FREE MESSAGE Activate your 500 FREE Text Messages by replying to this message with the word FREE For terms & conditions, visit www.07781482378.com",spam_or_unspecified,en,UCI SMS Spam Collection,downloaded_public_dataset
uci_sms_00489,safe,Dear reached railway. What happen to you,safe_personal,en,UCI SMS Spam Collection,downloaded_public_dataset
uci_sms_00490,safe,"Depends on quality. If you want the type i sent boye, faded glory, then about 6. If you want ralphs maybe 2",safe_personal,en,UCI SMS Spam Collection,downloaded_public_dataset
uci_sms_00491,safe,I think i've fixed it can you send a test message?,safe_personal,en,UCI SMS Spam Collection,downloaded_public_dataset
uci_sms_00492,safe,"Sorry man my account's dry or I would, if you want we could trade back half or I could buy some shit with my credit card",safe_personal,en,UCI SMS Spam Collection,downloaded_public_dataset
uci_sms_00494,safe,"Sorry,in meeting I'll call later",safe_personal,en,UCI SMS Spam Collection,downloaded_public_dataset
uci_sms_00495,safe,What class of &lt;#&gt; reunion?,safe_personal,en,UCI SMS Spam Collection,downloaded_public_dataset
uci_sms_00496,safe,Are you free now?can i call now?,safe_personal,en,UCI SMS Spam Collection,downloaded_public_dataset
uci_sms_00497,safe,Got meh... When?,safe_personal,en,UCI SMS Spam Collection,downloaded_public_dataset
uci_sms_00498,safe,Nope... Think i will go for it on monday... Sorry i replied so late,safe_personal,en,UCI SMS Spam Collection,downloaded_public_dataset
uci_sms_00499,safe,Some of them told accenture is not confirm. Is it true.,safe_personal,en,UCI SMS Spam Collection,downloaded_public_dataset
uci_sms_00500,safe,"Kate jackson rec center before 7ish, right?",safe_personal,en,UCI SMS Spam Collection,downloaded_public_dataset
uci_sms_00501,safe,Dear i have reache room,safe_personal,en,UCI SMS Spam Collection,downloaded_public_dataset
uci_sms_00502,safe,"Fighting with the world is easy, u either win or lose bt fightng with some1 who is close to u is dificult if u lose - u lose if u win - u still lose.",safe_personal,en,UCI SMS Spam Collection,downloaded_public_dataset
uci_sms_00503,safe,When can ü come out?,safe_personal,en,UCI SMS Spam Collection,downloaded_public_dataset
uci_sms_00504,safe,Check with nuerologist.,safe_personal,en,UCI SMS Spam Collection,downloaded_public_dataset
uci_sms_00505,safe,Lolnice. I went from a fish to ..water.?,safe_personal,en,UCI SMS Spam Collection,downloaded_public_dataset
uci_sms_00506,scam,+123 Congratulations - in this week's competition draw u have won the £1450 prize to claim just call 09050002311 b4280703. T&Cs/stop SMS 08718727868. Over 18 only 150ppm,spam_or_unspecified,en,UCI SMS Spam Collection,downloaded_public_dataset
uci_sms_00507,safe,No it's waiting in e car dat's bored wat. Cos wait outside got nothing 2 do. At home can do my stuff or watch tv wat.,safe_personal,en,UCI SMS Spam Collection,downloaded_public_dataset
uci_sms_00508,safe,"Maybe westshore or hyde park village, the place near my house?",safe_personal,en,UCI SMS Spam Collection,downloaded_public_dataset
uci_sms_00509,safe,You should know now. So how's anthony. Are you bringing money. I've school fees to pay and rent and stuff like that. Thats why i need your help. A friend in need....|,safe_personal,en,UCI SMS Spam Collection,downloaded_public_dataset
uci_sms_00510,safe,What's the significance?,safe_personal,en,UCI SMS Spam Collection,downloaded_public_dataset
uci_sms_00511,safe,Your opinion about me? 1. Over 2. Jada 3. Kusruthi 4. Lovable 5. Silent 6. Spl character 7. Not matured 8. Stylish 9. Simple Pls reply..,safe_personal,en,UCI SMS Spam Collection,downloaded_public_dataset
uci_sms_00512,safe,"8 at the latest, g's still there if you can scrounge up some ammo and want to give the new ak a try",safe_personal,en,UCI SMS Spam Collection,downloaded_public_dataset
uci_sms_00513,safe,Prabha..i'm soryda..realy..frm heart i'm sory,safe_personal,en,UCI SMS Spam Collection,downloaded_public_dataset
uci_sms_00514,safe,Lol ok your forgiven :),safe_personal,en,UCI SMS Spam Collection,downloaded_public_dataset
uci_sms_00515,safe,No..jst change tat only..,safe_personal,en,UCI SMS Spam Collection,downloaded_public_dataset
uci_sms_00516,scam,"You are guaranteed the latest Nokia Phone, a 40GB iPod MP3 player or a £500 prize! Txt word: COLLECT to No: 83355! IBHltd LdnW15H 150p/Mtmsgrcvd18+",spam_or_unspecified,en,UCI SMS Spam Collection,downloaded_public_dataset
uci_sms_00517,safe,S:)no competition for him.,safe_personal,en,UCI SMS Spam Collection,downloaded_public_dataset
uci_sms_00518,scam,Boltblue tones for 150p Reply POLY# or MONO# eg POLY3 1. Cha Cha Slide 2. Yeah 3. Slow Jamz 6. Toxic 8. Come With Me or STOP 4 more tones txt MORE,spam_or_unspecified,en,UCI SMS Spam Collection,downloaded_public_dataset
uci_sms_00519,scam,Your credits have been topped up for http://www.bubbletext.com Your renewal Pin is tgxxrz,spam_or_unspecified,en,UCI SMS Spam Collection,downloaded_public_dataset
uci_sms_00520,safe,"That way transport is less problematic than on sat night. By the way, if u want to ask n to join my bday, feel free. But need to know definite nos as booking on fri.",safe_personal,en,UCI SMS Spam Collection,downloaded_public_dataset
uci_sms_00521,safe,Usually the person is unconscious that's in children but in adults they may just behave abnormally. I.ll call you now,safe_personal,en,UCI SMS Spam Collection,downloaded_public_dataset
uci_sms_00522,safe,But that's on ebay it might be less elsewhere.,safe_personal,en,UCI SMS Spam Collection,downloaded_public_dataset
uci_sms_00523,safe,Shall i come to get pickle,safe_personal,en,UCI SMS Spam Collection,downloaded_public_dataset
uci_sms_00524,safe,Were gonna go get some tacos,safe_personal,en,UCI SMS Spam Collection,downloaded_public_dataset
uci_sms_00525,safe,"That's very rude, you on campus?",safe_personal,en,UCI SMS Spam Collection,downloaded_public_dataset
uci_sms_00526,scam,"URGENT!: Your Mobile No. was awarded a £2,000 Bonus Caller Prize on 02/09/03! This is our 2nd attempt to contact YOU! Call 0871-872-9755 BOX95QU",spam_or_unspecified,en,UCI SMS Spam Collection,downloaded_public_dataset
uci_sms_00527,safe,Hi i won't b ard 4 christmas. But do enjoy n merry x'mas.,safe_personal,en,UCI SMS Spam Collection,downloaded_public_dataset
uci_sms_00528,scam,"Today's Offer! Claim ur £150 worth of discount vouchers! Text YES to 85023 now! SavaMob, member offers mobile! T Cs 08717898035. £3.00 Sub. 16 . Unsub reply X",spam_or_unspecified,en,UCI SMS Spam Collection,downloaded_public_dataset
uci_sms_00529,safe,Yes! How is a pretty lady like you single?,safe_personal,en,UCI SMS Spam Collection,downloaded_public_dataset
uci_sms_00530,scam,You will recieve your tone within the next 24hrs. For Terms and conditions please see Channel U Teletext Pg 750,spam_or_unspecified,en,UCI SMS Spam Collection,downloaded_public_dataset
uci_sms_00531,safe,Jay says that you're a double-faggot,safe_personal,en,UCI SMS Spam Collection,downloaded_public_dataset
uci_sms_00532,scam,PRIVATE! Your 2003 Account Statement for 07815296484 shows 800 un-redeemed S.I.M. points. Call 08718738001 Identifier Code 41782 Expires 18/11/04,spam_or_unspecified,en,UCI SMS Spam Collection,downloaded_public_dataset
uci_sms_00533,safe,What Today-sunday..sunday is holiday..so no work..,safe_personal,en,UCI SMS Spam Collection,downloaded_public_dataset
uci_sms_00535,safe,I'll be late...,safe_personal,en,UCI SMS Spam Collection,downloaded_public_dataset
uci_sms_00536,safe,"I've not called you in a while. This is hoping it was l8r malaria and that you know that we miss you guys. I miss Bani big, so pls give her my love especially. Have a great day.",safe_personal,en,UCI SMS Spam Collection,downloaded_public_dataset
uci_sms_00537,safe,"Good afternoon, my love! How goes that day ? I hope maybe you got some leads on a job. I think of you, boytoy and send you a passionate kiss from across the sea",safe_personal,en,UCI SMS Spam Collection,downloaded_public_dataset
uci_sms_00538,safe,"Probably gonna be here for a while, see you later tonight &lt;)",safe_personal,en,UCI SMS Spam Collection,downloaded_public_dataset
uci_sms_00539,safe,Or maybe my fat fingers just press all these buttons and it doesn't know what to do.,safe_personal,en,UCI SMS Spam Collection,downloaded_public_dataset
uci_sms_00540,safe,Ummmmmaah Many many happy returns of d day my dear sweet heart.. HAPPY BIRTHDAY dear,safe_personal,en,UCI SMS Spam Collection,downloaded_public_dataset
uci_sms_00541,safe,"I am in tirupur da, once you started from office call me.",safe_personal,en,UCI SMS Spam Collection,downloaded_public_dataset
uci_sms_00542,scam,from www.Applausestore.com MonthlySubscription@50p/msg max6/month T&CsC web age16 2stop txt stop,spam_or_unspecified,en,UCI SMS Spam Collection,downloaded_public_dataset
uci_sms_00543,safe,"A famous quote : when you develop the ability to listen to 'anything' unconditionally without losing your temper or self confidence, it means you are ......... 'MARRIED'",safe_personal,en,UCI SMS Spam Collection,downloaded_public_dataset
uci_sms_00544,safe,But am going to college pa. What to do. are else ill come there it self. Pa.,safe_personal,en,UCI SMS Spam Collection,downloaded_public_dataset
uci_sms_00545,safe,4 oclock at mine. Just to bash out a flat plan.,safe_personal,en,UCI SMS Spam Collection,downloaded_public_dataset
uci_sms_00546,safe,This girl does not stay in bed. This girl doesn't need recovery time. Id rather pass out while having fun then be cooped up in bed,safe_personal,en,UCI SMS Spam Collection,downloaded_public_dataset
uci_sms_00547,safe,Then any special there?,safe_personal,en,UCI SMS Spam Collection,downloaded_public_dataset
uci_sms_00548,safe,I know but you need to get hotel now. I just got my invitation but i had to apologise. Cali is to sweet for me to come to some english bloke's weddin,safe_personal,en,UCI SMS Spam Collection,downloaded_public_dataset
uci_sms_00549,safe,"Sorry that took so long, omw now",safe_personal,en,UCI SMS Spam Collection,downloaded_public_dataset
uci_sms_00550,safe,Wait &lt;#&gt; min..,safe_personal,en,UCI SMS Spam Collection,downloaded_public_dataset
uci_sms_00551,safe,Ok give me 5 minutes I think I see her. BTW you're my alibi. You were cutting my hair the whole time.,safe_personal,en,UCI SMS Spam Collection,downloaded_public_dataset
uci_sms_00552,safe,"Imagine you finally get to sink into that bath after I have put you through your paces, maybe even having you eat me for a while before I left ... But also imagine the feel of that cage on your cock surrounded by the bath water, reminding you always who owns you ... Enjoy, my cuck",safe_personal,en,UCI SMS Spam Collection,downloaded_public_dataset
uci_sms_00553,safe,"Hurry up, I've been weed-deficient for like three days",safe_personal,en,UCI SMS Spam Collection,downloaded_public_dataset
uci_sms_00554,safe,"Sure, if I get an acknowledgement from you that it's astoundingly tactless and generally faggy to demand a blood oath fo",safe_personal,en,UCI SMS Spam Collection,downloaded_public_dataset
uci_sms_00555,safe,Ok. Every night take a warm bath drink a cup of milk and you'll see a work of magic. You still need to loose weight. Just so that you know,safe_personal,en,UCI SMS Spam Collection,downloaded_public_dataset
uci_sms_00556,safe,I‘ll have a look at the frying pan in case it‘s cheap or a book perhaps. No that‘s silly a frying pan isn‘t likely to be a book,safe_personal,en,UCI SMS Spam Collection,downloaded_public_dataset
uci_sms_00557,safe,O. Well uv causes mutations. Sunscreen is like essential thesedays,safe_personal,en,UCI SMS Spam Collection,downloaded_public_dataset
uci_sms_00558,safe,Having lunch:)you are not in online?why?,safe_personal,en,UCI SMS Spam Collection,downloaded_public_dataset
uci_sms_00559,safe,I know that my friend already told that.,safe_personal,en,UCI SMS Spam Collection,downloaded_public_dataset
uci_sms_00560,safe,Hi Princess! Thank you for the pics. You are very pretty. How are you?,safe_personal,en,UCI SMS Spam Collection,downloaded_public_dataset
uci_sms_00561,safe,"Aiyo... U always c our ex one... I dunno abt mei, she haven reply... First time u reply so fast... Y so lucky not workin huh, got bao by ur sugardad ah...gee..",safe_personal,en,UCI SMS Spam Collection,downloaded_public_dataset
uci_sms_00562,safe,Hi msg me:)i'm in office..,safe_personal,en,UCI SMS Spam Collection,downloaded_public_dataset
uci_sms_00563,safe,Thanx 4 e brownie it's v nice...,safe_personal,en,UCI SMS Spam Collection,downloaded_public_dataset
uci_sms_00564,safe,Geeeee ... I love you so much I can barely stand it,safe_personal,en,UCI SMS Spam Collection,downloaded_public_dataset
uci_sms_00566,safe,"Fuck babe ... I miss you already, you know ? Can't you let me send you some money towards your net ? I need you ... I want you ... I crave you ...",safe_personal,en,UCI SMS Spam Collection,downloaded_public_dataset
uci_sms_00567,safe,"Ill call u 2mrw at ninish, with my address that icky American freek wont stop callin me 2 bad Jen k eh?",safe_personal,en,UCI SMS Spam Collection,downloaded_public_dataset
uci_sms_00568,safe,Oooh bed ridden ey? What are YOU thinking of?,safe_personal,en,UCI SMS Spam Collection,downloaded_public_dataset
uci_sms_00569,safe,"So anyways, you can just go to your gym or whatever, my love *smiles* I hope your ok and having a good day babe ... I miss you so much already",safe_personal,en,UCI SMS Spam Collection,downloaded_public_dataset
uci_sms_00570,safe,Love it! Daddy will make you scream with pleasure! I am going to slap your ass with my dick!,safe_personal,en,UCI SMS Spam Collection,downloaded_public_dataset
uci_sms_00571,safe,WOT U WANNA DO THEN MISSY?,safe_personal,en,UCI SMS Spam Collection,downloaded_public_dataset
uci_sms_00572,safe,Yar lor wait 4 my mum 2 finish sch then have lunch lor... I whole morning stay at home clean my room now my room quite clean... Hee...,safe_personal,en,UCI SMS Spam Collection,downloaded_public_dataset
uci_sms_00573,safe,Do you know where my lab goggles went,safe_personal,en,UCI SMS Spam Collection,downloaded_public_dataset
uci_sms_00574,safe,Can you open the door?,safe_personal,en,UCI SMS Spam Collection,downloaded_public_dataset
uci_sms_00575,safe,Waiting for your call.,safe_personal,en,UCI SMS Spam Collection,downloaded_public_dataset
uci_sms_00576,safe,Nope i waiting in sch 4 daddy...,safe_personal,en,UCI SMS Spam Collection,downloaded_public_dataset
uci_sms_00577,scam,"You have won ?1,000 cash or a ?2,000 prize! To claim, call09050000327",spam_or_unspecified,en,UCI SMS Spam Collection,downloaded_public_dataset
uci_sms_00578,safe,"I'm tired of arguing with you about this week after week. Do what you want and from now on, i'll do the same.",safe_personal,en,UCI SMS Spam Collection,downloaded_public_dataset
uci_sms_00579,safe,Ü wait 4 me in sch i finish ard 5..,safe_personal,en,UCI SMS Spam Collection,downloaded_public_dataset
uci_sms_00580,scam,"our mobile number has won £5000, to claim calls us back or ring the claims hot line on 09050005321.",spam_or_unspecified,en,UCI SMS Spam Collection,downloaded_public_dataset
uci_sms_00581,safe,"Arngd marriage is while u r walkin unfortuntly a snake bites u. bt love marriage is dancing in frnt of d snake &amp; sayin Bite me, bite me.",safe_personal,en,UCI SMS Spam Collection,downloaded_public_dataset
uci_sms_00582,safe,Huh so early.. Then ü having dinner outside izzit?,safe_personal,en,UCI SMS Spam Collection,downloaded_public_dataset
uci_sms_00583,safe,Ok anyway no need to change with what you said,safe_personal,en,UCI SMS Spam Collection,downloaded_public_dataset
uci_sms_00584,scam,We tried to contact you re your reply to our offer of 750 mins 150 textand a new video phone call 08002988890 now or reply for free delivery tomorrow,spam_or_unspecified,en,UCI SMS Spam Collection,downloaded_public_dataset
uci_sms_00585,safe,my ex-wife was not able to have kids. Do you want kids one day?,safe_personal,en,UCI SMS Spam Collection,downloaded_public_dataset
uci_sms_00586,safe,So how's scotland. Hope you are not over showing your JJC tendencies. Take care. Live the dream,safe_personal,en,UCI SMS Spam Collection,downloaded_public_dataset
uci_sms_00587,safe,Tell them u have a headache and just want to use 1 hour of sick time.,safe_personal,en,UCI SMS Spam Collection,downloaded_public_dataset
uci_sms_00588,safe,"I dun thk i'll quit yet... Hmmm, can go jazz ? Yogasana oso can... We can go meet em after our lessons den...",safe_personal,en,UCI SMS Spam Collection,downloaded_public_dataset
uci_sms_00589,safe,Pete can you please ring meive hardly gotany credit,safe_personal,en,UCI SMS Spam Collection,downloaded_public_dataset
uci_sms_00590,safe,Ya srsly better than yi tho,safe_personal,en,UCI SMS Spam Collection,downloaded_public_dataset
uci_sms_00591,safe,"I'm in a meeting, call me later at",safe_personal,en,UCI SMS Spam Collection,downloaded_public_dataset
uci_sms_00592,scam,"For ur chance to win a £250 wkly shopping spree TXT: SHOP to 80878. T's&C's www.txt-2-shop.com custcare 08715705022, 1x150p/wk",spam_or_unspecified,en,UCI SMS Spam Collection,downloaded_public_dataset
uci_sms_00593,scam,You have been specially selected to receive a 2000 pound award! Call 08712402050 BEFORE the lines close. Cost 10ppm. 16+. T&Cs apply. AG Promo,spam_or_unspecified,en,UCI SMS Spam Collection,downloaded_public_dataset
uci_sms_00594,scam,PRIVATE! Your 2003 Account Statement for 07753741225 shows 800 un-redeemed S. I. M. points. Call 08715203677 Identifier Code: 42478 Expires 24/10/04,spam_or_unspecified,en,UCI SMS Spam Collection,downloaded_public_dataset
uci_sms_00595,safe,You still at grand prix?,safe_personal,en,UCI SMS Spam Collection,downloaded_public_dataset
uci_sms_00596,safe,"I met you as a stranger and choose you as my friend. As long as the world stands, our friendship never ends. Lets be Friends forever!!! Gud nitz...",safe_personal,en,UCI SMS Spam Collection,downloaded_public_dataset
uci_sms_00597,safe,I am great! How are you?,safe_personal,en,UCI SMS Spam Collection,downloaded_public_dataset
uci_sms_00598,safe,Gud mrng dear have a nice day,safe_personal,en,UCI SMS Spam Collection,downloaded_public_dataset
uci_sms_00599,scam,You have an important customer service announcement. Call FREEPHONE 0800 542 0825 now!,spam_or_unspecified,en,UCI SMS Spam Collection,downloaded_public_dataset
uci_sms_00600,safe,Will do. Was exhausted on train this morning. Too much wine and pie. You sleep well too,safe_personal,en,UCI SMS Spam Collection,downloaded_public_dataset
uci_sms_00601,safe,I'm going out to buy mum's present ar.,safe_personal,en,UCI SMS Spam Collection,downloaded_public_dataset
uci_sms_00602,safe,Mind blastin.. No more Tsunamis will occur from now on.. Rajnikant stopped swimming in Indian Ocean..:-D,safe_personal,en,UCI SMS Spam Collection,downloaded_public_dataset
uci_sms_00603,safe,If u sending her home first it's ok lor. I'm not ready yet.,safe_personal,en,UCI SMS Spam Collection,downloaded_public_dataset
uci_sms_00604,safe,Speaking of does he have any cash yet?,safe_personal,en,UCI SMS Spam Collection,downloaded_public_dataset
uci_sms_00605,safe,Be happy there. I will come after noon,safe_personal,en,UCI SMS Spam Collection,downloaded_public_dataset
uci_sms_00606,safe,Meet after lunch la...,safe_personal,en,UCI SMS Spam Collection,downloaded_public_dataset
uci_sms_00607,safe,TaKe CaRE n gET WeLL sOOn,safe_personal,en,UCI SMS Spam Collection,downloaded_public_dataset
uci_sms_00608,scam,XCLUSIVE@CLUBSAISAI 2MOROW 28/5 SOIREE SPECIALE ZOUK WITH NICHOLS FROM PARIS.FREE ROSES 2 ALL LADIES !!! info: 07946746291/07880867867,spam_or_unspecified,en,UCI SMS Spam Collection,downloaded_public_dataset
uci_sms_00609,safe,what I meant to say is cant wait to see u again getting bored of this bridgwater banter,safe_personal,en,UCI SMS Spam Collection,downloaded_public_dataset
uci_sms_00610,safe,Neva mind it's ok..,safe_personal,en,UCI SMS Spam Collection,downloaded_public_dataset
uci_sms_00611,safe,"It's fine, imma get a drink or somethin. Want me to come find you?",safe_personal,en,UCI SMS Spam Collection,downloaded_public_dataset
uci_sms_00612,scam,22 days to kick off! For Euro2004 U will be kept up to date with the latest news and results daily. To be removed send GET TXT STOP to 83222,spam_or_unspecified,en,UCI SMS Spam Collection,downloaded_public_dataset
uci_sms_00613,safe,Its a valentine game. . . Send dis msg to all ur friends. .. If 5 answers r d same then someone really loves u. Ques- which colour suits me the best?rply me,safe_personal,en,UCI SMS Spam Collection,downloaded_public_dataset
uci_sms_00614,safe,I have many dependents,safe_personal,en,UCI SMS Spam Collection,downloaded_public_dataset
uci_sms_00615,safe,THANX4 TODAY CER IT WAS NICE 2 CATCH UP BUT WE AVE 2 FIND MORE TIME MORE OFTEN OH WELL TAKE CARE C U SOON.C,safe_personal,en,UCI SMS Spam Collection,downloaded_public_dataset
uci_sms_00616,safe,I called and said all to him:)then he have to choose this future.,safe_personal,en,UCI SMS Spam Collection,downloaded_public_dataset
uci_sms_00617,safe,Happy valentines day I know its early but i have hundreds of handsomes and beauties to wish. So i thought to finish off aunties and uncles 1st...,safe_personal,en,UCI SMS Spam Collection,downloaded_public_dataset
uci_sms_00618,safe,He like not v shock leh. Cos telling shuhui is like telling leona also. Like dat almost all know liao. He got ask me abt ur reaction lor.,safe_personal,en,UCI SMS Spam Collection,downloaded_public_dataset
uci_sms_00619,safe,For my family happiness..,safe_personal,en,UCI SMS Spam Collection,downloaded_public_dataset
uci_sms_00620,safe,I come n pick ü up... Come out immediately aft ur lesson...,safe_personal,en,UCI SMS Spam Collection,downloaded_public_dataset
uci_sms_00621,safe,Let there be snow. Let there be snow. This kind of weather brings ppl together so friendships can grow.,safe_personal,en,UCI SMS Spam Collection,downloaded_public_dataset
uci_sms_00622,safe,Dear we got &lt;#&gt; dollars hi hi,safe_personal,en,UCI SMS Spam Collection,downloaded_public_dataset
uci_sms_00623,safe,Good words.... But words may leave u in dismay many times.,safe_personal,en,UCI SMS Spam Collection,downloaded_public_dataset
uci_sms_00624,safe,MAKE SURE ALEX KNOWS HIS BIRTHDAY IS OVER IN FIFTEEN MINUTES AS FAR AS YOU'RE CONCERNED,safe_personal,en,UCI SMS Spam Collection,downloaded_public_dataset
uci_sms_00625,safe,"sorry, no, have got few things to do. may be in pub later.",safe_personal,en,UCI SMS Spam Collection,downloaded_public_dataset
uci_sms_00626,safe,"Nah it's straight, if you can just bring bud or drinks or something that's actually a little more useful than straight cash",safe_personal,en,UCI SMS Spam Collection,downloaded_public_dataset
uci_sms_00627,safe,"Haha good to hear, I'm officially paid and on the market for an 8th",safe_personal,en,UCI SMS Spam Collection,downloaded_public_dataset
uci_sms_00628,safe,How many licks does it take to get to the center of a tootsie pop?,safe_personal,en,UCI SMS Spam Collection,downloaded_public_dataset
uci_sms_00629,safe,Yup i thk they r e teacher said that will make my face look longer. Darren ask me not 2 cut too short.,safe_personal,en,UCI SMS Spam Collection,downloaded_public_dataset
uci_sms_00630,scam,New TEXTBUDDY Chat 2 horny guys in ur area 4 just 25p Free 2 receive Search postcode or at gaytextbuddy.com. TXT ONE name to 89693,spam_or_unspecified,en,UCI SMS Spam Collection,downloaded_public_dataset
uci_sms_00631,scam,Todays Vodafone numbers ending with 4882 are selected to a receive a £350 award. If your number matches call 09064019014 to receive your £350 award.,spam_or_unspecified,en,UCI SMS Spam Collection,downloaded_public_dataset
uci_sms_00632,safe,Please dont say like that. Hi hi hi,safe_personal,en,UCI SMS Spam Collection,downloaded_public_dataset
uci_sms_00633,safe,Thank u!,safe_personal,en,UCI SMS Spam Collection,downloaded_public_dataset
uci_sms_00634,safe,Oh that was a forwarded message. I thought you send that to me,safe_personal,en,UCI SMS Spam Collection,downloaded_public_dataset
uci_sms_00635,safe,Got it. Seventeen pounds for seven hundred ml – hope ok.,safe_personal,en,UCI SMS Spam Collection,downloaded_public_dataset
uci_sms_00636,scam,"Dear Voucher Holder, 2 claim this weeks offer, at your PC go to http://www.e-tlp.co.uk/expressoffer Ts&Cs apply.2 stop texts txt STOP to 80062.",spam_or_unspecified,en,UCI SMS Spam Collection,downloaded_public_dataset
uci_sms_00637,safe,Me n him so funny...,safe_personal,en,UCI SMS Spam Collection,downloaded_public_dataset
uci_sms_00638,safe,"Sweetheart, hope you are not having that kind of day! Have one with loads of reasons to smile. Biola",safe_personal,en,UCI SMS Spam Collection,downloaded_public_dataset
uci_sms_00639,safe,When ü login dat time... Dad fetching ü home now?,safe_personal,en,UCI SMS Spam Collection,downloaded_public_dataset
uci_sms_00640,safe,"What will we do in the shower, baby?",safe_personal,en,UCI SMS Spam Collection,downloaded_public_dataset
uci_sms_00641,safe,I had askd u a question some hours before. Its answer,safe_personal,en,UCI SMS Spam Collection,downloaded_public_dataset
uci_sms_00642,safe,"Well imma definitely need to restock before thanksgiving, I'll let you know when I'm out",safe_personal,en,UCI SMS Spam Collection,downloaded_public_dataset
uci_sms_00643,safe,"said kiss, kiss, i can't do the sound effects! He is a gorgeous man isn't he! Kind of person who needs a smile to brighten his day!",safe_personal,en,UCI SMS Spam Collection,downloaded_public_dataset
uci_sms_00644,safe,Probably gonna swing by in a wee bit,safe_personal,en,UCI SMS Spam Collection,downloaded_public_dataset
uci_sms_00645,safe,Ya very nice. . .be ready on thursday,safe_personal,en,UCI SMS Spam Collection,downloaded_public_dataset
uci_sms_00646,safe,Allo! We have braved the buses and taken on the trains and triumphed. I mean we‘re in b‘ham. Have a jolly good rest of week,safe_personal,en,UCI SMS Spam Collection,downloaded_public_dataset
uci_sms_00647,safe,"Watching cartoon, listening music &amp; at eve had to go temple &amp; church.. What about u?",safe_personal,en,UCI SMS Spam Collection,downloaded_public_dataset
uci_sms_00648,safe,Do you mind if I ask what happened? You dont have to say if it is uncomfortable.,safe_personal,en,UCI SMS Spam Collection,downloaded_public_dataset
uci_sms_00649,scam,PRIVATE! Your 2003 Account Statement for shows 800 un-redeemed S. I. M. points. Call 08715203694 Identifier Code: 40533 Expires 31/10/04,spam_or_unspecified,en,UCI SMS Spam Collection,downloaded_public_dataset
uci_sms_00650,safe,No prob. I will send to your email.,safe_personal,en,UCI SMS Spam Collection,downloaded_public_dataset
uci_sms_00651,scam,"You have won ?1,000 cash or a ?2,000 prize! To claim, call09050000327. T&C: RSTM, SW7 3SS. 150ppm",spam_or_unspecified,en,UCI SMS Spam Collection,downloaded_public_dataset
uci_sms_00652,safe,Thats cool! Sometimes slow and gentle. Sonetimes rough and hard :),safe_personal,en,UCI SMS Spam Collection,downloaded_public_dataset
uci_sms_00653,safe,I'm gonna say no. Sorry. I would but as normal am starting to panic about time. Sorry again! Are you seeing on Tuesday?,safe_personal,en,UCI SMS Spam Collection,downloaded_public_dataset
uci_sms_00654,safe,"Wait, do you know if wesleys in town? I bet she does hella drugs!",safe_personal,en,UCI SMS Spam Collection,downloaded_public_dataset
uci_sms_00655,safe,Fine i miss you very much.,safe_personal,en,UCI SMS Spam Collection,downloaded_public_dataset
uci_sms_00657,safe,Tell them the drug dealer's getting impatient,safe_personal,en,UCI SMS Spam Collection,downloaded_public_dataset
uci_sms_00658,safe,"Sun cant come to earth but send luv as rays. cloud cant come to river but send luv as rain. I cant come to meet U, but can send my care as msg to U. Gud evng",safe_personal,en,UCI SMS Spam Collection,downloaded_public_dataset
uci_sms_00660,safe,"It doesnt make sense to take it there unless its free. If you need to know more, wikipedia.com",safe_personal,en,UCI SMS Spam Collection,downloaded_public_dataset
uci_sms_00661,scam,88800 and 89034 are premium phone services call 08718711108,spam_or_unspecified,en,UCI SMS Spam Collection,downloaded_public_dataset
uci_sms_00662,safe,"Under the sea, there lays a rock. In the rock, there is an envelope. In the envelope, there is a paper. On the paper, there are 3 words... '",safe_personal,en,UCI SMS Spam Collection,downloaded_public_dataset
uci_sms_00663,safe,Then mum's repent how?,safe_personal,en,UCI SMS Spam Collection,downloaded_public_dataset
uci_sms_00664,safe,Sorry me going home first... Daddy come fetch ü later...,safe_personal,en,UCI SMS Spam Collection,downloaded_public_dataset
uci_sms_00665,safe,Leave it de:-). Start Prepare for next:-)..,safe_personal,en,UCI SMS Spam Collection,downloaded_public_dataset
uci_sms_00666,safe,Yes baby! We can study all the positions of the kama sutra ;),safe_personal,en,UCI SMS Spam Collection,downloaded_public_dataset
uci_sms_00667,safe,En chikku nange bakra msg kalstiya..then had tea/coffee?,safe_personal,en,UCI SMS Spam Collection,downloaded_public_dataset
uci_sms_00668,safe,Carlos'll be here in a minute if you still need to buy,safe_personal,en,UCI SMS Spam Collection,downloaded_public_dataset
uci_sms_00669,safe,This pay is &lt;DECIMAL&gt; lakhs:),safe_personal,en,UCI SMS Spam Collection,downloaded_public_dataset
uci_sms_00670,safe,Have a good evening! Ttyl,safe_personal,en,UCI SMS Spam Collection,downloaded_public_dataset
uci_sms_00671,safe,Did u receive my msg?,safe_personal,en,UCI SMS Spam Collection,downloaded_public_dataset
uci_sms_00672,safe,Ho ho - big belly laugh! See ya tomo,safe_personal,en,UCI SMS Spam Collection,downloaded_public_dataset
uci_sms_00673,scam,"SMS. ac sun0819 posts HELLO:""You seem cool, wanted to say hi. HI!!!"" Stop? Send STOP to 62468",spam_or_unspecified,en,UCI SMS Spam Collection,downloaded_public_dataset
uci_sms_00674,scam,Get ur 1st RINGTONE FREE NOW! Reply to this msg with TONE. Gr8 TOP 20 tones to your phone every week just £1.50 per wk 2 opt out send STOP 08452810071 16,spam_or_unspecified,en,UCI SMS Spam Collection,downloaded_public_dataset
uci_sms_00675,safe,"Ditto. And you won't have to worry about me saying ANYTHING to you anymore. Like i said last night, you do whatever you want and i'll do the same. Peace.",safe_personal,en,UCI SMS Spam Collection,downloaded_public_dataset
uci_sms_00676,safe,"I've got &lt;#&gt; , any way I could pick up?",safe_personal,en,UCI SMS Spam Collection,downloaded_public_dataset
uci_sms_00677,safe,"I dont knw pa, i just drink milk..",safe_personal,en,UCI SMS Spam Collection,downloaded_public_dataset
uci_sms_00678,safe,Maybe?! Say hi to and find out if got his card. Great escape or wetherspoons?,safe_personal,en,UCI SMS Spam Collection,downloaded_public_dataset
uci_sms_00679,safe,"Piggy, r u awake? I bet u're still sleeping. I'm going 4 lunch now...",safe_personal,en,UCI SMS Spam Collection,downloaded_public_dataset
uci_sms_00680,safe,Cause I'm not freaky lol,safe_personal,en,UCI SMS Spam Collection,downloaded_public_dataset
uci_sms_00681,safe,Missed your call cause I was yelling at scrappy. Miss u. Can't wait for u to come home. I'm so lonely today.,safe_personal,en,UCI SMS Spam Collection,downloaded_public_dataset
uci_sms_00682,safe,What is this 'hex' place you talk of? Explain!,safe_personal,en,UCI SMS Spam Collection,downloaded_public_dataset
uci_sms_00683,safe,Ü log off 4 wat. It's sdryb8i,safe_personal,en,UCI SMS Spam Collection,downloaded_public_dataset
uci_sms_00684,safe,Is xy going 4 e lunch?,safe_personal,en,UCI SMS Spam Collection,downloaded_public_dataset
uci_sms_00685,scam,Hi I'm sue. I am 20 years old and work as a lapdancer. I love sex. Text me live - I'm i my bedroom now. text SUE to 89555. By TextOperator G2 1DA 150ppmsg 18+,spam_or_unspecified,en,UCI SMS Spam Collection,downloaded_public_dataset
uci_sms_00686,safe,I wanted to ask ü to wait 4 me to finish lect. Cos my lect finishes in an hour anyway.,safe_personal,en,UCI SMS Spam Collection,downloaded_public_dataset
uci_sms_00687,safe,Have you finished work yet? :),safe_personal,en,UCI SMS Spam Collection,downloaded_public_dataset
uci_sms_00688,safe,"Every King Was Once A Crying Baby And Every Great Building Was Once A Map.. Not Imprtant Where U r TODAY, BUT Where U Wil Reach TOMORW. Gud ni8",safe_personal,en,UCI SMS Spam Collection,downloaded_public_dataset
uci_sms_00689,safe,"Dear,Me at cherthala.in case u r coming cochin pls call bfore u start.i shall also reach accordingly.or tell me which day u r coming.tmorow i am engaged ans its holiday.",safe_personal,en,UCI SMS Spam Collection,downloaded_public_dataset
uci_sms_00690,safe,Thanks love. But am i doing torch or bold.,safe_personal,en,UCI SMS Spam Collection,downloaded_public_dataset
uci_sms_00691,scam,<Forwarded from 448712404000>Please CALL 08712404000 immediately as there is an urgent message waiting for you.,spam_or_unspecified,en,UCI SMS Spam Collection,downloaded_public_dataset
uci_sms_00692,safe,Was the farm open?,safe_personal,en,UCI SMS Spam Collection,downloaded_public_dataset
uci_sms_00693,safe,"Sorry to trouble u again. Can buy 4d for my dad again? 1405, 1680, 1843. All 2 big 1 small, sat n sun. Thanx.",safe_personal,en,UCI SMS Spam Collection,downloaded_public_dataset
uci_sms_00694,safe,"My sister in law, hope you are having a great month. Just saying hey. Abiola",safe_personal,en,UCI SMS Spam Collection,downloaded_public_dataset
uci_sms_00695,safe,Will purchase d stuff today and mail to you. Do you have a po box number?,safe_personal,en,UCI SMS Spam Collection,downloaded_public_dataset
uci_sms_00696,safe,Ah poop. Looks like ill prob have to send in my laptop to get fixed cuz it has a gpu problem,safe_personal,en,UCI SMS Spam Collection,downloaded_public_dataset
uci_sms_00697,safe,Good. Good job. I like entrepreneurs,safe_personal,en,UCI SMS Spam Collection,downloaded_public_dataset
uci_sms_00698,safe,"Aight, you close by or still down around alex's place?",safe_personal,en,UCI SMS Spam Collection,downloaded_public_dataset
uci_sms_00699,safe,meet you in corporation st outside gap … you can see how my mind is working!,safe_personal,en,UCI SMS Spam Collection,downloaded_public_dataset
uci_sms_00700,safe,Mum ask ü to buy food home...,safe_personal,en,UCI SMS Spam Collection,downloaded_public_dataset
uci_sms_00701,safe,K..u also dont msg or reply to his msg..,safe_personal,en,UCI SMS Spam Collection,downloaded_public_dataset
uci_sms_00702,safe,How much r ü willing to pay?,safe_personal,en,UCI SMS Spam Collection,downloaded_public_dataset
uci_sms_00704,safe,What is important is that you prevent dehydration by giving her enough fluids,safe_personal,en,UCI SMS Spam Collection,downloaded_public_dataset
uci_sms_00705,safe,"Thats a bit weird, even ?- where is the do supposed to be happening? But good idea, sure they will be in pub!",safe_personal,en,UCI SMS Spam Collection,downloaded_public_dataset
uci_sms_00706,safe,True dear..i sat to pray evening and felt so.so i sms'd you in some time...,safe_personal,en,UCI SMS Spam Collection,downloaded_public_dataset
uci_sms_00707,safe,"I don't think I can get away for a trek that long with family in town, sorry",safe_personal,en,UCI SMS Spam Collection,downloaded_public_dataset
uci_sms_00708,safe,So when do you wanna gym harri,safe_personal,en,UCI SMS Spam Collection,downloaded_public_dataset
uci_sms_00709,safe,Quite late lar... Ard 12 anyway i wun b drivin...,safe_personal,en,UCI SMS Spam Collection,downloaded_public_dataset
uci_sms_00710,scam,"To review and KEEP the fantastic Nokia N-Gage game deck with Club Nokia, go 2 www.cnupdates.com/newsletter. unsubscribe from alerts reply with the word OUT",spam_or_unspecified,en,UCI SMS Spam Collection,downloaded_public_dataset
uci_sms_00711,scam,4mths half price Orange line rental & latest camera phones 4 FREE. Had your phone 11mths+? Call MobilesDirect free on 08000938767 to update now! or2stoptxt T&Cs,spam_or_unspecified,en,UCI SMS Spam Collection,downloaded_public_dataset
uci_sms_00712,safe,"Height of Confidence: All the Aeronautics professors wer calld &amp; they wer askd 2 sit in an aeroplane. Aftr they sat they wer told dat the plane ws made by their students. Dey all hurried out of d plane.. Bt only 1 didnt move... He said:""if it is made by my students,this wont even start........ Datz confidence..",safe_personal,en,UCI SMS Spam Collection,downloaded_public_dataset
uci_sms_00713,safe,It just seems like weird timing that the night that all you and g want is for me to come smoke is the same day as when a shitstorm is attributed to me always coming over and making everyone smoke,safe_personal,en,UCI SMS Spam Collection,downloaded_public_dataset
uci_sms_00714,scam,08714712388 between 10am-7pm Cost 10p,spam_or_unspecified,en,UCI SMS Spam Collection,downloaded_public_dataset
uci_sms_00715,safe,"Save yourself the stress. If the person has a dorm account, just send your account details and the money will be sent to you.",safe_personal,en,UCI SMS Spam Collection,downloaded_public_dataset
uci_sms_00716,safe,He also knows about lunch menu only da. . I know,safe_personal,en,UCI SMS Spam Collection,downloaded_public_dataset
uci_sms_00717,safe,When i have stuff to sell i.ll tell you,safe_personal,en,UCI SMS Spam Collection,downloaded_public_dataset
uci_sms_00718,scam,+449071512431 URGENT! This is the 2nd attempt to contact U!U have WON £1250 CALL 09071512433 b4 050703 T&CsBCM4235WC1N3XX. callcost 150ppm mobilesvary. max£7. 50,spam_or_unspecified,en,UCI SMS Spam Collection,downloaded_public_dataset
uci_sms_00719,safe,Book which lesson? then you msg me... I will call up after work or sth... I'm going to get specs. My membership is PX3748,safe_personal,en,UCI SMS Spam Collection,downloaded_public_dataset
uci_sms_00720,scam,You have WON a guaranteed £1000 cash or a £2000 prize. To claim yr prize call our customer service representative on 08714712394 between 10am-7pm,spam_or_unspecified,en,UCI SMS Spam Collection,downloaded_public_dataset
uci_sms_00721,safe,Macha dont feel upset.i can assume your mindset.believe me one evening with me and i have some wonderful plans for both of us.LET LIFE BEGIN AGAIN.call me anytime,safe_personal,en,UCI SMS Spam Collection,downloaded_public_dataset
uci_sms_00722,safe,Oh is it? Send me the address,safe_personal,en,UCI SMS Spam Collection,downloaded_public_dataset
uci_sms_00723,safe,S'fine. Anytime. All the best with it.,safe_personal,en,UCI SMS Spam Collection,downloaded_public_dataset
uci_sms_00724,safe,That is wondar full flim.,safe_personal,en,UCI SMS Spam Collection,downloaded_public_dataset
uci_sms_00725,safe,Ya even those cookies have jelly on them,safe_personal,en,UCI SMS Spam Collection,downloaded_public_dataset
uci_sms_00726,safe,"The world is running and i am still.maybe all are feeling the same,so be it.or i have to admit,i am mad.then where is the correction?or let me call this is life.and keep running with the world,may be u r also running.lets run.",safe_personal,en,UCI SMS Spam Collection,downloaded_public_dataset
uci_sms_00727,safe,Got it! It looks scrumptious... daddy wants to eat you all night long!,safe_personal,en,UCI SMS Spam Collection,downloaded_public_dataset
uci_sms_00728,safe,Of cos can lar i'm not so ba dao ok... 1 pm lor... Y u never ask where we go ah... I said u would ask on fri but he said u will ask today...,safe_personal,en,UCI SMS Spam Collection,downloaded_public_dataset
uci_sms_00729,safe,"Alright omw, gotta change my order to a half8th",safe_personal,en,UCI SMS Spam Collection,downloaded_public_dataset
uci_sms_00730,safe,Exactly. Anyways how far. Is jide her to study or just visiting,safe_personal,en,UCI SMS Spam Collection,downloaded_public_dataset
uci_sms_00731,safe,Dunno y u ask me.,safe_personal,en,UCI SMS Spam Collection,downloaded_public_dataset
uci_sms_00732,scam,Email AlertFrom: Jeri StewartSize: 2KBSubject: Low-cost prescripiton drvgsTo listen to email call 123,spam_or_unspecified,en,UCI SMS Spam Collection,downloaded_public_dataset
uci_sms_00733,safe,No he didn't. Spring is coming early yay!,safe_personal,en,UCI SMS Spam Collection,downloaded_public_dataset
uci_sms_00734,safe,Lol you won't feel bad when I use her money to take you out to a steak dinner =D,safe_personal,en,UCI SMS Spam Collection,downloaded_public_dataset
uci_sms_00735,safe,Even u dont get in trouble while convincing..just tel him once or twice and just tel neglect his msgs dont c and read it..just dont reply,safe_personal,en,UCI SMS Spam Collection,downloaded_public_dataset
uci_sms_00736,safe,Leaving to qatar tonite in search of an opportunity.all went fast.pls add me in ur prayers dear.Rakhesh,safe_personal,en,UCI SMS Spam Collection,downloaded_public_dataset
uci_sms_00737,safe,Then why no one talking to me,safe_personal,en,UCI SMS Spam Collection,downloaded_public_dataset
uci_sms_00738,safe,Thanks for looking out for me. I really appreciate.,safe_personal,en,UCI SMS Spam Collection,downloaded_public_dataset
uci_sms_00739,scam,Hi. Customer Loyalty Offer:The NEW Nokia6650 Mobile from ONLY £10 at TXTAUCTION! Txt word: START to No: 81151 & get yours Now! 4T&Ctxt TC 150p/MTmsg,spam_or_unspecified,en,UCI SMS Spam Collection,downloaded_public_dataset
uci_sms_00740,safe,Wish i were with you now!,safe_personal,en,UCI SMS Spam Collection,downloaded_public_dataset
uci_sms_00741,safe,Haha mayb u're rite... U know me well. Da feeling of being liked by someone is gd lor. U faster go find one then all gals in our group attached liao.,safe_personal,en,UCI SMS Spam Collection,downloaded_public_dataset
uci_sms_00742,safe,Yes i will be there. Glad you made it.,safe_personal,en,UCI SMS Spam Collection,downloaded_public_dataset
uci_sms_00743,safe,Do well :)all will for little time. Thing of good times ahead:,safe_personal,en,UCI SMS Spam Collection,downloaded_public_dataset
uci_sms_00744,safe,Just got up. have to be out of the room very soon. …. i hadn't put the clocks back til at 8 i shouted at everyone to get up and then realised it was 7. wahay. another hour in bed.,safe_personal,en,UCI SMS Spam Collection,downloaded_public_dataset
uci_sms_00745,safe,Ok. There may be a free gym about.,safe_personal,en,UCI SMS Spam Collection,downloaded_public_dataset
uci_sms_00746,safe,Men like shorter ladies. Gaze up into his eyes.,safe_personal,en,UCI SMS Spam Collection,downloaded_public_dataset
uci_sms_00747,safe,Dunno he jus say go lido. Same time 930.,safe_personal,en,UCI SMS Spam Collection,downloaded_public_dataset
uci_sms_00748,safe,"I promise to take good care of you, princess. I have to run now. Please send pics when you get a chance. Ttyl!",safe_personal,en,UCI SMS Spam Collection,downloaded_public_dataset
uci_sms_00749,scam,U are subscribed to the best Mobile Content Service in the UK for £3 per 10 days until you send STOP to 82324. Helpline 08706091795,spam_or_unspecified,en,UCI SMS Spam Collection,downloaded_public_dataset
uci_sms_00750,safe,Is there a reason we've not spoken this year? Anyways have a great week and all the best in your exam,safe_personal,en,UCI SMS Spam Collection,downloaded_public_dataset
uci_sms_00751,safe,By monday next week. Give me the full gist,safe_personal,en,UCI SMS Spam Collection,downloaded_public_dataset
uci_sms_00752,scam,"Do you realize that in about 40 years, we'll have thousands of old ladies running around with tattoos?",spam_or_unspecified,en,UCI SMS Spam Collection,downloaded_public_dataset
uci_sms_00753,scam,You have an important customer service announcement from PREMIER.,spam_or_unspecified,en,UCI SMS Spam Collection,downloaded_public_dataset
uci_sms_00754,safe,Dont gimme that lip caveboy,safe_personal,en,UCI SMS Spam Collection,downloaded_public_dataset
uci_sms_00755,safe,When did you get to the library,safe_personal,en,UCI SMS Spam Collection,downloaded_public_dataset
uci_sms_00756,safe,Realy sorry-i don't recognise this number and am now confused :) who r u please?!,safe_personal,en,UCI SMS Spam Collection,downloaded_public_dataset
uci_sms_00757,safe,So why didnt you holla?,safe_personal,en,UCI SMS Spam Collection,downloaded_public_dataset
uci_sms_00758,safe,Cant think of anyone with * spare room off * top of my head,safe_personal,en,UCI SMS Spam Collection,downloaded_public_dataset
uci_sms_00759,safe,"Faith makes things possible,Hope makes things work,Love makes things beautiful,May you have all three this Christmas!Merry Christmas!",safe_personal,en,UCI SMS Spam Collection,downloaded_public_dataset
uci_sms_00760,safe,U should have made an appointment,safe_personal,en,UCI SMS Spam Collection,downloaded_public_dataset
uci_sms_00761,safe,"Call me when you/carlos is/are here, my phone's vibrate is acting up and I might not hear texts",safe_personal,en,UCI SMS Spam Collection,downloaded_public_dataset
uci_sms_00762,scam,"Romantic Paris. 2 nights, 2 flights from £79 Book now 4 next year. Call 08704439680Ts&Cs apply.",spam_or_unspecified,en,UCI SMS Spam Collection,downloaded_public_dataset
uci_sms_00763,safe,"We are at grandmas. Oh dear, u still ill? I felt Shit this morning but i think i am just hungover! Another night then. We leave on sat.",safe_personal,en,UCI SMS Spam Collection,downloaded_public_dataset
uci_sms_00764,scam,Urgent Ur £500 guaranteed award is still unclaimed! Call 09066368327 NOW closingdate04/09/02 claimcode M39M51 £1.50pmmorefrommobile2Bremoved-MobyPOBox734LS27YF,spam_or_unspecified,en,UCI SMS Spam Collection,downloaded_public_dataset
uci_sms_00765,safe,Nothing but we jus tot u would ask cos u ba gua... But we went mt faber yest... Yest jus went out already mah so today not going out... Jus call lor...,safe_personal,en,UCI SMS Spam Collection,downloaded_public_dataset
uci_sms_00766,safe,"Wishing you and your family Merry ""X"" mas and HAPPY NEW Year in advance..",safe_personal,en,UCI SMS Spam Collection,downloaded_public_dataset
uci_sms_00767,scam,UR awarded a City Break and could WIN a £200 Summer Shopping spree every WK. Txt STORE to 88039 . SkilGme. TsCs087147403231Winawk!Age16 £1.50perWKsub,spam_or_unspecified,en,UCI SMS Spam Collection,downloaded_public_dataset
uci_sms_00768,safe,"I'm nt goin, got somethin on, unless they meetin 4 dinner lor... Haha, i wonder who will go tis time...",safe_personal,en,UCI SMS Spam Collection,downloaded_public_dataset
uci_sms_00771,safe,Lol I know! They're so dramatic. Schools already closed for tomorrow. Apparently we can't drive in the inch of snow were supposed to get.,safe_personal,en,UCI SMS Spam Collection,downloaded_public_dataset
uci_sms_00772,safe,Not getting anywhere with this damn job hunting over here!,safe_personal,en,UCI SMS Spam Collection,downloaded_public_dataset
uci_sms_00773,safe,Lol! U drunkard! Just doing my hair at d moment. Yeah still up 4 tonight. Wats the plan?,safe_personal,en,UCI SMS Spam Collection,downloaded_public_dataset
uci_sms_00774,safe,"idc get over here, you are not weaseling your way out of this shit twice in a row",safe_personal,en,UCI SMS Spam Collection,downloaded_public_dataset
uci_sms_00775,safe,I wil be there with in &lt;#&gt; minutes. Got any space,safe_personal,en,UCI SMS Spam Collection,downloaded_public_dataset
uci_sms_00777,safe,Thanks for picking up the trash.,safe_personal,en,UCI SMS Spam Collection,downloaded_public_dataset
uci_sms_00778,safe,Why don't you go tell your friend you're not sure you want to live with him because he smokes too much then spend hours begging him to come smoke,safe_personal,en,UCI SMS Spam Collection,downloaded_public_dataset
uci_sms_00779,safe,Hi its Kate it was lovely to see you tonight and ill phone you tomorrow. I got to sing and a guy gave me his card! xxx,safe_personal,en,UCI SMS Spam Collection,downloaded_public_dataset
uci_sms_00780,safe,Happy New year my dear brother. I really do miss you. Just got your number and decided to send you this text wishing you only happiness. Abiola,safe_personal,en,UCI SMS Spam Collection,downloaded_public_dataset
uci_sms_00781,safe,That means get the door,safe_personal,en,UCI SMS Spam Collection,downloaded_public_dataset
uci_sms_00783,safe,"Hmmm ... I thought we said 2 hours slave, not 3 ... You are late ... How should I punish you ?",safe_personal,en,UCI SMS Spam Collection,downloaded_public_dataset
uci_sms_00784,safe,Beerage?,safe_personal,en,UCI SMS Spam Collection,downloaded_public_dataset
uci_sms_00785,scam,You have an important customer service announcement from PREMIER. Call FREEPHONE 0800 542 0578 now!,spam_or_unspecified,en,UCI SMS Spam Collection,downloaded_public_dataset
uci_sms_00786,safe,Dont think so. It turns off like randomlly within 5min of opening,safe_personal,en,UCI SMS Spam Collection,downloaded_public_dataset
uci_sms_00787,safe,"She was supposed to be but couldn't make it, she's still in town though",safe_personal,en,UCI SMS Spam Collection,downloaded_public_dataset
uci_sms_00788,safe,It does it on its own. Most of the time it fixes my spelling. But sometimes it gets a completely diff word. Go figure,safe_personal,en,UCI SMS Spam Collection,downloaded_public_dataset
uci_sms_00789,scam,Ever thought about living a good life with a perfect partner? Just txt back NAME and AGE to join the mobile community. (100p/SMS),spam_or_unspecified,en,UCI SMS Spam Collection,downloaded_public_dataset
uci_sms_00790,scam,"5 Free Top Polyphonic Tones call 087018728737, National Rate. Get a toppoly tune sent every week, just text SUBPOLY to 81618, £3 per pole. UnSub 08718727870.",spam_or_unspecified,en,UCI SMS Spam Collection,downloaded_public_dataset
uci_sms_00792,safe,This is hoping you enjoyed your game yesterday. Sorry i've not been in touch but pls know that you are fondly bein thot off. Have a great week. Abiola,safe_personal,en,UCI SMS Spam Collection,downloaded_public_dataset
uci_sms_00793,safe,All e best 4 ur driving tmr :-),safe_personal,en,UCI SMS Spam Collection,downloaded_public_dataset
uci_sms_00794,safe,Y?WHERE U AT DOGBREATH? ITS JUST SOUNDING LIKE JAN C THATS AL!!!!!!!!!,safe_personal,en,UCI SMS Spam Collection,downloaded_public_dataset
uci_sms_00795,safe,Omg I want to scream. I weighed myself and I lost more weight! Woohoo!,safe_personal,en,UCI SMS Spam Collection,downloaded_public_dataset
uci_sms_00796,safe,There generally isn't one. It's an uncountable noun - u in the dictionary. pieces of research?,safe_personal,en,UCI SMS Spam Collection,downloaded_public_dataset
uci_sms_00797,safe,it's really getting me down just hanging around.,safe_personal,en,UCI SMS Spam Collection,downloaded_public_dataset
uci_sms_00798,scam,"Orange customer, you may now claim your FREE CAMERA PHONE upgrade for your loyalty. Call now on 0207 153 9996. Offer ends 14thMarch. T&C's apply. Opt-out availa",spam_or_unspecified,en,UCI SMS Spam Collection,downloaded_public_dataset
uci_sms_00799,safe,Petey boy whereare you me and all your friendsare in theKingshead come down if you canlove Nic,safe_personal,en,UCI SMS Spam Collection,downloaded_public_dataset
uci_sms_00800,safe,Ok i msg u b4 i leave my house.,safe_personal,en,UCI SMS Spam Collection,downloaded_public_dataset
uci_sms_00801,safe,Gimme a few was &lt;#&gt; minutes ago,safe_personal,en,UCI SMS Spam Collection,downloaded_public_dataset
uci_sms_00802,scam,"Last Chance! Claim ur £150 worth of discount vouchers today! Text SHOP to 85023 now! SavaMob, offers mobile! T Cs SavaMob POBOX84, M263UZ. £3.00 Sub. 16",spam_or_unspecified,en,UCI SMS Spam Collection,downloaded_public_dataset
uci_sms_00803,safe,Appt is at &lt;TIME&gt; am. Not my fault u don't listen. I told u twice,safe_personal,en,UCI SMS Spam Collection,downloaded_public_dataset
uci_sms_00804,scam,FREE for 1st week! No1 Nokia tone 4 ur mobile every week just txt NOKIA to 8077 Get txting and tell ur mates. www.getzed.co.uk POBox 36504 W45WQ 16+ norm150p/tone,spam_or_unspecified,en,UCI SMS Spam Collection,downloaded_public_dataset
uci_sms_00805,scam,You have won a guaranteed £200 award or even £1000 cashto claim UR award call free on 08000407165 (18+) 2 stop getstop on 88222 PHP. RG21 4JX,spam_or_unspecified,en,UCI SMS Spam Collection,downloaded_public_dataset
uci_sms_00806,safe,K I'll be there before 4.,safe_personal,en,UCI SMS Spam Collection,downloaded_public_dataset
uci_sms_00807,safe,I dled 3d its very imp,safe_personal,en,UCI SMS Spam Collection,downloaded_public_dataset
uci_sms_00808,safe,"sure, but make sure he knows we ain't smokin yet",safe_personal,en,UCI SMS Spam Collection,downloaded_public_dataset
uci_sms_00809,safe,Boooo you always work. Just quit.,safe_personal,en,UCI SMS Spam Collection,downloaded_public_dataset
uci_sms_00810,safe,I am taking half day leave bec i am not well,safe_personal,en,UCI SMS Spam Collection,downloaded_public_dataset
uci_sms_00811,safe,Ugh I don't wanna get out of bed. It's so warm.,safe_personal,en,UCI SMS Spam Collection,downloaded_public_dataset
uci_sms_00812,safe,S:)s.nervous &lt;#&gt; :),safe_personal,en,UCI SMS Spam Collection,downloaded_public_dataset
uci_sms_00813,safe,So there's a ring that comes with the guys costumes. It's there so they can gift their future yowifes. Hint hint,safe_personal,en,UCI SMS Spam Collection,downloaded_public_dataset
uci_sms_00814,scam,Congratulations ur awarded either £500 of CD gift vouchers & Free entry 2 our £100 weekly draw txt MUSIC to 87066 TnCs www.Ldew.com1win150ppmx3age16,spam_or_unspecified,en,UCI SMS Spam Collection,downloaded_public_dataset
uci_sms_00815,safe,I borrow ur bag ok.,safe_personal,en,UCI SMS Spam Collection,downloaded_public_dataset
uci_sms_00816,scam,"U were outbid by simonwatson5120 on the Shinco DVD Plyr. 2 bid again, visit sms. ac/smsrewards 2 end bid notifications, reply END OUT",spam_or_unspecified,en,UCI SMS Spam Collection,downloaded_public_dataset
uci_sms_00817,safe,Where's my boytoy? I miss you ... What happened?,safe_personal,en,UCI SMS Spam Collection,downloaded_public_dataset
uci_sms_00818,safe,"He has lots of used ones babe, but the model doesn't help. Youi have to bring it over and he'll match it up",safe_personal,en,UCI SMS Spam Collection,downloaded_public_dataset
uci_sms_00819,safe,Also are you bringing galileo or dobby,safe_personal,en,UCI SMS Spam Collection,downloaded_public_dataset
uci_sms_00820,safe,Then why you not responding,safe_personal,en,UCI SMS Spam Collection,downloaded_public_dataset
uci_sms_00821,safe,BOO BABE! U ENJOYIN YOURJOB? U SEEMED 2 B GETTIN ON WELL HUNNY!HOPE URE OK?TAKE CARE & ILLSPEAK 2U SOONLOTS OF LOVEME XXXX.,safe_personal,en,UCI SMS Spam Collection,downloaded_public_dataset
uci_sms_00822,safe,Good afternoon starshine! How's my boytoy? Does he crave me yet? Ache to fuck me ? *sips cappuccino* I miss you babe *teasing kiss*,safe_personal,en,UCI SMS Spam Collection,downloaded_public_dataset
uci_sms_00823,safe,On the road so cant txt,safe_personal,en,UCI SMS Spam Collection,downloaded_public_dataset
uci_sms_00824,scam,"SMSSERVICES. for yourinclusive text credits, pls goto www.comuk.net login= 3qxj9 unsubscribe with STOP, no extra charge. help 08702840625.COMUK. 220-CM2 9AE",spam_or_unspecified,en,UCI SMS Spam Collection,downloaded_public_dataset
uci_sms_00825,scam,25p 4 alfie Moon's Children in need song on ur mob. Tell ur m8s. Txt Tone charity to 8007 for Nokias or Poly charity for polys: zed 08701417012 profit 2 charity.,spam_or_unspecified,en,UCI SMS Spam Collection,downloaded_public_dataset
uci_sms_00827,safe,Hmm .. Bits and pieces lol ... *sighs* ...,safe_personal,en,UCI SMS Spam Collection,downloaded_public_dataset
uci_sms_00828,safe,Hahaha..use your brain dear,safe_personal,en,UCI SMS Spam Collection,downloaded_public_dataset
uci_sms_00829,safe,Hey. You got any mail?,safe_personal,en,UCI SMS Spam Collection,downloaded_public_dataset
uci_sms_00830,safe,"Sorry light turned green, I meant another friend wanted &lt;#&gt; worth but he may not be around",safe_personal,en,UCI SMS Spam Collection,downloaded_public_dataset
uci_sms_00831,safe,Thanks for yesterday sir. You have been wonderful. Hope you enjoyed the burial. MojiBiola,safe_personal,en,UCI SMS Spam Collection,downloaded_public_dataset
uci_sms_00832,scam,U have a secret admirer. REVEAL who thinks U R So special. Call 09065174042. To opt out Reply REVEAL STOP. 1.50 per msg recd. Cust care 07821230901,spam_or_unspecified,en,UCI SMS Spam Collection,downloaded_public_dataset
uci_sms_00833,safe,Hi mate its RV did u hav a nice hol just a message 3 say hello coz havent sent u 1 in ages started driving so stay off roads!RVx,safe_personal,en,UCI SMS Spam Collection,downloaded_public_dataset
uci_sms_00834,scam,"Dear Voucher Holder, To claim this weeks offer, at you PC please go to http://www.e-tlp.co.uk/expressoffer Ts&Cs apply. To stop texts, txt STOP to 80062",spam_or_unspecified,en,UCI SMS Spam Collection,downloaded_public_dataset
uci_sms_00835,safe,"Thank you so much. When we skyped wit kz and sura, we didnt get the pleasure of your company. Hope you are good. We've given you ultimatum oh! We are countin down to aburo. Enjoy! This is the message i sent days ago",safe_personal,en,UCI SMS Spam Collection,downloaded_public_dataset
uci_sms_00836,safe,Surely result will offer:),safe_personal,en,UCI SMS Spam Collection,downloaded_public_dataset
uci_sms_00837,safe,Good Morning my Dear........... Have a great &amp; successful day.,safe_personal,en,UCI SMS Spam Collection,downloaded_public_dataset
uci_sms_00838,scam,Do you want 750 anytime any network mins 150 text and a NEW VIDEO phone for only five pounds per week call 08002888812 or reply for delivery tomorrow,spam_or_unspecified,en,UCI SMS Spam Collection,downloaded_public_dataset
uci_sms_00839,safe,"Sir, I have been late in paying rent for the past few months and had to pay a $ &lt;#&gt; charge. I felt it would be inconsiderate of me to nag about something you give at great cost to yourself and that's why i didnt speak up. I however am in a recession and wont be able to pay the charge this month hence my askin well ahead of month's end. Can you please help. Thanks",safe_personal,en,UCI SMS Spam Collection,downloaded_public_dataset
uci_sms_00840,scam,We tried to contact you re our offer of New Video Phone 750 anytime any network mins HALF PRICE Rental camcorder call 08000930705 or reply for delivery Wed,spam_or_unspecified,en,UCI SMS Spam Collection,downloaded_public_dataset
uci_sms_00841,scam,Last chance 2 claim ur £150 worth of discount vouchers-Text YES to 85023 now!SavaMob-member offers mobile T Cs 08717898035. £3.00 Sub. 16 . Remove txt X or STOP,spam_or_unspecified,en,UCI SMS Spam Collection,downloaded_public_dataset
uci_sms_00842,safe,I luv u soo much u dont understand how special u r 2 me ring u 2morrow luv u xxx,safe_personal,en,UCI SMS Spam Collection,downloaded_public_dataset
uci_sms_00843,safe,"Pls send me a comprehensive mail about who i'm paying, when and how much.",safe_personal,en,UCI SMS Spam Collection,downloaded_public_dataset
uci_sms_00844,safe,Our Prashanthettan's mother passed away last night. pray for her and family.,safe_personal,en,UCI SMS Spam Collection,downloaded_public_dataset
uci_sms_00845,scam,"Urgent! call 09066350750 from your landline. Your complimentary 4* Ibiza Holiday or 10,000 cash await collection SAE T&Cs PO BOX 434 SK3 8WP 150 ppm 18+",spam_or_unspecified,en,UCI SMS Spam Collection,downloaded_public_dataset
uci_sms_00846,safe,K.k:)when are you going?,safe_personal,en,UCI SMS Spam Collection,downloaded_public_dataset
uci_sms_00847,safe,Meanwhile in the shit suite: xavier decided to give us &lt;#&gt; seconds of warning that samantha was coming over and is playing jay's guitar to impress her or some shit. Also I don't think doug realizes I don't live here anymore,safe_personal,en,UCI SMS Spam Collection,downloaded_public_dataset
uci_sms_00848,safe,My stomach has been thru so much trauma I swear I just can't eat. I better lose weight.,safe_personal,en,UCI SMS Spam Collection,downloaded_public_dataset
uci_sms_00849,safe,I am in office:)whats the matter..msg me now.i will call you at break:).,safe_personal,en,UCI SMS Spam Collection,downloaded_public_dataset
uci_sms_00850,safe,"Yeah there's barely enough room for the two of us, x has too many fucking shoes. Sorry man, see you later",safe_personal,en,UCI SMS Spam Collection,downloaded_public_dataset
uci_sms_00852,safe,U reach orchard already? U wan 2 go buy tickets first?,safe_personal,en,UCI SMS Spam Collection,downloaded_public_dataset
uci_sms_00853,safe,"I am real, baby! I want to bring out your inner tigress...",safe_personal,en,UCI SMS Spam Collection,downloaded_public_dataset
uci_sms_00854,safe,No da if you run that it activate the full version da.,safe_personal,en,UCI SMS Spam Collection,downloaded_public_dataset
uci_sms_00855,safe,AH POOR BABY!HOPE URFEELING BETTERSN LUV! PROBTHAT OVERDOSE OF WORK HEY GO CAREFUL SPK 2 U SN LOTS OF LOVEJEN XXX.,safe_personal,en,UCI SMS Spam Collection,downloaded_public_dataset
uci_sms_00856,safe,Stop the story. I've told him i've returned it and he's saying i should not re order it.,safe_personal,en,UCI SMS Spam Collection,downloaded_public_dataset
uci_sms_00857,scam,Talk sexy!! Make new friends or fall in love in the worlds most discreet text dating service. Just text VIP to 83110 and see who you could meet.,spam_or_unspecified,en,UCI SMS Spam Collection,downloaded_public_dataset
uci_sms_00858,safe,Going to take your babe out ?,safe_personal,en,UCI SMS Spam Collection,downloaded_public_dataset
uci_sms_00859,safe,Hai ana tomarrow am coming on morning. &lt;DECIMAL&gt; ill be there in sathy then we ll go to RTO office. Reply me after came to home.,safe_personal,en,UCI SMS Spam Collection,downloaded_public_dataset
uci_sms_00860,safe,Spoons it is then okay?,safe_personal,en,UCI SMS Spam Collection,downloaded_public_dataset
uci_sms_00861,safe,Did he just say somebody is named tampa,safe_personal,en,UCI SMS Spam Collection,downloaded_public_dataset
uci_sms_00862,safe,In work now. Going have in few min.,safe_personal,en,UCI SMS Spam Collection,downloaded_public_dataset
uci_sms_00863,safe,Your brother is a genius,safe_personal,en,UCI SMS Spam Collection,downloaded_public_dataset
uci_sms_00864,safe,"Sorry, I guess whenever I can get a hold of my connections, maybe an hour or two? I'll text you",safe_personal,en,UCI SMS Spam Collection,downloaded_public_dataset
uci_sms_00865,safe,Did u find out what time the bus is at coz i need to sort some stuff out.,safe_personal,en,UCI SMS Spam Collection,downloaded_public_dataset
uci_sms_00866,safe,Dude ive been seeing a lotta corvettes lately,safe_personal,en,UCI SMS Spam Collection,downloaded_public_dataset
uci_sms_00867,scam,Congratulations ur awarded either a yrs supply of CDs from Virgin Records or a Mystery Gift GUARANTEED Call 09061104283 Ts&Cs www.smsco.net £1.50pm approx 3mins,spam_or_unspecified,en,UCI SMS Spam Collection,downloaded_public_dataset
uci_sms_00868,safe,"Same here, but I consider walls and bunkers and shit important just because I never play on peaceful but I guess your place is high enough that it don't matter",safe_personal,en,UCI SMS Spam Collection,downloaded_public_dataset
uci_sms_00869,scam,PRIVATE! Your 2003 Account Statement for 07808 XXXXXX shows 800 un-redeemed S. I. M. points. Call 08719899217 Identifier Code: 41685 Expires 07/11/04,spam_or_unspecified,en,UCI SMS Spam Collection,downloaded_public_dataset
uci_sms_00870,scam,Hello. We need some posh birds and chaps to user trial prods for champneys. Can i put you down? I need your address and dob asap. Ta r,spam_or_unspecified,en,UCI SMS Spam Collection,downloaded_public_dataset
uci_sms_00871,scam,What do U want for Xmas? How about 100 free text messages & a new video phone with half price line rental? Call free now on 0800 0721072 to find out more!,spam_or_unspecified,en,UCI SMS Spam Collection,downloaded_public_dataset
uci_sms_00872,safe,"Well am officially in a philosophical hole, so if u wanna call am at home ready to be saved!",safe_personal,en,UCI SMS Spam Collection,downloaded_public_dataset
uci_sms_00873,safe,Its going good...no problem..but still need little experience to understand american customer voice...,safe_personal,en,UCI SMS Spam Collection,downloaded_public_dataset
uci_sms_00874,safe,I'll text you when I drop x off,safe_personal,en,UCI SMS Spam Collection,downloaded_public_dataset
uci_sms_00875,safe,Ugh its been a long day. I'm exhausted. Just want to cuddle up and take a nap,safe_personal,en,UCI SMS Spam Collection,downloaded_public_dataset
uci_sms_00876,safe,Talk With Yourself Atleast Once In A Day...!!! Otherwise You Will Miss Your Best FRIEND In This WORLD...!!! -Shakespeare- SHESIL &lt;#&gt;,safe_personal,en,UCI SMS Spam Collection,downloaded_public_dataset
uci_sms_00877,scam,"Shop till u Drop, IS IT YOU, either 10K, 5K, £500 Cash or £100 Travel voucher, Call now, 09064011000. NTT PO Box CR01327BT fixedline Cost 150ppm mobile vary",spam_or_unspecified,en,UCI SMS Spam Collection,downloaded_public_dataset
uci_sms_00878,safe,Are you in castor? You need to see something,safe_personal,en,UCI SMS Spam Collection,downloaded_public_dataset
uci_sms_00879,scam,Sunshine Quiz Wkly Q! Win a top Sony DVD player if u know which country Liverpool played in mid week? Txt ansr to 82277. £1.50 SP:Tyrone,spam_or_unspecified,en,UCI SMS Spam Collection,downloaded_public_dataset
uci_sms_00880,scam,U have a secret admirer who is looking 2 make contact with U-find out who they R*reveal who thinks UR so special-call on 09058094565,spam_or_unspecified,en,UCI SMS Spam Collection,downloaded_public_dataset
uci_sms_00881,scam,U have a Secret Admirer who is looking 2 make contact with U-find out who they R*reveal who thinks UR so special-call on 09065171142-stopsms-08,spam_or_unspecified,en,UCI SMS Spam Collection,downloaded_public_dataset
uci_sms_00882,scam,Reminder: You have not downloaded the content you have already paid for. Goto http://doit. mymoby. tv/ to collect your content.,spam_or_unspecified,en,UCI SMS Spam Collection,downloaded_public_dataset
uci_sms_00883,safe,"see, i knew giving you a break a few times woul lead to you always wanting to miss curfew. I was gonna gibe you 'til one, but a MIDNIGHT movie is not gonna get out til after 2. You need to come home. You need to getsleep and, if anything, you need to b studdying ear training.",safe_personal,en,UCI SMS Spam Collection,downloaded_public_dataset
uci_sms_00884,safe,I love to give massages. I use lots of baby oil... What is your fave position?,safe_personal,en,UCI SMS Spam Collection,downloaded_public_dataset
uci_sms_00885,safe,Dude we should go sup again,safe_personal,en,UCI SMS Spam Collection,downloaded_public_dataset
uci_sms_00886,safe,Yoyyooo u know how to change permissions for a drive in mac. My usb flash drive,safe_personal,en,UCI SMS Spam Collection,downloaded_public_dataset
uci_sms_00887,safe,Gibbs unsold.mike hussey,safe_personal,en,UCI SMS Spam Collection,downloaded_public_dataset
uci_sms_00888,safe,I like to talk pa but am not able to. I dont know y.,safe_personal,en,UCI SMS Spam Collection,downloaded_public_dataset
uci_sms_00889,safe,Y dun cut too short leh. U dun like ah? She failed. She's quite sad.,safe_personal,en,UCI SMS Spam Collection,downloaded_public_dataset
uci_sms_00890,safe,You unbelievable faglord,safe_personal,en,UCI SMS Spam Collection,downloaded_public_dataset
uci_sms_00891,safe,Wife.how she knew the time of murder exactly,safe_personal,en,UCI SMS Spam Collection,downloaded_public_dataset
uci_sms_00892,safe,Why do you ask princess?,safe_personal,en,UCI SMS Spam Collection,downloaded_public_dataset
uci_sms_00893,safe,I am great princess! What are you thinking about me? :),safe_personal,en,UCI SMS Spam Collection,downloaded_public_dataset
uci_sms_00894,safe,Nutter. Cutter. Ctter. Cttergg. Cttargg. Ctargg. Ctagg. ie you,safe_personal,en,UCI SMS Spam Collection,downloaded_public_dataset
uci_sms_00895,safe,It's ok i noe u're busy but i'm really too bored so i msg u. I oso dunno wat colour she choose 4 me one.,safe_personal,en,UCI SMS Spam Collection,downloaded_public_dataset
uci_sms_00896,safe,Doesn't g have class early tomorrow and thus shouldn't be trying to smoke at &lt;#&gt;,safe_personal,en,UCI SMS Spam Collection,downloaded_public_dataset
uci_sms_00897,safe,"Superb Thought- ""Be grateful that u dont have everything u want. That means u still have an opportunity to be happier tomorrow than u are today."":-)",safe_personal,en,UCI SMS Spam Collection,downloaded_public_dataset
uci_sms_00898,safe,Hope you are having a good week. Just checking in,safe_personal,en,UCI SMS Spam Collection,downloaded_public_dataset
uci_sms_00899,safe,"I'm used to it. I just hope my agents don't drop me since i've only booked a few things this year. This whole me in boston, them in nyc was an experiment.",safe_personal,en,UCI SMS Spam Collection,downloaded_public_dataset
uci_sms_00900,safe,"Thursday night? Yeah, sure thing, we'll work it out then",safe_personal,en,UCI SMS Spam Collection,downloaded_public_dataset
uci_sms_00902,safe,Probably money worries. Things are coming due and i have several outstanding invoices for work i did two and three months ago.,safe_personal,en,UCI SMS Spam Collection,downloaded_public_dataset
uci_sms_00903,safe,How is it possible to teach you. And where.,safe_personal,en,UCI SMS Spam Collection,downloaded_public_dataset
uci_sms_00904,safe,"I wonder if your phone battery went dead ? I had to tell you, I love you babe",safe_personal,en,UCI SMS Spam Collection,downloaded_public_dataset
uci_sms_00905,safe,Lovely smell on this bus and it ain't tobacco...,safe_personal,en,UCI SMS Spam Collection,downloaded_public_dataset
uci_sms_00906,safe,"We're all getting worried over here, derek and taylor have already assumed the worst",safe_personal,en,UCI SMS Spam Collection,downloaded_public_dataset
uci_sms_00907,safe,Hey what's up charles sorry about the late reply.,safe_personal,en,UCI SMS Spam Collection,downloaded_public_dataset
uci_sms_00908,scam,"all the lastest from Stereophonics, Marley, Dizzee Racal, Libertines and The Strokes! Win Nookii games with Flirt!! Click TheMob WAP Bookmark or text WAP to 82468",spam_or_unspecified,en,UCI SMS Spam Collection,downloaded_public_dataset
uci_sms_00909,safe,I.ll give her once i have it. Plus she said grinule greet you whenever we speak,safe_personal,en,UCI SMS Spam Collection,downloaded_public_dataset
uci_sms_00910,safe,WHITE FUDGE OREOS ARE IN STORES,safe_personal,en,UCI SMS Spam Collection,downloaded_public_dataset
uci_sms_00911,scam,"January Male Sale! Hot Gay chat now cheaper, call 08709222922. National rate from 1.5p/min cheap to 7.8p/min peak! To stop texts call 08712460324 (10p/min)",spam_or_unspecified,en,UCI SMS Spam Collection,downloaded_public_dataset
uci_sms_00912,safe,My love ! How come it took you so long to leave for Zaher's? I got your words on ym and was happy to see them but was sad you had left. I miss you,safe_personal,en,UCI SMS Spam Collection,downloaded_public_dataset
uci_sms_00913,safe,I am sorry it hurt you.,safe_personal,en,UCI SMS Spam Collection,downloaded_public_dataset
uci_sms_00914,safe,Can't. I feel nauseous. I'm so pissed. I didn't eat any sweets all week cause today I was planning to pig out. I was dieting all week. And now I'm not hungry :/,safe_personal,en,UCI SMS Spam Collection,downloaded_public_dataset
uci_sms_00915,safe,Ok lor but not too early. Me still having project meeting now.,safe_personal,en,UCI SMS Spam Collection,downloaded_public_dataset
uci_sms_00916,safe,"Call me da, i am waiting for your call.",safe_personal,en,UCI SMS Spam Collection,downloaded_public_dataset
uci_sms_00917,safe,I could ask carlos if we could get more if anybody else can chip in,safe_personal,en,UCI SMS Spam Collection,downloaded_public_dataset
uci_sms_00918,safe,Was actually about to send you a reminder today. Have a wonderful weekend,safe_personal,en,UCI SMS Spam Collection,downloaded_public_dataset
uci_sms_00919,safe,"When people see my msgs, They think Iam addicted to msging... They are wrong, Bcoz They don\'t know that Iam addicted to my sweet Friends..!! BSLVYL",safe_personal,en,UCI SMS Spam Collection,downloaded_public_dataset
uci_sms_00920,safe,Hey you gave them your photo when you registered for driving ah? Tmr wanna meet at yck?,safe_personal,en,UCI SMS Spam Collection,downloaded_public_dataset
uci_sms_00921,safe,Dont talk to him ever ok its my word.,safe_personal,en,UCI SMS Spam Collection,downloaded_public_dataset
uci_sms_00922,safe,When u wana see it then,safe_personal,en,UCI SMS Spam Collection,downloaded_public_dataset
uci_sms_00923,safe,On ma way to school. Can you pls send me ashley's number,safe_personal,en,UCI SMS Spam Collection,downloaded_public_dataset
uci_sms_00924,safe,It shall be fine. I have avalarr now. Will hollalater,safe_personal,en,UCI SMS Spam Collection,downloaded_public_dataset
uci_sms_00925,safe,She went to attend another two rounds today..but still did't reach home..,safe_personal,en,UCI SMS Spam Collection,downloaded_public_dataset
uci_sms_00926,safe,Actually i deleted my old website..now i m blogging at magicalsongs.blogspot.com,safe_personal,en,UCI SMS Spam Collection,downloaded_public_dataset
uci_sms_00927,safe,"K, wait chikku..il send aftr &lt;#&gt; mins",safe_personal,en,UCI SMS Spam Collection,downloaded_public_dataset
uci_sms_00928,safe,But I'm on a diet. And I ate 1 too many slices of pizza yesterday. Ugh I'm ALWAYS on a diet.,safe_personal,en,UCI SMS Spam Collection,downloaded_public_dataset
uci_sms_00929,safe,K:)i will give my kvb acc details:),safe_personal,en,UCI SMS Spam Collection,downloaded_public_dataset
uci_sms_00930,safe,Oh all have to come ah?,safe_personal,en,UCI SMS Spam Collection,downloaded_public_dataset
uci_sms_00931,scam,money!!! you r a lucky winner ! 2 claim your prize text money 2 88600 over £1million to give away ! ppt150x3+normal text rate box403 w1t1jy,spam_or_unspecified,en,UCI SMS Spam Collection,downloaded_public_dataset
uci_sms_00932,safe,I'm really sorry i won't b able 2 do this friday.hope u can find an alternative.hope yr term's going ok:-),safe_personal,en,UCI SMS Spam Collection,downloaded_public_dataset
uci_sms_00933,safe,Congratulations ore mo owo re wa. Enjoy it and i wish you many happy moments to and fro wherever you go,safe_personal,en,UCI SMS Spam Collection,downloaded_public_dataset
uci_sms_00934,safe,So do you have samus shoulders yet,safe_personal,en,UCI SMS Spam Collection,downloaded_public_dataset
uci_sms_00935,safe,What time you think you'll have it? Need to know when I should be near campus,safe_personal,en,UCI SMS Spam Collection,downloaded_public_dataset
uci_sms_00936,scam,"Dear Matthew please call 09063440451 from a landline, your complimentary 4*Lux Tenerife holiday or £1000 CASH await collection. ppm150 SAE T&Cs Box334 SK38XH.",spam_or_unspecified,en,UCI SMS Spam Collection,downloaded_public_dataset
uci_sms_00937,safe,Then dun wear jeans lor...,safe_personal,en,UCI SMS Spam Collection,downloaded_public_dataset
uci_sms_00938,safe,"Since when, which side, any fever, any vomitin.",safe_personal,en,UCI SMS Spam Collection,downloaded_public_dataset
uci_sms_00939,safe,K:)k.are you in college?,safe_personal,en,UCI SMS Spam Collection,downloaded_public_dataset
uci_sms_00940,scam,"Urgent! call 09061749602 from Landline. Your complimentary 4* Tenerife Holiday or £10,000 cash await collection SAE T&Cs BOX 528 HP20 1YF 150ppm 18+",spam_or_unspecified,en,UCI SMS Spam Collection,downloaded_public_dataset
uci_sms_00941,safe,Better. Made up for Friday and stuffed myself like a pig yesterday. Now I feel bleh. But at least its not writhing pain kind of bleh.,safe_personal,en,UCI SMS Spam Collection,downloaded_public_dataset
uci_sms_00942,safe,No we sell it all so we'll have tons if coins. Then sell our coins to someone thru paypal. Voila! Money back in life pockets:),safe_personal,en,UCI SMS Spam Collection,downloaded_public_dataset
uci_sms_00943,safe,Theyre doing it to lots of places. Only hospitals and medical places are safe.,safe_personal,en,UCI SMS Spam Collection,downloaded_public_dataset
uci_sms_00944,scam,How about getting in touch with folks waiting for company? Just txt back your NAME and AGE to opt in! Enjoy the community (150p/SMS),spam_or_unspecified,en,UCI SMS Spam Collection,downloaded_public_dataset
uci_sms_00945,safe,And also I've sorta blown him off a couple times recently so id rather not text him out of the blue looking for weed,safe_personal,en,UCI SMS Spam Collection,downloaded_public_dataset
uci_sms_00946,safe,"I sent my scores to sophas and i had to do secondary application for a few schools. I think if you are thinking of applying, do a research on cost also. Contact joke ogunrinde, her school is one me the less expensive ones",safe_personal,en,UCI SMS Spam Collection,downloaded_public_dataset
uci_sms_00947,safe,I cant wait to see you! How were the photos were useful? :),safe_personal,en,UCI SMS Spam Collection,downloaded_public_dataset
uci_sms_00948,scam,Ur cash-balance is currently 500 pounds - to maximize ur cash-in now send GO to 86688 only 150p/msg. CC: 08718720201 PO BOX 114/14 TCR/W1,spam_or_unspecified,en,UCI SMS Spam Collection,downloaded_public_dataset
uci_sms_00949,safe,Hey i booked the kb on sat already... what other lessons are we going for ah? Keep your sat night free we need to meet and confirm our lodging,safe_personal,en,UCI SMS Spam Collection,downloaded_public_dataset
uci_sms_00950,safe,Chk in ur belovd ms dict,safe_personal,en,UCI SMS Spam Collection,downloaded_public_dataset
uci_sms_00951,safe,Is that what time you want me to come?,safe_personal,en,UCI SMS Spam Collection,downloaded_public_dataset
uci_sms_00952,safe,"Awesome, lemme know whenever you're around",safe_personal,en,UCI SMS Spam Collection,downloaded_public_dataset
uci_sms_00953,safe,Shb b ok lor... Thanx...,safe_personal,en,UCI SMS Spam Collection,downloaded_public_dataset
uci_sms_00954,safe,"Beautiful Truth against Gravity.. Read carefully: ""Our heart feels light when someone is in it.. But it feels very heavy when someone leaves it.."" GOOD NIGHT",safe_personal,en,UCI SMS Spam Collection,downloaded_public_dataset
uci_sms_00955,safe,Also remember to get dobby's bowl from your car,safe_personal,en,UCI SMS Spam Collection,downloaded_public_dataset
uci_sms_00956,scam,Filthy stories and GIRLS waiting for your,spam_or_unspecified,en,UCI SMS Spam Collection,downloaded_public_dataset
uci_sms_00957,safe,Sorry i now then c ur msg... Yar lor so poor thing... But only 4 one night... Tmr u'll have a brand new room 2 sleep in...,safe_personal,en,UCI SMS Spam Collection,downloaded_public_dataset
uci_sms_00958,safe,"Love isn't a decision, it's a feeling. If we could decide who to love, then, life would be much simpler, but then less magical",safe_personal,en,UCI SMS Spam Collection,downloaded_public_dataset
uci_sms_00959,safe,Welp apparently he retired,safe_personal,en,UCI SMS Spam Collection,downloaded_public_dataset
uci_sms_00960,safe,My sort code is and acc no is . The bank is natwest. Can you reply to confirm i've sent this to the right person!,safe_personal,en,UCI SMS Spam Collection,downloaded_public_dataset
uci_sms_00961,safe,Where @,safe_personal,en,UCI SMS Spam Collection,downloaded_public_dataset
uci_sms_00962,safe,U sure u can't take any sick time?,safe_personal,en,UCI SMS Spam Collection,downloaded_public_dataset
uci_sms_00963,scam,URGENT! We are trying to contact U. Todays draw shows that you have won a £800 prize GUARANTEED. Call 09050001808 from land line. Claim M95. Valid12hrs only,spam_or_unspecified,en,UCI SMS Spam Collection,downloaded_public_dataset
uci_sms_00965,safe,Yo chad which gymnastics class do you wanna take? The site says Christians class is full..,safe_personal,en,UCI SMS Spam Collection,downloaded_public_dataset
uci_sms_00967,safe,Or better still can you catch her and let ask her if she can sell &lt;#&gt; for me.,safe_personal,en,UCI SMS Spam Collection,downloaded_public_dataset
uci_sms_00968,safe,I am not sure about night menu. . . I know only about noon menu,safe_personal,en,UCI SMS Spam Collection,downloaded_public_dataset
uci_sms_00969,safe,What do u want when i come back?.a beautiful necklace as a token of my heart for you.thats what i will give but ONLY to MY WIFE OF MY LIKING.BE THAT AND SEE..NO ONE can give you that.dont call me.i will wait till i come.,safe_personal,en,UCI SMS Spam Collection,downloaded_public_dataset
uci_sms_00970,safe,Are you willing to go for aptitude class.,safe_personal,en,UCI SMS Spam Collection,downloaded_public_dataset
uci_sms_00971,safe,"It wont b until 2.15 as trying 2 sort house out, is that ok?",safe_personal,en,UCI SMS Spam Collection,downloaded_public_dataset
uci_sms_00972,safe,"Yar lor he wan 2 go c horse racing today mah, so eat earlier lor. I ate chicken rice. U?",safe_personal,en,UCI SMS Spam Collection,downloaded_public_dataset
uci_sms_00973,safe,"Haha awesome, omw back now then",safe_personal,en,UCI SMS Spam Collection,downloaded_public_dataset
uci_sms_00974,safe,Yup i thk so until e shop closes lor.,safe_personal,en,UCI SMS Spam Collection,downloaded_public_dataset
uci_sms_00975,safe,what is your account number?,safe_personal,en,UCI SMS Spam Collection,downloaded_public_dataset
uci_sms_00976,safe,Eh u send wrongly lar...,safe_personal,en,UCI SMS Spam Collection,downloaded_public_dataset
uci_sms_00977,safe,Hey no I ad a crap nite was borin without ya 2 boggy with me u boring biatch! Thanx but u wait til nxt time il ave ya,safe_personal,en,UCI SMS Spam Collection,downloaded_public_dataset
uci_sms_00978,safe,Ok i shall talk to him,safe_personal,en,UCI SMS Spam Collection,downloaded_public_dataset
uci_sms_00979,safe,Dont hesitate. You know this is the second time she has had weakness like that. So keep i notebook of what she eat and did the day before or if anything changed the day before so that we can be sure its nothing,safe_personal,en,UCI SMS Spam Collection,downloaded_public_dataset
uci_sms_00980,safe,Hey you can pay. With salary de. Only &lt;#&gt; .,safe_personal,en,UCI SMS Spam Collection,downloaded_public_dataset
uci_sms_00981,safe,Another month. I need chocolate weed and alcohol.,safe_personal,en,UCI SMS Spam Collection,downloaded_public_dataset
uci_sms_00982,safe,If he started searching he will get job in few days.he have great potential and talent.,safe_personal,en,UCI SMS Spam Collection,downloaded_public_dataset
uci_sms_00983,safe,Reckon need to be in town by eightish to walk from * carpark.,safe_personal,en,UCI SMS Spam Collection,downloaded_public_dataset
uci_sms_00984,scam,"Congrats! 2 mobile 3G Videophones R yours. call 09063458130 now! videochat wid your mates, play java games, Dload polyPH music, noline rentl.",spam_or_unspecified,en,UCI SMS Spam Collection,downloaded_public_dataset
uci_sms_00985,safe,LOOK AT THE FUCKIN TIME. WHAT THE FUCK YOU THINK IS UP,safe_personal,en,UCI SMS Spam Collection,downloaded_public_dataset
uci_sms_00986,safe,Yo guess what I just dropped,safe_personal,en,UCI SMS Spam Collection,downloaded_public_dataset
uci_sms_00987,safe,Carlos says he'll be at mu in &lt;#&gt; minutes,safe_personal,en,UCI SMS Spam Collection,downloaded_public_dataset
uci_sms_00988,safe,I'm in office now . I will call you &lt;#&gt; min:),safe_personal,en,UCI SMS Spam Collection,downloaded_public_dataset
uci_sms_00989,safe,"Geeee ... I miss you already, you know ? Your all I can think about. Fuck, I can't wait till next year when we will be together ... *loving kiss*",safe_personal,en,UCI SMS Spam Collection,downloaded_public_dataset
uci_sms_00990,safe,"Yun ah.the ubi one say if ü wan call by tomorrow.call 67441233 look for irene.ere only got bus8,22,65,61,66,382. Ubi cres,ubi tech park.6ph for 1st 5wkg days.èn",safe_personal,en,UCI SMS Spam Collection,downloaded_public_dataset
uci_sms_00991,safe,Ugh. Gotta drive back to sd from la. My butt is sore.,safe_personal,en,UCI SMS Spam Collection,downloaded_public_dataset
uci_sms_00992,safe,26th OF JULY,safe_personal,en,UCI SMS Spam Collection,downloaded_public_dataset
uci_sms_00993,safe,Hi im having the most relaxing time ever! we have to get up at 7am every day! was the party good the other night? I get home tomorrow at 5ish.,safe_personal,en,UCI SMS Spam Collection,downloaded_public_dataset
uci_sms_00994,safe,Up to ü... Ü wan come then come lor... But i din c any stripes skirt...,safe_personal,en,UCI SMS Spam Collection,downloaded_public_dataset
uci_sms_00995,safe,The Xmas story is peace.. The Xmas msg is love.. The Xmas miracle is jesus.. Hav a blessed month ahead &amp; wish U Merry Xmas...,safe_personal,en,UCI SMS Spam Collection,downloaded_public_dataset
uci_sms_00996,safe,"I can't, I don't have her number!",safe_personal,en,UCI SMS Spam Collection,downloaded_public_dataset
uci_sms_00997,safe,Change again... It's e one next to escalator...,safe_personal,en,UCI SMS Spam Collection,downloaded_public_dataset
uci_sms_00998,safe,Yetunde i'm in class can you not run water on it to make it ok. Pls now.,safe_personal,en,UCI SMS Spam Collection,downloaded_public_dataset
uci_sms_00999,safe,Not a lot has happened here. Feels very quiet. Beth is at her aunts and charlie is working lots. Just me and helen in at the mo. How have you been?,safe_personal,en,UCI SMS Spam Collection,downloaded_public_dataset
uci_sms_01000,safe,Then ü wait 4 me at bus stop aft ur lect lar. If i dun c ü then i go get my car then come back n pick ü.,safe_personal,en,UCI SMS Spam Collection,downloaded_public_dataset
uci_sms_01001,safe,"Aight will do, thanks again for comin out",safe_personal,en,UCI SMS Spam Collection,downloaded_public_dataset
uci_sms_01002,safe,No..but heard abt tat..,safe_personal,en,UCI SMS Spam Collection,downloaded_public_dataset
uci_sms_01005,safe,&lt;#&gt; am I think? Should say on syllabus,safe_personal,en,UCI SMS Spam Collection,downloaded_public_dataset
uci_sms_01006,safe,Umma. Did she say anything,safe_personal,en,UCI SMS Spam Collection,downloaded_public_dataset
uci_sms_01007,safe,Give me a sec to think think about it,safe_personal,en,UCI SMS Spam Collection,downloaded_public_dataset
uci_sms_01008,scam,Panasonic & BluetoothHdset FREE. Nokia FREE. Motorola FREE & DoubleMins & DoubleTxt on Orange contract. Call MobileUpd8 on 08000839402 or call 2optout,spam_or_unspecified,en,UCI SMS Spam Collection,downloaded_public_dataset
uci_sms_01009,safe,I don't quite know what to do. I still can't get hold of anyone. I cud pick you up bout 7.30pm and we can see if they're in the pub?,safe_personal,en,UCI SMS Spam Collection,downloaded_public_dataset
uci_sms_01010,safe,"Poyyarikatur,kolathupalayam,unjalur post,erode dis, &lt;#&gt; .",safe_personal,en,UCI SMS Spam Collection,downloaded_public_dataset
uci_sms_01011,safe,"Dear Hero,i am leaving to qatar tonite for an apt opportunity.pls do keep in touch at &lt;EMAIL&gt; ,kerala",safe_personal,en,UCI SMS Spam Collection,downloaded_public_dataset
uci_sms_01012,safe,Lol I would but my mom would have a fit and tell the whole family how crazy and terrible I am,safe_personal,en,UCI SMS Spam Collection,downloaded_public_dataset
uci_sms_01013,safe,"I just got home babe, are you still awake ?",safe_personal,en,UCI SMS Spam Collection,downloaded_public_dataset
uci_sms_01014,safe,I dunno they close oredi not... Ü v ma fan...,safe_personal,en,UCI SMS Spam Collection,downloaded_public_dataset
uci_sms_01015,safe,Just buy a pizza. Meat lovers or supreme. U get to pick.,safe_personal,en,UCI SMS Spam Collection,downloaded_public_dataset
uci_sms_01016,safe,"Ya, told..she was asking wats matter?",safe_personal,en,UCI SMS Spam Collection,downloaded_public_dataset
uci_sms_01017,safe,"Dear,regret i cudnt pick call.drove down frm ctla now at cochin home.left mobile in car..ente style ishtamayoo?happy bakrid!",safe_personal,en,UCI SMS Spam Collection,downloaded_public_dataset
uci_sms_01018,scam,FREE for 1st week! No1 Nokia tone 4 ur mob every week just txt NOKIA to 8007 Get txting and tell ur mates www.getzed.co.uk POBox 36504 W45WQ norm150p/tone 16+,spam_or_unspecified,en,UCI SMS Spam Collection,downloaded_public_dataset
uci_sms_01019,safe,Shall i send that exe to your mail id.,safe_personal,en,UCI SMS Spam Collection,downloaded_public_dataset
uci_sms_01020,safe,Nope watching tv at home... Not going out. V bored...,safe_personal,en,UCI SMS Spam Collection,downloaded_public_dataset
uci_sms_01021,safe,Don know..wait i will check it.,safe_personal,en,UCI SMS Spam Collection,downloaded_public_dataset
uci_sms_01022,safe,"Good afternoon on this glorious anniversary day, my sweet J !! I hope this finds you happy and content, my Prey. I think of you and send a teasing kiss from across the sea coaxing images of fond souveniers ... You Cougar-Pen",safe_personal,en,UCI SMS Spam Collection,downloaded_public_dataset
uci_sms_01023,scam,Guess what! Somebody you know secretly fancies you! Wanna find out who it is? Give us a call on 09065394514 From Landline DATEBox1282EssexCM61XN 150p/min 18,spam_or_unspecified,en,UCI SMS Spam Collection,downloaded_public_dataset
uci_sms_01024,safe,We still on for tonight?,safe_personal,en,UCI SMS Spam Collection,downloaded_public_dataset
uci_sms_01025,safe,May i call You later Pls,safe_personal,en,UCI SMS Spam Collection,downloaded_public_dataset
uci_sms_01026,safe,Hasn't that been the pattern recently crap weekends?,safe_personal,en,UCI SMS Spam Collection,downloaded_public_dataset
uci_sms_01027,safe,I have a sore throat. It's scratches when I talk,safe_personal,en,UCI SMS Spam Collection,downloaded_public_dataset
uci_sms_01028,safe,Yes da. Any plm at ur office,safe_personal,en,UCI SMS Spam Collection,downloaded_public_dataset
uci_sms_01029,safe,Are you not around or just still asleep? :V,safe_personal,en,UCI SMS Spam Collection,downloaded_public_dataset
uci_sms_01030,safe,"Lol you forgot it eh ? Yes, I'll bring it in babe",safe_personal,en,UCI SMS Spam Collection,downloaded_public_dataset
uci_sms_01031,safe,"Its good, we'll find a way",safe_personal,en,UCI SMS Spam Collection,downloaded_public_dataset
uci_sms_01032,safe,Can not use foreign stamps in this country. Good lecture .,safe_personal,en,UCI SMS Spam Collection,downloaded_public_dataset
uci_sms_01033,safe,Yup bathe liao...,safe_personal,en,UCI SMS Spam Collection,downloaded_public_dataset
uci_sms_01034,safe,HAPPY NEW YEAR MY NO.1 MAN,safe_personal,en,UCI SMS Spam Collection,downloaded_public_dataset
uci_sms_01035,safe,"OH MR SHEFFIELD! You wanna play THAT game, okay. You're the boss and I'm the nanny. You give me a raise and I'll give YOU one!!",safe_personal,en,UCI SMS Spam Collection,downloaded_public_dataset
uci_sms_01036,safe,ZOE IT JUST HIT ME 2 IM FUCKING SHITIN MYSELF IL DEFO TRY MY HARDEST 2 CUM 2MOROW LUV U MILLIONS LEKDOG,safe_personal,en,UCI SMS Spam Collection,downloaded_public_dataset
uci_sms_01037,safe,"Hello baby, did you get back to your mom's ? Are you setting up the computer now ? Filling your belly ? How goes it loverboy ? I miss you already ... *sighs*",safe_personal,en,UCI SMS Spam Collection,downloaded_public_dataset
uci_sms_01038,safe,"No my blankets are sufficient, thx",safe_personal,en,UCI SMS Spam Collection,downloaded_public_dataset
uci_sms_01039,safe,"naughty little thought: 'its better to flirt, flirt n flirt, rather than loving someone n gettin hurt, hurt n hurt...:-) Gud nyt",safe_personal,en,UCI SMS Spam Collection,downloaded_public_dataset
uci_sms_01040,safe,"Edison has rightly said, ""A fool can ask more questions than a wise man can answer"" Now you know why all of us are speechless during ViVa.. GM,GN,GE,GNT:-)",safe_personal,en,UCI SMS Spam Collection,downloaded_public_dataset
uci_sms_01041,safe,They just talking thats it de. They wont any other.,safe_personal,en,UCI SMS Spam Collection,downloaded_public_dataset
uci_sms_01042,safe,Today am going to college so am not able to atten the class.,safe_personal,en,UCI SMS Spam Collection,downloaded_public_dataset
uci_sms_01043,safe,I'm in class. Will holla later,safe_personal,en,UCI SMS Spam Collection,downloaded_public_dataset
uci_sms_01045,safe,Mmm thats better now i got a roast down me! id b better if i had a few drinks down me 2! Good indian?,safe_personal,en,UCI SMS Spam Collection,downloaded_public_dataset
uci_sms_01046,scam,"We know someone who you know that fancies you. Call 09058097218 to find out who. POBox 6, LS15HB 150p",spam_or_unspecified,en,UCI SMS Spam Collection,downloaded_public_dataset
uci_sms_01047,safe,"Come round, it's .",safe_personal,en,UCI SMS Spam Collection,downloaded_public_dataset
uci_sms_01048,safe,"Do 1 thing! Change that sentence into: ""Because i want 2 concentrate in my educational career im leaving here..""",safe_personal,en,UCI SMS Spam Collection,downloaded_public_dataset
uci_sms_01049,scam,"1000's flirting NOW! Txt GIRL or BLOKE & ur NAME & AGE, eg GIRL ZOE 18 to 8007 to join and get chatting!",spam_or_unspecified,en,UCI SMS Spam Collection,downloaded_public_dataset
uci_sms_01050,safe,I walked an hour 2 c u! doesnt that show I care y wont u believe im serious?,safe_personal,en,UCI SMS Spam Collection,downloaded_public_dataset
uci_sms_01051,scam,18 days to Euro2004 kickoff! U will be kept informed of all the latest news and results daily. Unsubscribe send GET EURO STOP to 83222.,spam_or_unspecified,en,UCI SMS Spam Collection,downloaded_public_dataset
uci_sms_01052,safe,Are you available for soiree on June 3rd?,safe_personal,en,UCI SMS Spam Collection,downloaded_public_dataset
uci_sms_01053,safe,Do u noe wat time e place dat sells 4d closes?,safe_personal,en,UCI SMS Spam Collection,downloaded_public_dataset
uci_sms_01054,safe,"I got another job! The one at the hospital doing data analysis or something, starts on monday! Not sure when my thesis will got finished",safe_personal,en,UCI SMS Spam Collection,downloaded_public_dataset
uci_sms_01055,safe,Jay's getting really impatient and belligerent,safe_personal,en,UCI SMS Spam Collection,downloaded_public_dataset
uci_sms_01056,safe,HIYA COMIN 2 BRISTOL 1 ST WEEK IN APRIL. LES GOT OFF + RUDI ON NEW YRS EVE BUT I WAS SNORING.THEY WERE DRUNK! U BAK AT COLLEGE YET? MY WORK SENDS INK 2 BATH.,safe_personal,en,UCI SMS Spam Collection,downloaded_public_dataset
uci_sms_01057,safe,I'm at work. Please call,safe_personal,en,UCI SMS Spam Collection,downloaded_public_dataset
uci_sms_01058,safe,Then u drive lor.,safe_personal,en,UCI SMS Spam Collection,downloaded_public_dataset
uci_sms_01059,safe,Ard 515 like dat. Y?,safe_personal,en,UCI SMS Spam Collection,downloaded_public_dataset
uci_sms_01060,safe,Tell me they're female :V how're you throwing in? We're deciding what all to get now,safe_personal,en,UCI SMS Spam Collection,downloaded_public_dataset
uci_sms_01061,scam,EASTENDERS TV Quiz. What FLOWER does DOT compare herself to? D= VIOLET E= TULIP F= LILY txt D E or F to 84025 NOW 4 chance 2 WIN £100 Cash WKENT/150P16+,spam_or_unspecified,en,UCI SMS Spam Collection,downloaded_public_dataset
uci_sms_01062,safe,I'm working technical support :)voice process.networking field.,safe_personal,en,UCI SMS Spam Collection,downloaded_public_dataset
uci_sms_01063,safe,I might come to kerala for 2 days.so you can be prepared to take a leave once i finalise .dont plan any travel during my visit.need to finish urgent works.,safe_personal,en,UCI SMS Spam Collection,downloaded_public_dataset
uci_sms_01064,safe,Ok. Not sure what time tho as not sure if can get to library before class. Will try. See you at some point! Have good eve.,safe_personal,en,UCI SMS Spam Collection,downloaded_public_dataset
uci_sms_01065,scam,We have new local dates in your area - Lots of new people registered in YOUR AREA. Reply DATE to start now! 18 only www.flirtparty.us REPLYS150,spam_or_unspecified,en,UCI SMS Spam Collection,downloaded_public_dataset
uci_sms_01066,safe,"That's fine, I'll bitch at you about it later then",safe_personal,en,UCI SMS Spam Collection,downloaded_public_dataset
uci_sms_01067,safe,No my mum went 2 dentist.,safe_personal,en,UCI SMS Spam Collection,downloaded_public_dataset
uci_sms_01068,safe,Once free call me sir. I am waiting for you.,safe_personal,en,UCI SMS Spam Collection,downloaded_public_dataset
uci_sms_01069,safe,Meeting u is my work. . . Tel me when shall i do my work tomorrow,safe_personal,en,UCI SMS Spam Collection,downloaded_public_dataset
uci_sms_01070,scam,Someone U know has asked our dating service 2 contact you! Cant Guess who? CALL 09058091854 NOW all will be revealed. PO BOX385 M6 6WU,spam_or_unspecified,en,UCI SMS Spam Collection,downloaded_public_dataset
uci_sms_01071,safe,Jus finish bathing...,safe_personal,en,UCI SMS Spam Collection,downloaded_public_dataset
uci_sms_01072,safe,"alright, I'll make sure the car is back tonight",safe_personal,en,UCI SMS Spam Collection,downloaded_public_dataset
uci_sms_01073,scam,URGENT! We are trying to contact U. Todays draw shows that you have won a £800 prize GUARANTEED. Call 09050003091 from land line. Claim C52. Valid12hrs only,spam_or_unspecified,en,UCI SMS Spam Collection,downloaded_public_dataset
uci_sms_01074,scam,Dear U've been invited to XCHAT. This is our final attempt to contact u! Txt CHAT to 86688,spam_or_unspecified,en,UCI SMS Spam Collection,downloaded_public_dataset
uci_sms_01075,safe,Lul im gettin some juicy gossip at the hospital. Two nurses are talking about how fat they are gettin. And one thinks shes obese. Oyea.,safe_personal,en,UCI SMS Spam Collection,downloaded_public_dataset
uci_sms_01076,safe,Aight ill get on fb in a couple minutes,safe_personal,en,UCI SMS Spam Collection,downloaded_public_dataset
uci_sms_01077,safe,Oi. Ami parchi na re. Kicchu kaaj korte iccha korche na. Phone ta tul na. Plz. Plz.,safe_personal,en,UCI SMS Spam Collection,downloaded_public_dataset
uci_sms_01078,safe,Where can download clear movies. Dvd copies.,safe_personal,en,UCI SMS Spam Collection,downloaded_public_dataset
uci_sms_01079,safe,"Yep, by the pretty sculpture",safe_personal,en,UCI SMS Spam Collection,downloaded_public_dataset
uci_sms_01080,safe,Convey my regards to him,safe_personal,en,UCI SMS Spam Collection,downloaded_public_dataset
uci_sms_01081,safe,Me too watching surya movie only. . .after 6 pm vijay movie POKKIRI,safe_personal,en,UCI SMS Spam Collection,downloaded_public_dataset
uci_sms_01082,safe,You tell what happen dont behave like this to me. Ok no need to say,safe_personal,en,UCI SMS Spam Collection,downloaded_public_dataset
uci_sms_01083,safe,Can u get pic msgs to your phone?,safe_personal,en,UCI SMS Spam Collection,downloaded_public_dataset
uci_sms_01084,safe,Send to someone else :-),safe_personal,en,UCI SMS Spam Collection,downloaded_public_dataset
uci_sms_01085,safe,Wat makes some people dearer is not just de happiness dat u feel when u meet them but de pain u feel when u miss dem!!!,safe_personal,en,UCI SMS Spam Collection,downloaded_public_dataset
uci_sms_01086,safe,For me the love should start with attraction.i should feel that I need her every time around me.she should be the first thing which comes in my thoughts.I would start the day and end it with her.she should be there every time I dream.love will be then when my every breath has her name.my life should happen around her.my life will be named to her.I would cry for her.will give all my happiness and take all her sorrows.I will be ready to fight with anyone for her.I will be in love when I will be doing the craziest things for her.love will be when I don't have to proove anyone that my girl is the most beautiful lady on the whole planet.I will always be singing praises for her.love will be when I start up making chicken curry and end up makiing sambar.life will be the most beautiful then.will get every morning and thank god for the day because she is with me.I would like to say a lot..will tell later..,safe_personal,en,UCI SMS Spam Collection,downloaded_public_dataset
uci_sms_01087,safe,"FR'NDSHIP is like a needle of a clock. Though V r in d same clock, V r nt able 2 met. Evn if V meet,itz only 4few seconds. Bt V alwys stay conected. Gud 9t;-)",safe_personal,en,UCI SMS Spam Collection,downloaded_public_dataset
uci_sms_01088,safe,I don't think he has spatula hands!,safe_personal,en,UCI SMS Spam Collection,downloaded_public_dataset
uci_sms_01089,safe,You can never do NOTHING,safe_personal,en,UCI SMS Spam Collection,downloaded_public_dataset
uci_sms_01090,scam,You are awarded a SiPix Digital Camera! call 09061221061 from landline. Delivery within 28days. T Cs Box177. M221BP. 2yr warranty. 150ppm. 16 . p p£3.99,spam_or_unspecified,en,UCI SMS Spam Collection,downloaded_public_dataset
uci_sms_01091,safe,Goodmorning today i am late for &lt;DECIMAL&gt; min.,safe_personal,en,UCI SMS Spam Collection,downloaded_public_dataset
uci_sms_01092,scam,WIN URGENT! Your mobile number has been awarded with a £2000 prize GUARANTEED call 09061790121 from land line. claim 3030 valid 12hrs only 150ppm,spam_or_unspecified,en,UCI SMS Spam Collection,downloaded_public_dataset
uci_sms_01093,safe,Please da call me any mistake from my side sorry da. Pls da goto doctor.,safe_personal,en,UCI SMS Spam Collection,downloaded_public_dataset
uci_sms_01094,safe,Where r we meeting?,safe_personal,en,UCI SMS Spam Collection,downloaded_public_dataset
uci_sms_01095,safe,"Well the weather in cali's great. But its complexities are great. You need a car to move freely, its taxes are outrageous. But all in all its a great place. The sad part is i missing home.",safe_personal,en,UCI SMS Spam Collection,downloaded_public_dataset
uci_sms_01096,safe,Now only i reached home. . . I am very tired now. . I will come tomorro,safe_personal,en,UCI SMS Spam Collection,downloaded_public_dataset
uci_sms_01097,safe,Ryder unsold.now gibbs.,safe_personal,en,UCI SMS Spam Collection,downloaded_public_dataset
uci_sms_01098,scam,Dear Subscriber ur draw 4 £100 gift voucher will b entered on receipt of a correct ans. When was Elvis Presleys Birthday? TXT answer to 80062,spam_or_unspecified,en,UCI SMS Spam Collection,downloaded_public_dataset
uci_sms_01099,safe,Don't fret. I'll buy the ovulation test strips and send them to you. You wont get them til like march. Can you send me your postal address.u'll be alright.Okay.,safe_personal,en,UCI SMS Spam Collection,downloaded_public_dataset
uci_sms_01100,safe,NO GIFTS!! You trying to get me to throw myself off a cliff or something?,safe_personal,en,UCI SMS Spam Collection,downloaded_public_dataset
uci_sms_01101,safe,Been up to ne thing interesting. Did you have a good birthday? When are u wrking nxt? I started uni today.,safe_personal,en,UCI SMS Spam Collection,downloaded_public_dataset
uci_sms_01102,safe,You busy or can I come by at some point and figure out what we're doing tomorrow,safe_personal,en,UCI SMS Spam Collection,downloaded_public_dataset
uci_sms_01103,safe,"Yeah go on then, bored and depressed sittin waitin for phone to ring... Hope the wind drops though, scary",safe_personal,en,UCI SMS Spam Collection,downloaded_public_dataset
uci_sms_01104,safe,Black shirt n blue jeans... I thk i c ü...,safe_personal,en,UCI SMS Spam Collection,downloaded_public_dataset
uci_sms_01105,safe,Aiyah sorry lor... I watch tv watch until i forgot 2 check my phone.,safe_personal,en,UCI SMS Spam Collection,downloaded_public_dataset
uci_sms_01106,scam,Message Important information for O2 user. Today is your lucky day! 2 find out why log onto http://www.urawinner.com there is a fantastic surprise awaiting you,spam_or_unspecified,en,UCI SMS Spam Collection,downloaded_public_dataset
uci_sms_01107,safe,on hen night. Going with a swing,safe_personal,en,UCI SMS Spam Collection,downloaded_public_dataset
uci_sms_01108,safe,"Good afternoon, my love. How goes your day ? What are you up to ? I woke early and am online waiting for you ... Hmmm ... Italian boy is online I see . *grins*",safe_personal,en,UCI SMS Spam Collection,downloaded_public_dataset
uci_sms_01109,safe,From someone not to smoke when every time I've smoked in the last two weeks is because of you calling or texting me that you wanted to smoke,safe_personal,en,UCI SMS Spam Collection,downloaded_public_dataset
uci_sms_01110,safe,No you'll just get a headache trying to figure it out. U can trust me to do the math. I promise. O:-),safe_personal,en,UCI SMS Spam Collection,downloaded_public_dataset
uci_sms_01111,safe,S s..first time..dhoni rocks...,safe_personal,en,UCI SMS Spam Collection,downloaded_public_dataset
uci_sms_01112,safe,Ok ill tell the company,safe_personal,en,UCI SMS Spam Collection,downloaded_public_dataset
uci_sms_01113,safe,"Awesome, think we can get an 8th at usf some time tonight?",safe_personal,en,UCI SMS Spam Collection,downloaded_public_dataset
uci_sms_01114,safe,So that means you still think of teju,safe_personal,en,UCI SMS Spam Collection,downloaded_public_dataset
uci_sms_01115,safe,"No I'm good for the movie, is it ok if I leave in an hourish?",safe_personal,en,UCI SMS Spam Collection,downloaded_public_dataset
uci_sms_01116,safe,No no:)this is kallis home ground.amla home town is durban:),safe_personal,en,UCI SMS Spam Collection,downloaded_public_dataset
uci_sms_01117,safe,So lets make it saturday or monday as per convenience.,safe_personal,en,UCI SMS Spam Collection,downloaded_public_dataset
uci_sms_01118,safe,Hey... What time is your driving on fri? We go for evaluation on fri?,safe_personal,en,UCI SMS Spam Collection,downloaded_public_dataset
uci_sms_01119,scam,"449050000301 You have won a £2,000 price! To claim, call 09050000301.",spam_or_unspecified,en,UCI SMS Spam Collection,downloaded_public_dataset
uci_sms_01120,safe,I'm going 4 lunch now wif my family then aft dat i go str 2 orchard lor.,safe_personal,en,UCI SMS Spam Collection,downloaded_public_dataset
uci_sms_01121,scam,"Bored of speed dating? Try SPEEDCHAT, txt SPEEDCHAT to 80155, if you don't like em txt SWAP and get a new chatter! Chat80155 POBox36504W45WQ 150p/msg rcd 16",spam_or_unspecified,en,UCI SMS Spam Collection,downloaded_public_dataset
uci_sms_01122,safe,Cancel cheyyamo?and get some money back?,safe_personal,en,UCI SMS Spam Collection,downloaded_public_dataset
uci_sms_01123,scam,Do you want 750 anytime any network mins 150 text and a NEW video phone for only five pounds per week call 08000776320 now or reply for delivery Tomorrow,spam_or_unspecified,en,UCI SMS Spam Collection,downloaded_public_dataset
uci_sms_01124,safe,Ok.ok ok..then..whats ur todays plan,safe_personal,en,UCI SMS Spam Collection,downloaded_public_dataset
uci_sms_01125,safe,Good morning princess! How are you?,safe_personal,en,UCI SMS Spam Collection,downloaded_public_dataset
uci_sms_01126,safe,Aiyar sorry lor forgot 2 tell u...,safe_personal,en,UCI SMS Spam Collection,downloaded_public_dataset
uci_sms_01127,scam,For taking part in our mobile survey yesterday! You can now have 500 texts 2 use however you wish. 2 get txts just send TXT to 80160 T&C www.txt43.com 1.50p,spam_or_unspecified,en,UCI SMS Spam Collection,downloaded_public_dataset
uci_sms_01128,safe,Not tonight mate. Catching up on some sleep. This is my new number by the way.,safe_personal,en,UCI SMS Spam Collection,downloaded_public_dataset
uci_sms_01129,safe,"Height of ""Oh shit....!!"" situation: A guy throws a luv letter on a gal but falls on her brothers head whos a gay,.;-):-D",safe_personal,en,UCI SMS Spam Collection,downloaded_public_dataset
uci_sms_01130,scam,Ur HMV Quiz cash-balance is currently £500 - to maximize ur cash-in now send HMV1 to 86688 only 150p/msg,spam_or_unspecified,en,UCI SMS Spam Collection,downloaded_public_dataset
uci_sms_01131,safe,"So check your errors and if you had difficulties, do correction.",safe_personal,en,UCI SMS Spam Collection,downloaded_public_dataset
uci_sms_01132,safe,Howz pain?hope u r fine..,safe_personal,en,UCI SMS Spam Collection,downloaded_public_dataset
uci_sms_01136,safe,U wake up already? Thanx 4 e tau sar piah it's quite nice.,safe_personal,en,UCI SMS Spam Collection,downloaded_public_dataset
uci_sms_01137,safe,K do I need a login or anything,safe_personal,en,UCI SMS Spam Collection,downloaded_public_dataset
uci_sms_01138,scam,Dont forget you can place as many FREE Requests with 1stchoice.co.uk as you wish. For more Information call 08707808226.,spam_or_unspecified,en,UCI SMS Spam Collection,downloaded_public_dataset
uci_sms_01139,safe,LOL ... No just was busy,safe_personal,en,UCI SMS Spam Collection,downloaded_public_dataset
uci_sms_01140,safe,What * u wearing?,safe_personal,en,UCI SMS Spam Collection,downloaded_public_dataset
uci_sms_01142,safe,Oh:)as usual vijay film or its different?,safe_personal,en,UCI SMS Spam Collection,downloaded_public_dataset
uci_sms_01143,scam,I don't know u and u don't know me. Send CHAT to 86688 now and let's find each other! Only 150p/Msg rcvd. HG/Suite342/2Lands/Row/W1J6HL LDN. 18 years or over.,spam_or_unspecified,en,UCI SMS Spam Collection,downloaded_public_dataset
uci_sms_01144,safe,Have you had a good day? Mine was really busy are you up to much tomorrow night?,safe_personal,en,UCI SMS Spam Collection,downloaded_public_dataset
uci_sms_01145,safe,And is there a way you can send shade's stuff to her. And she has been wonderful too.,safe_personal,en,UCI SMS Spam Collection,downloaded_public_dataset
uci_sms_01146,safe,Really... I tot ur paper ended long ago... But wat u copied jus now got use? U happy lar... I still haf 2 study :-(,safe_personal,en,UCI SMS Spam Collection,downloaded_public_dataset
uci_sms_01147,scam,"Thank you, winner notified by sms. Good Luck! No future marketing reply STOP to 84122 customer services 08450542832",spam_or_unspecified,en,UCI SMS Spam Collection,downloaded_public_dataset
uci_sms_01148,safe,Babe ? I lost you ... :-(,safe_personal,en,UCI SMS Spam Collection,downloaded_public_dataset
uci_sms_01149,safe,Ok... Help me ask if she's working tmr a not?,safe_personal,en,UCI SMS Spam Collection,downloaded_public_dataset
uci_sms_01150,safe,I'm not driving... Raining! Then i'll get caught at e mrt station lor.,safe_personal,en,UCI SMS Spam Collection,downloaded_public_dataset
uci_sms_01151,safe,Not a drop in the tank,safe_personal,en,UCI SMS Spam Collection,downloaded_public_dataset
uci_sms_01152,safe,(That said can you text him one more time?),safe_personal,en,UCI SMS Spam Collection,downloaded_public_dataset
uci_sms_01154,safe,Ok i go change also...,safe_personal,en,UCI SMS Spam Collection,downloaded_public_dataset
uci_sms_01155,scam,1000's of girls many local 2 u who r virgins 2 this & r ready 2 4fil ur every sexual need. Can u 4fil theirs? text CUTE to 69911(£1.50p. m),spam_or_unspecified,en,UCI SMS Spam Collection,downloaded_public_dataset
uci_sms_01156,safe,Did u find a sitter for kaitlyn? I was sick and slept all day yesterday.,safe_personal,en,UCI SMS Spam Collection,downloaded_public_dataset
uci_sms_01157,safe,"Sorry man, accidentally left my phone on silent last night and didn't check it til I got up",safe_personal,en,UCI SMS Spam Collection,downloaded_public_dataset
uci_sms_01158,safe,Hey.. Something came up last min.. Think i wun be signing up tmr.. Hee,safe_personal,en,UCI SMS Spam Collection,downloaded_public_dataset
uci_sms_01159,safe,He's an adult and would learn from the experience. There's no real danger. I just dont like peeps using drugs they dont need. But no comment,safe_personal,en,UCI SMS Spam Collection,downloaded_public_dataset
uci_sms_01160,safe,Hey! There's veggie pizza... :/,safe_personal,en,UCI SMS Spam Collection,downloaded_public_dataset
uci_sms_01161,safe,Yun buying... But school got offer 2000 plus only...,safe_personal,en,UCI SMS Spam Collection,downloaded_public_dataset
uci_sms_01162,safe,You sure your neighbors didnt pick it up,safe_personal,en,UCI SMS Spam Collection,downloaded_public_dataset
uci_sms_01163,safe,K. I will sent it again,safe_personal,en,UCI SMS Spam Collection,downloaded_public_dataset
uci_sms_01166,safe,Well. Im computerless. Time to make some oreo truffles,safe_personal,en,UCI SMS Spam Collection,downloaded_public_dataset
uci_sms_01167,safe,"Haha yeah I see that now, be there in a sec",safe_personal,en,UCI SMS Spam Collection,downloaded_public_dataset
uci_sms_01168,safe,I am not having her number sir,safe_personal,en,UCI SMS Spam Collection,downloaded_public_dataset
uci_sms_01169,safe,Lol now I'm after that hot air balloon!,safe_personal,en,UCI SMS Spam Collection,downloaded_public_dataset
uci_sms_01170,safe,Ok . . now i am in bus. . If i come soon i will come otherwise tomorrow,safe_personal,en,UCI SMS Spam Collection,downloaded_public_dataset
uci_sms_01171,safe,Msgs r not time pass.They silently say that I am thinking of U right now and also making U think of me at least 4 a moment. Gd nt.swt drms @Shesil,safe_personal,en,UCI SMS Spam Collection,downloaded_public_dataset
uci_sms_01172,safe,"Yeah, we can probably swing by once my roommate finishes up with his girl",safe_personal,en,UCI SMS Spam Collection,downloaded_public_dataset
uci_sms_01173,scam,"Got what it takes 2 take part in the WRC Rally in Oz? U can with Lucozade Energy! Text RALLY LE to 61200 (25p), see packs or lucozade.co.uk/wrc & itcould be u!",spam_or_unspecified,en,UCI SMS Spam Collection,downloaded_public_dataset
uci_sms_01174,safe,Happy new years melody!,safe_personal,en,UCI SMS Spam Collection,downloaded_public_dataset
uci_sms_01175,safe,Ü dun need to pick ur gf?,safe_personal,en,UCI SMS Spam Collection,downloaded_public_dataset
uci_sms_01176,safe,Yay! You better not have told that to 5 other girls either.,safe_personal,en,UCI SMS Spam Collection,downloaded_public_dataset
uci_sms_01177,safe,Horrible u eat macs eat until u forgot abt me already rite... U take so long 2 reply. I thk it's more toot than b4 so b prepared. Now wat shall i eat?,safe_personal,en,UCI SMS Spam Collection,downloaded_public_dataset
uci_sms_01178,safe,"Did he say how fantastic I am by any chance, or anything need a bigger life lift as losing the will 2 live, do you think I would be the first person 2 die from N V Q?",safe_personal,en,UCI SMS Spam Collection,downloaded_public_dataset
uci_sms_01179,safe,Just nw i came to hme da..,safe_personal,en,UCI SMS Spam Collection,downloaded_public_dataset
uci_sms_01180,safe,"I'm outside islands, head towards hard rock and you'll run into me",safe_personal,en,UCI SMS Spam Collection,downloaded_public_dataset
uci_sms_01181,safe,To day class is there are no class.,safe_personal,en,UCI SMS Spam Collection,downloaded_public_dataset
uci_sms_01182,safe,I'm in chennai velachery:),safe_personal,en,UCI SMS Spam Collection,downloaded_public_dataset
uci_sms_01183,safe,You flippin your shit yet?,safe_personal,en,UCI SMS Spam Collection,downloaded_public_dataset
uci_sms_01184,safe,"K give me a sec, breaking a &lt;#&gt; at cstore",safe_personal,en,UCI SMS Spam Collection,downloaded_public_dataset
uci_sms_01185,safe,Am i that much bad to avoid like this?,safe_personal,en,UCI SMS Spam Collection,downloaded_public_dataset
uci_sms_01186,safe,"Yo, you around? Just got my car back",safe_personal,en,UCI SMS Spam Collection,downloaded_public_dataset
uci_sms_01187,safe,Annoying isn't it.,safe_personal,en,UCI SMS Spam Collection,downloaded_public_dataset
uci_sms_01188,safe,"Goodmorning, Today i am late for &lt;#&gt; min.",safe_personal,en,UCI SMS Spam Collection,downloaded_public_dataset
uci_sms_01189,safe,There's no point hangin on to mr not right if he's not makin u happy,safe_personal,en,UCI SMS Spam Collection,downloaded_public_dataset
uci_sms_01190,safe,All will come alive.better correct any good looking figure there itself..,safe_personal,en,UCI SMS Spam Collection,downloaded_public_dataset
uci_sms_01191,safe,In that case I guess I'll see you at campus lodge,safe_personal,en,UCI SMS Spam Collection,downloaded_public_dataset
uci_sms_01192,safe,We're done...,safe_personal,en,UCI SMS Spam Collection,downloaded_public_dataset
uci_sms_01193,safe,Come to my home for one last time i wont do anything. Trust me.,safe_personal,en,UCI SMS Spam Collection,downloaded_public_dataset
uci_sms_01194,safe,I was up all night too worrying about this appt. It's a shame we missed a girls night out with quizzes popcorn and you doing my hair.,safe_personal,en,UCI SMS Spam Collection,downloaded_public_dataset
uci_sms_01195,scam,Sex up ur mobile with a FREE sexy pic of Jordan! Just text BABE to 88600. Then every wk get a sexy celeb! PocketBabe.co.uk 4 more pics. 16 £3/wk 087016248,spam_or_unspecified,en,UCI SMS Spam Collection,downloaded_public_dataset
uci_sms_01196,safe,Ok... C ya...,safe_personal,en,UCI SMS Spam Collection,downloaded_public_dataset
uci_sms_01197,scam,You have 1 new voicemail. Please call 08719181503,spam_or_unspecified,en,UCI SMS Spam Collection,downloaded_public_dataset
uci_sms_01198,safe,What he said is not the matter. My mind saying some other matter is there.,safe_personal,en,UCI SMS Spam Collection,downloaded_public_dataset
uci_sms_01200,safe,"Al he does is moan at me if n e thin goes wrong its my fault&al de arguments r my fault&fed up of him of himso y bother? Hav 2go, thanx.xx",safe_personal,en,UCI SMS Spam Collection,downloaded_public_dataset
uci_sms_01201,safe,NEFT Transaction with reference number &lt;#&gt; for Rs. &lt;DECIMAL&gt; has been credited to the beneficiary account on &lt;#&gt; at &lt;TIME&gt; : &lt;#&gt;,safe_personal,en,UCI SMS Spam Collection,downloaded_public_dataset
uci_sms_01202,safe,Otherwise had part time job na-tuition..,safe_personal,en,UCI SMS Spam Collection,downloaded_public_dataset
uci_sms_01203,safe,I know she called me,safe_personal,en,UCI SMS Spam Collection,downloaded_public_dataset
uci_sms_01204,safe,"Me also da, i feel yesterday night wait til 2day night dear.",safe_personal,en,UCI SMS Spam Collection,downloaded_public_dataset
uci_sms_01205,safe,Thanks for understanding. I've been trying to tell sura that.,safe_personal,en,UCI SMS Spam Collection,downloaded_public_dataset
uci_sms_01206,scam,WIN a year supply of CDs 4 a store of ur choice worth £500 & enter our £100 Weekly draw txt MUSIC to 87066 Ts&Cs www.Ldew.com.subs16+1win150ppmx3,spam_or_unspecified,en,UCI SMS Spam Collection,downloaded_public_dataset
uci_sms_01207,safe,The whole car appreciated the last two! Dad and are having a map reading semi argument but apart from that things are going ok. P.,safe_personal,en,UCI SMS Spam Collection,downloaded_public_dataset
uci_sms_01208,scam,"As a SIM subscriber, you are selected to receive a Bonus! Get it delivered to your door, Txt the word OK to No: 88600 to claim. 150p/msg, EXP. 30Apr",spam_or_unspecified,en,UCI SMS Spam Collection,downloaded_public_dataset
uci_sms_01209,safe,I need you to be in my strong arms...,safe_personal,en,UCI SMS Spam Collection,downloaded_public_dataset
uci_sms_01210,safe,Also maaaan are you missing out,safe_personal,en,UCI SMS Spam Collection,downloaded_public_dataset
uci_sms_01211,safe,His bday real is in april .,safe_personal,en,UCI SMS Spam Collection,downloaded_public_dataset
uci_sms_01212,safe,Guessin you ain't gonna be here before 9?,safe_personal,en,UCI SMS Spam Collection,downloaded_public_dataset
uci_sms_01213,safe,Ok then i will come to ur home after half an hour,safe_personal,en,UCI SMS Spam Collection,downloaded_public_dataset
uci_sms_01214,safe,"Yo, the game almost over? Want to go to walmart soon",safe_personal,en,UCI SMS Spam Collection,downloaded_public_dataset
uci_sms_01215,safe,"Yeah, probably but not sure. Ilol let u know, but personally I wuldnt bother, then again if ur goin to then I mite as well!!",safe_personal,en,UCI SMS Spam Collection,downloaded_public_dataset
uci_sms_01216,safe,I'll text now! All creepy like so he won't think that we forgot,safe_personal,en,UCI SMS Spam Collection,downloaded_public_dataset
uci_sms_01217,safe,"that would be good … I'll phone you tomo lunchtime, shall I, to organise something?",safe_personal,en,UCI SMS Spam Collection,downloaded_public_dataset
uci_sms_01218,scam,You have 1 new voicemail. Please call 08719181513.,spam_or_unspecified,en,UCI SMS Spam Collection,downloaded_public_dataset
uci_sms_01219,safe,"Damn, can you make it tonight or do you want to just wait til tomorrow",safe_personal,en,UCI SMS Spam Collection,downloaded_public_dataset
uci_sms_01220,safe,K..k..i'm also fine:)when will you complete the course?,safe_personal,en,UCI SMS Spam Collection,downloaded_public_dataset
uci_sms_01221,safe,"True. It is passable. And if you get a high score and apply for phd, you get 5years of salary. So it makes life easier.",safe_personal,en,UCI SMS Spam Collection,downloaded_public_dataset
uci_sms_01222,scam,No. 1 Nokia Tone 4 ur mob every week! Just txt NOK to 87021. 1st Tone FREE ! so get txtin now and tell ur friends. 150p/tone. 16 reply HL 4info,spam_or_unspecified,en,UCI SMS Spam Collection,downloaded_public_dataset
uci_sms_01223,safe,Prakesh is there know.,safe_personal,en,UCI SMS Spam Collection,downloaded_public_dataset
uci_sms_01224,safe,Teach me apps da. When you come to college.,safe_personal,en,UCI SMS Spam Collection,downloaded_public_dataset
uci_sms_01225,safe,Rofl betta invest in some anti aging products,safe_personal,en,UCI SMS Spam Collection,downloaded_public_dataset
uci_sms_01227,safe,"sir, you will receive the account no another 1hr time. Sorry for the delay.",safe_personal,en,UCI SMS Spam Collection,downloaded_public_dataset
uci_sms_01228,scam,Reply with your name and address and YOU WILL RECEIVE BY POST a weeks completely free accommodation at various global locations www.phb1.com ph:08700435505150p,spam_or_unspecified,en,UCI SMS Spam Collection,downloaded_public_dataset
uci_sms_01229,safe,So ü'll be submitting da project tmr rite?,safe_personal,en,UCI SMS Spam Collection,downloaded_public_dataset
uci_sms_01230,scam,FREE entry into our £250 weekly comp just send the word ENTER to 84128 NOW. 18 T&C www.textcomp.com cust care 08712405020.,spam_or_unspecified,en,UCI SMS Spam Collection,downloaded_public_dataset
uci_sms_01231,safe,Jus ans me lar. U'll noe later.,safe_personal,en,UCI SMS Spam Collection,downloaded_public_dataset
uci_sms_01232,safe,I want to send something that can sell fast. &lt;#&gt; k is not easy money.,safe_personal,en,UCI SMS Spam Collection,downloaded_public_dataset
uci_sms_01233,safe,have got * few things to do. may be in * pub later.,safe_personal,en,UCI SMS Spam Collection,downloaded_public_dataset
uci_sms_01234,safe,1's finish meeting call me.,safe_personal,en,UCI SMS Spam Collection,downloaded_public_dataset
uci_sms_01235,safe,Lol ok. I'll snatch her purse too.,safe_personal,en,UCI SMS Spam Collection,downloaded_public_dataset
uci_sms_01236,safe,Hello-/@drivby-:0quit edrunk sorry iff pthis makes no senrd-dnot no how ^ dancce 2 drum n basq!ihave fun 2nhite x ros xxxxxxx,safe_personal,en,UCI SMS Spam Collection,downloaded_public_dataset
uci_sms_01238,safe,How much are we getting?,safe_personal,en,UCI SMS Spam Collection,downloaded_public_dataset
uci_sms_01239,safe,Is ur paper in e morn or aft tmr?,safe_personal,en,UCI SMS Spam Collection,downloaded_public_dataset
uci_sms_01240,safe,"Dear relieved of westonzoyland, all going to plan this end too!",safe_personal,en,UCI SMS Spam Collection,downloaded_public_dataset
uci_sms_01241,safe,Hope you are having a great new semester. Do wish you the very best. You are made for greatness.,safe_personal,en,UCI SMS Spam Collection,downloaded_public_dataset
uci_sms_01242,safe,Oh yes I can speak txt 2 u no! Hmm. Did u get email?,safe_personal,en,UCI SMS Spam Collection,downloaded_public_dataset
uci_sms_01243,safe,"I want to show you the world, princess :) how about europe?",safe_personal,en,UCI SMS Spam Collection,downloaded_public_dataset
uci_sms_01244,safe,Nobody can decide where to eat and dad wants Chinese,safe_personal,en,UCI SMS Spam Collection,downloaded_public_dataset
uci_sms_01245,safe,No shoot me. I'm in the docs waiting room. :/,safe_personal,en,UCI SMS Spam Collection,downloaded_public_dataset
uci_sms_01246,safe,Now? I'm going out 4 dinner soon..,safe_personal,en,UCI SMS Spam Collection,downloaded_public_dataset
uci_sms_01247,safe,Hello which the site to download songs its urgent pls,safe_personal,en,UCI SMS Spam Collection,downloaded_public_dataset
uci_sms_01248,safe,"I do know what u mean, is the king of not havin credit! I'm goin2bed now. Night night sweet! Only1more sleep!",safe_personal,en,UCI SMS Spam Collection,downloaded_public_dataset
uci_sms_01249,safe,Horrible gal. Me in sch doing some stuff. How come u got mc?,safe_personal,en,UCI SMS Spam Collection,downloaded_public_dataset
uci_sms_01250,safe,"HI HUN! IM NOT COMIN 2NITE-TELL EVERY1 IM SORRY 4 ME, HOPE U AVA GOODTIME!OLI RANG MELNITE IFINK IT MITE B SORTED,BUT IL EXPLAIN EVERYTHIN ON MON.L8RS.x",safe_personal,en,UCI SMS Spam Collection,downloaded_public_dataset
uci_sms_01253,scam,Please CALL 08712402779 immediately as there is an urgent message waiting for you,spam_or_unspecified,en,UCI SMS Spam Collection,downloaded_public_dataset
uci_sms_01254,safe,Yeah like if it goes like it did with my friends imma flip my shit in like half an hour,safe_personal,en,UCI SMS Spam Collection,downloaded_public_dataset
uci_sms_01255,safe,Mum say we wan to go then go... Then she can shun bian watch da glass exhibition...,safe_personal,en,UCI SMS Spam Collection,downloaded_public_dataset
uci_sms_01256,safe,What your plan for pongal?,safe_personal,en,UCI SMS Spam Collection,downloaded_public_dataset
uci_sms_01257,safe,Just wait till end of march when el nino gets himself. Oh.,safe_personal,en,UCI SMS Spam Collection,downloaded_public_dataset
uci_sms_01258,safe,"Not yet chikku..going to room nw, i'm in bus..",safe_personal,en,UCI SMS Spam Collection,downloaded_public_dataset
uci_sms_01259,safe,Am also doing in cbe only. But have to pay.,safe_personal,en,UCI SMS Spam Collection,downloaded_public_dataset
uci_sms_01260,safe,Honey boo I'm missing u.,safe_personal,en,UCI SMS Spam Collection,downloaded_public_dataset
uci_sms_01261,safe,"We have sent JD for Customer Service cum Accounts Executive to ur mail id, For details contact us",safe_personal,en,UCI SMS Spam Collection,downloaded_public_dataset
uci_sms_01262,safe,"Yo, I'm at my parents' gettin cash. Good news: we picked up a downstem",safe_personal,en,UCI SMS Spam Collection,downloaded_public_dataset
uci_sms_01263,safe,"Thank you so much. When we skyped wit kz and sura, we didnt get the pleasure of your company. Hope you are good. We've given you ultimatum oh! We are countin down to aburo. Enjoy!",safe_personal,en,UCI SMS Spam Collection,downloaded_public_dataset
uci_sms_01264,scam,"Hungry gay guys feeling hungry and up 4 it, now. Call 08718730555 just 10p/min. To stop texts call 08712460324 (10p/min)",spam_or_unspecified,en,UCI SMS Spam Collection,downloaded_public_dataset
uci_sms_01265,safe,Ok. No wahala. Just remember that a friend in need ...,safe_personal,en,UCI SMS Spam Collection,downloaded_public_dataset
uci_sms_01266,safe,I will see in half an hour,safe_personal,en,UCI SMS Spam Collection,downloaded_public_dataset
uci_sms_01267,safe,"Im in inperialmusic listening2the weirdest track ever byleafcutter john-sounds like insects being molested&someone plumbing,remixed by evil men on acid!",safe_personal,en,UCI SMS Spam Collection,downloaded_public_dataset
uci_sms_01268,safe,"Hey sorry I didntgive ya a a bellearlier hunny,just been in bedbut mite go 2 thepub l8tr if uwana mt up?loads a luv Jenxxx.",safe_personal,en,UCI SMS Spam Collection,downloaded_public_dataset
uci_sms_01269,safe,SERIOUSLY. TELL HER THOSE EXACT WORDS RIGHT NOW.,safe_personal,en,UCI SMS Spam Collection,downloaded_public_dataset
uci_sms_01270,scam,Can U get 2 phone NOW? I wanna chat 2 set up meet Call me NOW on 09096102316 U can cum here 2moro Luv JANE xx Calls£1/minmoremobsEMSPOBox45PO139WA,spam_or_unspecified,en,UCI SMS Spam Collection,downloaded_public_dataset
uci_sms_01271,safe,"Tee hee. Off to lecture, cheery bye bye.",safe_personal,en,UCI SMS Spam Collection,downloaded_public_dataset
uci_sms_01272,safe,"Sorry chikku, my cell got some problem thts y i was nt able to reply u or msg u..",safe_personal,en,UCI SMS Spam Collection,downloaded_public_dataset
uci_sms_01273,safe,If you still havent collected the dough pls let me know so i can go to the place i sent it to get the control number,safe_personal,en,UCI SMS Spam Collection,downloaded_public_dataset
uci_sms_01274,safe,Ok...,safe_personal,en,UCI SMS Spam Collection,downloaded_public_dataset
uci_sms_01275,scam,network operator. The service is free. For T & C's visit 80488.biz,spam_or_unspecified,en,UCI SMS Spam Collection,downloaded_public_dataset
uci_sms_01276,safe,Let me know how to contact you. I've you settled in a room. Lets know you are ok.,safe_personal,en,UCI SMS Spam Collection,downloaded_public_dataset
uci_sms_01277,safe,Wot u up 2 u weirdo?,safe_personal,en,UCI SMS Spam Collection,downloaded_public_dataset
uci_sms_01278,safe,Can do lor...,safe_personal,en,UCI SMS Spam Collection,downloaded_public_dataset
uci_sms_01279,safe,Dont put your phone on silent mode ok,safe_personal,en,UCI SMS Spam Collection,downloaded_public_dataset
uci_sms_01280,safe,Can i meet ü at 5.. As 4 where depends on where ü wan 2 in lor..,safe_personal,en,UCI SMS Spam Collection,downloaded_public_dataset
uci_sms_01281,safe,Waiting 4 my tv show 2 start lor... U leh still busy doing ur report?,safe_personal,en,UCI SMS Spam Collection,downloaded_public_dataset
uci_sms_01282,safe,Oh ho. Is this the first time u use these type of words,safe_personal,en,UCI SMS Spam Collection,downloaded_public_dataset
uci_sms_01283,safe,Am I the only one who doesn't stalk profiles?,safe_personal,en,UCI SMS Spam Collection,downloaded_public_dataset
uci_sms_01284,safe,"Ever green quote ever told by Jerry in cartoon ""A Person Who Irritates u Always Is the one Who Loves u Vry Much But Fails to Express It...!..!! :-) :-) gud nyt",safe_personal,en,UCI SMS Spam Collection,downloaded_public_dataset
uci_sms_01285,safe,Yes i thought so. Thanks.,safe_personal,en,UCI SMS Spam Collection,downloaded_public_dataset
uci_sms_01286,safe,But if she.s drinkin i'm ok.,safe_personal,en,UCI SMS Spam Collection,downloaded_public_dataset
uci_sms_01287,safe,"Just wondering, the others just took off",safe_personal,en,UCI SMS Spam Collection,downloaded_public_dataset
uci_sms_01288,safe,"Night has ended for another day, morning has come in a special way. May you smile like the sunny rays and leaves your worries at the blue blue bay. Gud mrng",safe_personal,en,UCI SMS Spam Collection,downloaded_public_dataset
uci_sms_01289,safe,"What do you do, my dog ? Must I always wait till the end of your day to have word from you ? Did you run out of time on your cell already?",safe_personal,en,UCI SMS Spam Collection,downloaded_public_dataset
uci_sms_01290,safe,Happy new year to u too!,safe_personal,en,UCI SMS Spam Collection,downloaded_public_dataset
uci_sms_01291,safe,"Hey...Great deal...Farm tour 9am to 5pm $95/pax, $50 deposit by 16 May",safe_personal,en,UCI SMS Spam Collection,downloaded_public_dataset
uci_sms_01292,safe,Eat jap done oso aft ur lect wat... Ü got lect at 12 rite...,safe_personal,en,UCI SMS Spam Collection,downloaded_public_dataset
uci_sms_01293,safe,"Hey babe! I saw you came online for a second and then you disappeared, what happened ?",safe_personal,en,UCI SMS Spam Collection,downloaded_public_dataset
uci_sms_01294,safe,Da my birthdate in certificate is in april but real date is today. But dont publish it. I shall give you a special treat if you keep the secret. Any way thanks for the wishes,safe_personal,en,UCI SMS Spam Collection,downloaded_public_dataset
uci_sms_01295,safe,Happy birthday... May all ur dreams come true...,safe_personal,en,UCI SMS Spam Collection,downloaded_public_dataset
uci_sms_01296,safe,Aiyah u did ok already lar. E nydc at wheellock?,safe_personal,en,UCI SMS Spam Collection,downloaded_public_dataset
uci_sms_01297,safe,TELL HER I SAID EAT SHIT.,safe_personal,en,UCI SMS Spam Collection,downloaded_public_dataset
uci_sms_01298,safe,Sure! I am driving but will reach my destination soon.,safe_personal,en,UCI SMS Spam Collection,downloaded_public_dataset
uci_sms_01299,safe,"K so am I, how much for an 8th? Fifty?",safe_personal,en,UCI SMS Spam Collection,downloaded_public_dataset
uci_sms_01300,safe,Your daily text from me – a favour this time,safe_personal,en,UCI SMS Spam Collection,downloaded_public_dataset
uci_sms_01301,safe,Great to hear you are settling well. So what's happenin wit ola?,safe_personal,en,UCI SMS Spam Collection,downloaded_public_dataset
uci_sms_01302,safe,Those cocksuckers. If it makes you feel better ipads are worthless garbage novelty items and you should feel bad for even wanting one,safe_personal,en,UCI SMS Spam Collection,downloaded_public_dataset
uci_sms_01303,safe,I tot u reach liao. He said t-shirt.,safe_personal,en,UCI SMS Spam Collection,downloaded_public_dataset
uci_sms_01304,safe,"FRAN I DECIDED 2 GO N E WAY IM COMPLETELY BROKE AN KNACKERED I GOT UP BOUT 3 C U 2MRW LOVE JANX P.S THIS IS MY DADS FONE, -NO CREDIT",safe_personal,en,UCI SMS Spam Collection,downloaded_public_dataset
uci_sms_01306,safe,Your right! I'll make the appointment right now.,safe_personal,en,UCI SMS Spam Collection,downloaded_public_dataset
uci_sms_01307,safe,Designation is software developer and may be she get chennai:),safe_personal,en,UCI SMS Spam Collection,downloaded_public_dataset
uci_sms_01308,scam,Enjoy the jamster videosound gold club with your credits for 2 new videosounds+2 logos+musicnews! get more fun from jamster.co.uk! 16+only Help? call: 09701213186,spam_or_unspecified,en,UCI SMS Spam Collection,downloaded_public_dataset
uci_sms_01309,scam,"Get 3 Lions England tone, reply lionm 4 mono or lionp 4 poly. 4 more go 2 www.ringtones.co.uk, the original n best. Tones 3GBP network operator rates apply",spam_or_unspecified,en,UCI SMS Spam Collection,downloaded_public_dataset
uci_sms_01310,safe,I jokin oni lar.. Ü busy then i wun disturb ü.,safe_personal,en,UCI SMS Spam Collection,downloaded_public_dataset
uci_sms_01311,safe,"Ok, be careful ! Don't text and drive !",safe_personal,en,UCI SMS Spam Collection,downloaded_public_dataset
uci_sms_01312,safe,"I.ll always be there, even if its just in spirit. I.ll get a bb soon. Just trying to be sure i need it.",safe_personal,en,UCI SMS Spam Collection,downloaded_public_dataset
uci_sms_01313,safe,U r too much close to my heart. If u go away i will be shattered. Plz stay with me.,safe_personal,en,UCI SMS Spam Collection,downloaded_public_dataset
uci_sms_01314,safe,I love u 2 babe! R u sure everything is alrite. Is he being an idiot? Txt bak girlie,safe_personal,en,UCI SMS Spam Collection,downloaded_public_dataset
uci_sms_01315,safe,How abt making some of the pics bigger?,safe_personal,en,UCI SMS Spam Collection,downloaded_public_dataset
uci_sms_01316,safe,Got but got 2 colours lor. One colour is quite light n e other is darker lor. Actually i'm done she's styling my hair now.,safe_personal,en,UCI SMS Spam Collection,downloaded_public_dataset
uci_sms_01317,safe,"Whenevr ur sad, Whenevr ur gray, Remembr im here 2 listn 2 watevr u wanna say, Jus walk wid me a little while,&amp; I promise I'll bring back ur smile.:-)",safe_personal,en,UCI SMS Spam Collection,downloaded_public_dataset
uci_sms_01318,safe,Why nothing. Ok anyway give me treat,safe_personal,en,UCI SMS Spam Collection,downloaded_public_dataset
uci_sms_01319,scam,"Win the newest “Harry Potter and the Order of the Phoenix (Book 5) reply HARRY, answer 5 questions - chance to be the first among readers!",spam_or_unspecified,en,UCI SMS Spam Collection,downloaded_public_dataset
uci_sms_01321,safe,Correct. So how was work today,safe_personal,en,UCI SMS Spam Collection,downloaded_public_dataset
uci_sms_01322,safe,"Just sent again. Do you scream and moan in bed, princess?",safe_personal,en,UCI SMS Spam Collection,downloaded_public_dataset
uci_sms_01323,safe,"I wake up long ago already... Dunno, what other thing?",safe_personal,en,UCI SMS Spam Collection,downloaded_public_dataset
uci_sms_01324,safe,Oh just getting even with u.... u?,safe_personal,en,UCI SMS Spam Collection,downloaded_public_dataset
uci_sms_01325,safe,I thk 50 shd be ok he said plus minus 10.. Did ü leave a line in between paragraphs?,safe_personal,en,UCI SMS Spam Collection,downloaded_public_dataset
uci_sms_01326,safe,Can you call me plz. Your number shows out of coveragd area. I have urgnt call in vasai &amp; have to reach before 4'o clock so call me plz,safe_personal,en,UCI SMS Spam Collection,downloaded_public_dataset
uci_sms_01327,safe,Yeah jay's sort of a fucking retard,safe_personal,en,UCI SMS Spam Collection,downloaded_public_dataset
uci_sms_01328,safe,"Sorry, was in the bathroom, sup",safe_personal,en,UCI SMS Spam Collection,downloaded_public_dataset
uci_sms_01329,scam,Ur balance is now £500. Ur next question is: Who sang 'Uptown Girl' in the 80's ? 2 answer txt ur ANSWER to 83600. Good luck!,spam_or_unspecified,en,UCI SMS Spam Collection,downloaded_public_dataset
uci_sms_01330,safe,My exam is for february 4. Wish you a great day.,safe_personal,en,UCI SMS Spam Collection,downloaded_public_dataset
uci_sms_01331,safe,I dont know what to do to come out of this so only am ask questions like this dont mistake me.,safe_personal,en,UCI SMS Spam Collection,downloaded_public_dataset
uci_sms_01332,safe,"Aight no rush, I'll ask jay",safe_personal,en,UCI SMS Spam Collection,downloaded_public_dataset
uci_sms_01333,safe,Good Morning plz call me sir,safe_personal,en,UCI SMS Spam Collection,downloaded_public_dataset
uci_sms_01334,safe,It's ok lar. U sleep early too... Nite...,safe_personal,en,UCI SMS Spam Collection,downloaded_public_dataset
uci_sms_01335,safe,"Oh... Icic... K lor, den meet other day...",safe_personal,en,UCI SMS Spam Collection,downloaded_public_dataset
uci_sms_01336,safe,"Oh ! A half hour is much longer in Syria than Canada, eh ? Wow you must get SO much more work done in a day than us with all that extra time ! *grins*",safe_personal,en,UCI SMS Spam Collection,downloaded_public_dataset
uci_sms_01337,safe,"Sometimes we put walls around our hearts,not just to be safe from getting hurt.. But to find out who cares enough to break the walls &amp; get closer.. GOODNOON:)",safe_personal,en,UCI SMS Spam Collection,downloaded_public_dataset
uci_sms_01338,safe,"Sweet, we may or may not go to 4U to meet carlos so gauge patty's interest in that",safe_personal,en,UCI SMS Spam Collection,downloaded_public_dataset
uci_sms_01339,safe,Then she buying today? Ü no need to c meh...,safe_personal,en,UCI SMS Spam Collection,downloaded_public_dataset
uci_sms_01340,safe,Aight sorry I take ten years to shower. What's the plan?,safe_personal,en,UCI SMS Spam Collection,downloaded_public_dataset
uci_sms_01341,safe,Every monday..nxt week vl be completing..,safe_personal,en,UCI SMS Spam Collection,downloaded_public_dataset
uci_sms_01342,safe,Might ax well im there.,safe_personal,en,UCI SMS Spam Collection,downloaded_public_dataset
uci_sms_01343,safe,Just chill for another 6hrs. If you could sleep the pain is not a surgical emergency so see how it unfolds. Okay,safe_personal,en,UCI SMS Spam Collection,downloaded_public_dataset
uci_sms_01344,safe,Yeah I'll try to scrounge something up,safe_personal,en,UCI SMS Spam Collection,downloaded_public_dataset
uci_sms_01345,safe,Crazy ar he's married. Ü like gd looking guys not me. My frens like say he's korean leona's fave but i dun thk he is. Aft some thinking mayb most prob i'll go.,safe_personal,en,UCI SMS Spam Collection,downloaded_public_dataset
uci_sms_01346,safe,Were somewhere on Fredericksburg,safe_personal,en,UCI SMS Spam Collection,downloaded_public_dataset
uci_sms_01347,safe,Que pases un buen tiempo or something like that,safe_personal,en,UCI SMS Spam Collection,downloaded_public_dataset
uci_sms_01348,safe,Is it ok if I stay the night here? Xavier has a sleeping bag and I'm getting tired,safe_personal,en,UCI SMS Spam Collection,downloaded_public_dataset
uci_sms_01349,safe,She doesnt need any test.,safe_personal,en,UCI SMS Spam Collection,downloaded_public_dataset
uci_sms_01350,safe,"Nothing much, chillin at home. Any super bowl plan?",safe_personal,en,UCI SMS Spam Collection,downloaded_public_dataset
uci_sms_01351,scam,"FREE2DAY sexy St George's Day pic of Jordan!Txt PIC to 89080 dont miss out, then every wk a saucy celeb!4 more pics c PocketBabe.co.uk 0870241182716 £3/wk",spam_or_unspecified,en,UCI SMS Spam Collection,downloaded_public_dataset
uci_sms_01352,safe,Bugis oso near wat...,safe_personal,en,UCI SMS Spam Collection,downloaded_public_dataset
uci_sms_01353,safe,Yo theres no class tmrw right?,safe_personal,en,UCI SMS Spam Collection,downloaded_public_dataset
uci_sms_01354,safe,Let Ur Heart Be Ur Compass Ur Mind Ur Map Ur Soul Ur Guide And U Will Never loose in world....gnun - Sent via WAY2SMS.COM,safe_personal,en,UCI SMS Spam Collection,downloaded_public_dataset
uci_sms_01355,safe,"Goodnight, sleep well da please take care pa. Please.",safe_personal,en,UCI SMS Spam Collection,downloaded_public_dataset
uci_sms_01356,safe,Baaaaabe! I misss youuuuu ! Where are you ? I have to go and teach my class at 5 ...,safe_personal,en,UCI SMS Spam Collection,downloaded_public_dataset
uci_sms_01358,safe,U ned to convince him tht its not possible witot hurting his feeling its the main,safe_personal,en,UCI SMS Spam Collection,downloaded_public_dataset
uci_sms_01359,safe,"Good afternoon loverboy ! How goes you day ? Any luck come your way? I think of you, sweetie and send my love across the sea to make you smile and happy",safe_personal,en,UCI SMS Spam Collection,downloaded_public_dataset
uci_sms_01360,safe,If i start sending blackberry torch to nigeria will you find buyer for me?like 4a month. And tell dad not to buy bb from anyone oh.,safe_personal,en,UCI SMS Spam Collection,downloaded_public_dataset
uci_sms_01361,safe,"&lt;#&gt; %of pple marry with their lovers... becz they hav gud undrstndng dat avoids problems. i sent dis 2 u, u wil get gud news on friday by d person you like. And tomorrow will be the best day of your life. Dont break this chain. If you break you will suffer. send this to &lt;#&gt; frnds in &lt;#&gt; mins whn u read...",safe_personal,en,UCI SMS Spam Collection,downloaded_public_dataset
uci_sms_01362,safe,Yo dude guess who just got arrested the other day,safe_personal,en,UCI SMS Spam Collection,downloaded_public_dataset
uci_sms_01363,safe,Shuhui say change 2 suntec steamboat? U noe where? Where r u now?,safe_personal,en,UCI SMS Spam Collection,downloaded_public_dataset
uci_sms_01364,safe,What does the dance river do?,safe_personal,en,UCI SMS Spam Collection,downloaded_public_dataset
uci_sms_01365,safe,"Yetunde, i'm sorry but moji and i seem too busy to be able to go shopping. Can you just please find some other way to get what you wanted us to get. Please forgive me. You can reply free via yahoo messenger.",safe_personal,en,UCI SMS Spam Collection,downloaded_public_dataset
uci_sms_01366,safe,Hey i will be really pretty late... You want to go for the lesson first? I will join you. I'm only reaching tp mrt,safe_personal,en,UCI SMS Spam Collection,downloaded_public_dataset
uci_sms_01367,scam,"HOT LIVE FANTASIES call now 08707509020 Just 20p per min NTT Ltd, PO Box 1327 Croydon CR9 5WB 0870..k",spam_or_unspecified,en,UCI SMS Spam Collection,downloaded_public_dataset
uci_sms_01368,safe,Bbq this sat at mine from 6ish. Ur welcome 2 come,safe_personal,en,UCI SMS Spam Collection,downloaded_public_dataset
uci_sms_01369,safe,"I don't know, same thing that's wrong everyso often, he panicks starts goin on bout not bein good enough …",safe_personal,en,UCI SMS Spam Collection,downloaded_public_dataset
uci_sms_01370,safe,Alright. I'm out--have a good night!,safe_personal,en,UCI SMS Spam Collection,downloaded_public_dataset
uci_sms_01371,safe,Did you try making another butt.,safe_personal,en,UCI SMS Spam Collection,downloaded_public_dataset
uci_sms_01372,safe,Hope you are feeling great. Pls fill me in. Abiola,safe_personal,en,UCI SMS Spam Collection,downloaded_public_dataset
uci_sms_01373,safe,I though we shd go out n have some fun so bar in town or something – sound ok?,safe_personal,en,UCI SMS Spam Collection,downloaded_public_dataset
uci_sms_01374,safe,"1) Go to write msg 2) Put on Dictionary mode 3)Cover the screen with hand, 4)Press &lt;#&gt; . 5)Gently remove Ur hand.. Its interesting..:)",safe_personal,en,UCI SMS Spam Collection,downloaded_public_dataset
uci_sms_01375,scam,"Bears Pic Nick, and Tom, Pete and ... Dick. In fact, all types try gay chat with photo upload call 08718730666 (10p/min). 2 stop texts call 08712460324",spam_or_unspecified,en,UCI SMS Spam Collection,downloaded_public_dataset
uci_sms_01376,scam,"500 New Mobiles from 2004, MUST GO! Txt: NOKIA to No: 89545 & collect yours today!From ONLY £1 www.4-tc.biz 2optout 087187262701.50gbp/mtmsg18 TXTAUCTION",spam_or_unspecified,en,UCI SMS Spam Collection,downloaded_public_dataset
uci_sms_01377,safe,We're finally ready fyi,safe_personal,en,UCI SMS Spam Collection,downloaded_public_dataset
uci_sms_01378,safe,Auntie huai juan never pick up her phone,safe_personal,en,UCI SMS Spam Collection,downloaded_public_dataset
uci_sms_01379,scam,Double Mins & Double Txt & 1/2 price Linerental on Latest Orange Bluetooth mobiles. Call MobileUpd8 for the very latest offers. 08000839402 or call2optout/LF56,spam_or_unspecified,en,UCI SMS Spam Collection,downloaded_public_dataset
uci_sms_01380,safe,"Ya tel, wats ur problem..",safe_personal,en,UCI SMS Spam Collection,downloaded_public_dataset
uci_sms_01382,safe,i dnt wnt to tlk wid u,safe_personal,en,UCI SMS Spam Collection,downloaded_public_dataset
uci_sms_01383,safe,"We spend our days waiting for the ideal path to appear in front of us.. But what we forget is.. ""paths are made by walking.. not by waiting.."" Goodnight!",safe_personal,en,UCI SMS Spam Collection,downloaded_public_dataset
uci_sms_01384,safe,Its ok my arm is feeling weak cuz i got a shot so we can go another time,safe_personal,en,UCI SMS Spam Collection,downloaded_public_dataset
uci_sms_01385,safe,Please reserve ticket on saturday eve from chennai to thirunelvali and again from tirunelvali to chennai on sunday eve...i already see in net..no ticket available..i want to book ticket through tackle ..,safe_personal,en,UCI SMS Spam Collection,downloaded_public_dataset
uci_sms_01386,safe,"Storming msg: Wen u lift d phne, u say ""HELLO"" Do u knw wt is d real meaning of HELLO?? . . . It's d name of a girl..! . . . Yes.. And u knw who is dat girl?? ""Margaret Hello"" She is d girlfrnd f Grahmbell who invnted telphone... . . . . Moral:One can 4get d name of a person, bt not his girlfrnd... G o o d n i g h t . . .@",safe_personal,en,UCI SMS Spam Collection,downloaded_public_dataset
uci_sms_01387,safe,That's ok. I popped in to ask bout something and she said you'd been in. Are you around tonght wen this girl comes?,safe_personal,en,UCI SMS Spam Collection,downloaded_public_dataset
uci_sms_01388,safe,All e best 4 ur exam later.,safe_personal,en,UCI SMS Spam Collection,downloaded_public_dataset
uci_sms_01389,safe,Hope ur head doesn't hurt 2 much ! Am ploughing my way through a pile of ironing ! Staying in with a chinky tonight come round if you like.,safe_personal,en,UCI SMS Spam Collection,downloaded_public_dataset
uci_sms_01390,safe,Oh k.i think most of wi and nz players unsold.,safe_personal,en,UCI SMS Spam Collection,downloaded_public_dataset
uci_sms_01391,safe,"Haha... Where got so fast lose weight, thk muz go 4 a month den got effect... Gee,later we go aust put bk e weight.",safe_personal,en,UCI SMS Spam Collection,downloaded_public_dataset
uci_sms_01392,safe,"I wonder how you got online, my love ? Had you gone to the net cafe ? Did you get your phone recharged ? Were you on a friends net ? I think of you, boytoy",safe_personal,en,UCI SMS Spam Collection,downloaded_public_dataset
uci_sms_01393,safe,"Haha just kidding, papa needs drugs",safe_personal,en,UCI SMS Spam Collection,downloaded_public_dataset
uci_sms_01394,safe,"Thk shld b can... Ya, i wana go 4 lessons... Haha, can go for one whole stretch...",safe_personal,en,UCI SMS Spam Collection,downloaded_public_dataset
uci_sms_01395,safe,Oh ok..,safe_personal,en,UCI SMS Spam Collection,downloaded_public_dataset
uci_sms_01396,safe,R we still meeting 4 dinner tonight?,safe_personal,en,UCI SMS Spam Collection,downloaded_public_dataset
uci_sms_01397,safe,Thats cool! I am a gentleman and will treat you with dignity and respect.,safe_personal,en,UCI SMS Spam Collection,downloaded_public_dataset
uci_sms_01398,safe,Shall i start from hear.,safe_personal,en,UCI SMS Spam Collection,downloaded_public_dataset
uci_sms_01399,safe,Then we wait 4 u lor... No need 2 feel bad lar...,safe_personal,en,UCI SMS Spam Collection,downloaded_public_dataset
uci_sms_01400,safe,No did you check? I got his detailed message now,safe_personal,en,UCI SMS Spam Collection,downloaded_public_dataset
uci_sms_01401,safe,You have registered Sinco as Payee. Log in at icicibank.com and enter URN &lt;#&gt; to confirm. Beware of frauds. Do NOT share or disclose URN to anyone.,safe_personal,en,UCI SMS Spam Collection,downloaded_public_dataset
uci_sms_01402,safe,"No, I decided that only people who care about stuff vote and caring about stuff is for losers",safe_personal,en,UCI SMS Spam Collection,downloaded_public_dataset
uci_sms_01403,safe,Kaiez... Enjoy ur tuition... Gee... Thk e second option sounds beta... I'll go yan jiu den msg u...,safe_personal,en,UCI SMS Spam Collection,downloaded_public_dataset
uci_sms_01405,safe,cool. We will have fun practicing making babies!,safe_personal,en,UCI SMS Spam Collection,downloaded_public_dataset
uci_sms_01406,safe,Actually getting ready to leave the house.,safe_personal,en,UCI SMS Spam Collection,downloaded_public_dataset
uci_sms_01407,safe,K..k..any special today?,safe_personal,en,UCI SMS Spam Collection,downloaded_public_dataset
uci_sms_01408,scam,"URGENT, IMPORTANT INFORMATION FOR O2 USER. TODAY IS YOUR LUCKY DAY! 2 FIND OUT WHY LOG ONTO HTTP://WWW.URAWINNER.COM THERE IS A FANTASTIC SURPRISE AWAITING FOR YOU",spam_or_unspecified,en,UCI SMS Spam Collection,downloaded_public_dataset
uci_sms_01409,safe,Then we gotta do it after that,safe_personal,en,UCI SMS Spam Collection,downloaded_public_dataset
uci_sms_01410,safe,"I've got ten bucks, jay is being noncomittal",safe_personal,en,UCI SMS Spam Collection,downloaded_public_dataset
uci_sms_01411,safe,Where at were hungry too,safe_personal,en,UCI SMS Spam Collection,downloaded_public_dataset
uci_sms_01412,safe,Pls speak to that customer machan.,safe_personal,en,UCI SMS Spam Collection,downloaded_public_dataset
uci_sms_01413,safe,somewhere out there beneath the pale moon light someone think in of u some where out there where dreams come true... goodnite &amp; sweet dreams,safe_personal,en,UCI SMS Spam Collection,downloaded_public_dataset
uci_sms_01415,scam,Dear U've been invited to XCHAT. This is our final attempt to contact u! Txt CHAT to 86688 150p/MsgrcvdHG/Suite342/2Lands/Row/W1J6HL LDN 18 yrs,spam_or_unspecified,en,UCI SMS Spam Collection,downloaded_public_dataset
uci_sms_01416,safe,So wats ur opinion abt him and how abt is character?,safe_personal,en,UCI SMS Spam Collection,downloaded_public_dataset
uci_sms_01417,safe,Jay is snickering and tells me that x is totally fucking up the chords as we speak,safe_personal,en,UCI SMS Spam Collection,downloaded_public_dataset
uci_sms_01418,safe,No..few hours before.went to hair cut .,safe_personal,en,UCI SMS Spam Collection,downloaded_public_dataset
uci_sms_01419,safe,No wonder... Cos i dun rem seeing a silver car... But i thk i saw a black one...,safe_personal,en,UCI SMS Spam Collection,downloaded_public_dataset
uci_sms_01420,safe,Lmao. Take a pic and send it to me.,safe_personal,en,UCI SMS Spam Collection,downloaded_public_dataset
uci_sms_01421,safe,Speak only when you feel your words are better than the silence... Gud mrng:-),safe_personal,en,UCI SMS Spam Collection,downloaded_public_dataset
uci_sms_01422,safe,No. She's currently in scotland for that.,safe_personal,en,UCI SMS Spam Collection,downloaded_public_dataset
uci_sms_01423,safe,Do you work all this week ?,safe_personal,en,UCI SMS Spam Collection,downloaded_public_dataset
uci_sms_01424,scam,Congratulations ur awarded either £500 of CD gift vouchers & Free entry 2 our £100 weekly draw txt MUSIC to 87066 TnCs www.Ldew.com 1 win150ppmx3age16,spam_or_unspecified,en,UCI SMS Spam Collection,downloaded_public_dataset
uci_sms_01425,safe,Lol great now im getting hungry.,safe_personal,en,UCI SMS Spam Collection,downloaded_public_dataset
uci_sms_01426,safe,Yes.. now only saw your message..,safe_personal,en,UCI SMS Spam Collection,downloaded_public_dataset
uci_sms_01427,safe,I'll be at mu in like &lt;#&gt; seconds,safe_personal,en,UCI SMS Spam Collection,downloaded_public_dataset
uci_sms_01429,safe,THING R GOOD THANX GOT EXAMS IN MARCH IVE DONE NO REVISION? IS FRAN STILL WITH BOYF? IVE GOTTA INTERVIW 4 EXETER BIT WORRIED!x,safe_personal,en,UCI SMS Spam Collection,downloaded_public_dataset
uci_sms_01430,safe,"Tell you what, if you make a little spreadsheet and track whose idea it was to smoke to determine who ""smokes too much"" for the entire month of february, I'll come up",safe_personal,en,UCI SMS Spam Collection,downloaded_public_dataset
uci_sms_01431,scam,For sale - arsenal dartboard. Good condition but no doubles or trebles!,spam_or_unspecified,en,UCI SMS Spam Collection,downloaded_public_dataset
uci_sms_01432,safe,Don't look back at the building because you have no coat and i don't want you to get more sick. Just hurry home and wear a coat to the gym!!!,safe_personal,en,UCI SMS Spam Collection,downloaded_public_dataset
uci_sms_01433,safe,"My painful personal thought- ""I always try to keep everybody happy all the time. But nobody recognises me when i am alone""",safe_personal,en,UCI SMS Spam Collection,downloaded_public_dataset
uci_sms_01434,safe,Thanks for ve lovely wisheds. You rock,safe_personal,en,UCI SMS Spam Collection,downloaded_public_dataset
uci_sms_01435,safe,You intrepid duo you! Have a great time and see you both soon.,safe_personal,en,UCI SMS Spam Collection,downloaded_public_dataset
uci_sms_01436,safe,I asked sen to come chennai and search for job.,safe_personal,en,UCI SMS Spam Collection,downloaded_public_dataset
uci_sms_01437,safe,Dad went out oredi...,safe_personal,en,UCI SMS Spam Collection,downloaded_public_dataset
uci_sms_01438,safe,"I jus hope its true that missin me cos i'm really missin him! You haven't done anything to feel guilty about, yet.",safe_personal,en,UCI SMS Spam Collection,downloaded_public_dataset
uci_sms_01439,safe,Wat so late still early mah. Or we juz go 4 dinner lor. Aiya i dunno...,safe_personal,en,UCI SMS Spam Collection,downloaded_public_dataset
uci_sms_01440,safe,"Arms fine, how's Cardiff and uni?",safe_personal,en,UCI SMS Spam Collection,downloaded_public_dataset
uci_sms_01441,safe,In fact when do you leave? I think addie goes back to school tues or wed,safe_personal,en,UCI SMS Spam Collection,downloaded_public_dataset
uci_sms_01442,safe,"Cool breeze... Bright sun... Fresh flower... Twittering birds... All these waiting to wish u: ""GOODMORNING &amp; HAVE A NICE DAY"" :)",safe_personal,en,UCI SMS Spam Collection,downloaded_public_dataset
uci_sms_01443,safe,Ya:)going for restaurant..,safe_personal,en,UCI SMS Spam Collection,downloaded_public_dataset
uci_sms_01444,safe,"Its ok., i just askd did u knw tht no?",safe_personal,en,UCI SMS Spam Collection,downloaded_public_dataset
uci_sms_01445,scam,Free 1st week entry 2 TEXTPOD 4 a chance 2 win 40GB iPod or £250 cash every wk. Txt POD to 84128 Ts&Cs www.textpod.net custcare 08712405020.,spam_or_unspecified,en,UCI SMS Spam Collection,downloaded_public_dataset
uci_sms_01446,safe,Those ducking chinchillas,safe_personal,en,UCI SMS Spam Collection,downloaded_public_dataset
uci_sms_01447,safe,I am in a marriage function,safe_personal,en,UCI SMS Spam Collection,downloaded_public_dataset
uci_sms_01448,safe,Looks like u wil b getting a headstart im leaving here bout 2.30ish but if u r desperate for my company I could head in earlier-we were goin to meet in rummer.,safe_personal,en,UCI SMS Spam Collection,downloaded_public_dataset
uci_sms_01449,safe,Don‘t give a flying monkeys wot they think and I certainly don‘t mind. Any friend of mine and all that!,safe_personal,en,UCI SMS Spam Collection,downloaded_public_dataset
uci_sms_01450,scam,As a registered optin subscriber ur draw 4 £100 gift voucher will be entered on receipt of a correct ans to 80062 Whats No1 in the BBC charts,spam_or_unspecified,en,UCI SMS Spam Collection,downloaded_public_dataset
uci_sms_01451,safe,say thanks2.,safe_personal,en,UCI SMS Spam Collection,downloaded_public_dataset
uci_sms_01452,safe,Msg me when rajini comes.,safe_personal,en,UCI SMS Spam Collection,downloaded_public_dataset
uci_sms_01453,safe,Ya! when are ü taking ure practical lessons? I start in june..,safe_personal,en,UCI SMS Spam Collection,downloaded_public_dataset
uci_sms_01454,safe,"That's good, because I need drugs",safe_personal,en,UCI SMS Spam Collection,downloaded_public_dataset
uci_sms_01455,safe,Stupid.its not possible,safe_personal,en,UCI SMS Spam Collection,downloaded_public_dataset
uci_sms_01456,safe,Can ü all decide faster cos my sis going home liao..,safe_personal,en,UCI SMS Spam Collection,downloaded_public_dataset
uci_sms_01457,scam,Summers finally here! Fancy a chat or flirt with sexy singles in yr area? To get MATCHED up just reply SUMMER now. Free 2 Join. OptOut txt STOP Help08714742804,spam_or_unspecified,en,UCI SMS Spam Collection,downloaded_public_dataset
uci_sms_01458,safe,U sleeping now.. Or you going to take? Haha.. I got spys wat.. Me online checking n replying mails lor..,safe_personal,en,UCI SMS Spam Collection,downloaded_public_dataset
uci_sms_01459,scam,CLAIRE here am havin borin time & am now alone U wanna cum over 2nite? Chat now 09099725823 hope 2 C U Luv CLAIRE xx Calls£1/minmoremobsEMSPOBox45PO139WA,spam_or_unspecified,en,UCI SMS Spam Collection,downloaded_public_dataset
uci_sms_01461,scam,Bought one ringtone and now getting texts costing 3 pound offering more tones etc,spam_or_unspecified,en,UCI SMS Spam Collection,downloaded_public_dataset
uci_sms_01462,safe,"Yalru lyfu astne chikku.. Bt innu mundhe lyf ali halla ke bilo (marriage)program edhae, so lyf is nt yet ovr chikku..ali vargu lyfu meow meow:-D",safe_personal,en,UCI SMS Spam Collection,downloaded_public_dataset
uci_sms_01463,safe,Kinda. First one gets in at twelve! Aah. Speak tomo,safe_personal,en,UCI SMS Spam Collection,downloaded_public_dataset
uci_sms_01464,scam,"09066362231 URGENT! Your mobile No 07xxxxxxxxx won a £2,000 bonus caller prize on 02/06/03! this is the 2nd attempt to reach YOU! call 09066362231 ASAP!",spam_or_unspecified,en,UCI SMS Spam Collection,downloaded_public_dataset
uci_sms_01465,safe,Ok good then i later come find ü... C lucky i told ü to go earlier... Later pple take finish ü no more again...,safe_personal,en,UCI SMS Spam Collection,downloaded_public_dataset
uci_sms_01466,safe,Wat makes u thk i'll fall down. But actually i thk i'm quite prone 2 falls. Lucky my dad at home i ask him come n fetch me already.,safe_personal,en,UCI SMS Spam Collection,downloaded_public_dataset
uci_sms_01467,scam,"YOU 07801543489 are guaranteed the latests Nokia Phone, a 40GB iPod MP3 player or a £500 prize! Txt word:COLLECT to No:83355! TC-LLC NY-USA 150p/Mt msgrcvd18+",spam_or_unspecified,en,UCI SMS Spam Collection,downloaded_public_dataset
uci_sms_01469,safe,I wont touch you with out your permission.,safe_personal,en,UCI SMS Spam Collection,downloaded_public_dataset
uci_sms_01470,scam,Hi its LUCY Hubby at meetins all day Fri & I will B alone at hotel U fancy cumin over? Pls leave msg 2day 09099726395 Lucy x Calls£1/minMobsmoreLKPOBOX177HP51FL,spam_or_unspecified,en,UCI SMS Spam Collection,downloaded_public_dataset
uci_sms_01471,safe,"7 wonders in My WORLD 7th You 6th Ur style 5th Ur smile 4th Ur Personality 3rd Ur Nature 2nd Ur SMS and 1st ""Ur Lovely Friendship""... good morning dear",safe_personal,en,UCI SMS Spam Collection,downloaded_public_dataset
uci_sms_01472,safe,Take some small dose tablet for fever,safe_personal,en,UCI SMS Spam Collection,downloaded_public_dataset
uci_sms_01473,safe,Oh. U must have taken your REAL Valentine out shopping first.,safe_personal,en,UCI SMS Spam Collection,downloaded_public_dataset
uci_sms_01474,safe,"Just sent you an email – to an address with incomm in it, is that right?",safe_personal,en,UCI SMS Spam Collection,downloaded_public_dataset
uci_sms_01475,safe,"Will do, you gonna be at blake's all night? I might be able to get out of here a little early",safe_personal,en,UCI SMS Spam Collection,downloaded_public_dataset
uci_sms_01476,safe,"Friendship is not a game to play, It is not a word to say, It doesn\'t start on March and ends on May, It is tomorrow, yesterday, today and e",safe_personal,en,UCI SMS Spam Collection,downloaded_public_dataset
uci_sms_01477,safe,"Nice. Wait...should you be texting right now? I'm not gonna pay your ticket, ya know!",safe_personal,en,UCI SMS Spam Collection,downloaded_public_dataset
uci_sms_01478,safe,I'm watching lotr w my sis dis aft. So u wan 2 meet me 4 dinner at nite a not?,safe_personal,en,UCI SMS Spam Collection,downloaded_public_dataset
uci_sms_01479,safe,Why you keeping me away like this,safe_personal,en,UCI SMS Spam Collection,downloaded_public_dataset
uci_sms_01480,safe,I think its far more than that but find out. Check google maps for a place from your dorm.,safe_personal,en,UCI SMS Spam Collection,downloaded_public_dataset
uci_sms_01481,safe,My trip was ok but quite tiring lor. Uni starts today but it's ok 4 me cos i'm not taking any modules but jus concentrating on my final yr project.,safe_personal,en,UCI SMS Spam Collection,downloaded_public_dataset
uci_sms_01482,safe,Have you always been saying welp?,safe_personal,en,UCI SMS Spam Collection,downloaded_public_dataset
uci_sms_01483,safe,"I'm a guy, browsin is compulsory",safe_personal,en,UCI SMS Spam Collection,downloaded_public_dataset
uci_sms_01485,safe,Purity of friendship between two is not about smiling after reading the forwarded message..Its about smiling just by seeing the name. Gud evng musthu,safe_personal,en,UCI SMS Spam Collection,downloaded_public_dataset
uci_sms_01487,safe,"(I should add that I don't really care and if you can't I can at least get this dude to fuck off but hey, your money if you want it)",safe_personal,en,UCI SMS Spam Collection,downloaded_public_dataset
uci_sms_01488,safe,"Hello lover! How goes that new job? Are you there now? Are you happy? Do you think of me? I wake, my slave and send you a teasing kiss from across the sea",safe_personal,en,UCI SMS Spam Collection,downloaded_public_dataset
uci_sms_01489,safe,I told your number to gautham..,safe_personal,en,UCI SMS Spam Collection,downloaded_public_dataset
uci_sms_01490,safe,Tell them no need to investigate about me anywhere.,safe_personal,en,UCI SMS Spam Collection,downloaded_public_dataset
uci_sms_01491,safe,Ok i juz receive..,safe_personal,en,UCI SMS Spam Collection,downloaded_public_dataset
uci_sms_01492,safe,"Cant believe i said so many things to you this morning when all i really wanted to say was good morning, i love you! Have a beautiful morning. See you in the library later.",safe_personal,en,UCI SMS Spam Collection,downloaded_public_dataset
uci_sms_01493,scam,"Your account has been credited with 500 FREE Text Messages. To activate, just txt the word: CREDIT to No: 80488 T&Cs www.80488.biz",spam_or_unspecified,en,UCI SMS Spam Collection,downloaded_public_dataset
uci_sms_01494,safe,In the end she might still vomit but its okay. Not everything will come out.,safe_personal,en,UCI SMS Spam Collection,downloaded_public_dataset
uci_sms_01495,safe,How are you with moneY...as in to you...money aint a thing....how are you sha!,safe_personal,en,UCI SMS Spam Collection,downloaded_public_dataset
uci_sms_01496,safe,It has everything to do with the weather. Keep extra warm. Its a cold but nothing serious. Pls lots of vitamin c,safe_personal,en,UCI SMS Spam Collection,downloaded_public_dataset
uci_sms_01497,safe,Hey gals.. Anyone of u going down to e driving centre tmr?,safe_personal,en,UCI SMS Spam Collection,downloaded_public_dataset
uci_sms_01498,safe,I'm always on yahoo messenger now. Just send the message to me and i.ll get it you may have to send it in the mobile mode sha but i.ll get it. And will reply.,safe_personal,en,UCI SMS Spam Collection,downloaded_public_dataset
uci_sms_01499,safe,I'm putting it on now. It should be ready for &lt;TIME&gt;,safe_personal,en,UCI SMS Spam Collection,downloaded_public_dataset
uci_sms_01500,safe,"Time n Smile r the two crucial things in our life. Sometimes time makes us to forget smile, and sometimes someone's smile makes us to forget time gud noon",safe_personal,en,UCI SMS Spam Collection,downloaded_public_dataset
uci_sms_01501,scam,"SMS. ac JSco: Energy is high, but u may not know where 2channel it. 2day ur leadership skills r strong. Psychic? Reply ANS w/question. End? Reply END JSCO",spam_or_unspecified,en,UCI SMS Spam Collection,downloaded_public_dataset
uci_sms_01502,safe,Host-based IDPS for linux systems.,safe_personal,en,UCI SMS Spam Collection,downloaded_public_dataset
uci_sms_01503,scam,"HOT LIVE FANTASIES call now 08707509020 Just 20p per min NTT Ltd, PO Box 1327 Croydon CR9 5WB 0870 is a national rate call",spam_or_unspecified,en,UCI SMS Spam Collection,downloaded_public_dataset
uci_sms_01504,safe,Don no da:)whats you plan?,safe_personal,en,UCI SMS Spam Collection,downloaded_public_dataset
uci_sms_01505,safe,Ill be there on &lt;#&gt; ok.,safe_personal,en,UCI SMS Spam Collection,downloaded_public_dataset
uci_sms_01506,safe,Oh my God. I'm almost home,safe_personal,en,UCI SMS Spam Collection,downloaded_public_dataset
uci_sms_01507,safe,Total video converter free download type this in google search:),safe_personal,en,UCI SMS Spam Collection,downloaded_public_dataset
uci_sms_01508,scam,Thanks for the Vote. Now sing along with the stars with Karaoke on your mobile. For a FREE link just reply with SING now.,spam_or_unspecified,en,UCI SMS Spam Collection,downloaded_public_dataset
uci_sms_01510,safe,Sounds like something that someone testing me would sayy,safe_personal,en,UCI SMS Spam Collection,downloaded_public_dataset
uci_sms_01511,safe,When u love someone Dont make them to love u as much as u do. But Love them so much that they dont want to be loved by anyone except you... Gud nit.,safe_personal,en,UCI SMS Spam Collection,downloaded_public_dataset
uci_sms_01512,safe,"Pete,is this your phone still? Its Jenny from college and Leanne.what are you up to now?:)",safe_personal,en,UCI SMS Spam Collection,downloaded_public_dataset
uci_sms_01513,safe,Oops sorry. Just to check that you don't mind picking me up tomo at half eight from station. Would that be ok?,safe_personal,en,UCI SMS Spam Collection,downloaded_public_dataset
uci_sms_01514,safe,"Hey sweet, I was wondering when you had a moment if you might come to me ? I want to send a file to someone but it won't go over yahoo for them because their connection sucks, remember when you set up that page for me to go to and download the format disc ? Could you tell me how to do that ? Or do you know some other way to download big files ? Because they can download stuff directly from the internet. Any help would be great, my prey ... *teasing kiss*",safe_personal,en,UCI SMS Spam Collection,downloaded_public_dataset
uci_sms_01515,safe,Hows the champ just leaving glasgow!,safe_personal,en,UCI SMS Spam Collection,downloaded_public_dataset
uci_sms_01516,safe,K:)all the best:)congrats...,safe_personal,en,UCI SMS Spam Collection,downloaded_public_dataset
uci_sms_01517,safe,I wonder if you'll get this text?,safe_personal,en,UCI SMS Spam Collection,downloaded_public_dataset
uci_sms_01518,safe,I need to come home and give you some good lovin...,safe_personal,en,UCI SMS Spam Collection,downloaded_public_dataset
uci_sms_01519,scam,Our brand new mobile music service is now live. The free music player will arrive shortly. Just install on your phone to browse content from the top artists.,spam_or_unspecified,en,UCI SMS Spam Collection,downloaded_public_dataset
uci_sms_01520,safe,Shall i ask one thing if you dont mistake me.,safe_personal,en,UCI SMS Spam Collection,downloaded_public_dataset
uci_sms_01521,safe,Check wid corect speling i.e. Sarcasm,safe_personal,en,UCI SMS Spam Collection,downloaded_public_dataset
uci_sms_01522,scam,"URGENT! Your Mobile No was awarded a £2,000 Bonus Caller Prize on 1/08/03! This is our 2nd attempt to contact YOU! Call 0871-4719-523 BOX95QU BT National Rate",spam_or_unspecified,en,UCI SMS Spam Collection,downloaded_public_dataset
uci_sms_01523,safe,Are you angry with me. What happen dear,safe_personal,en,UCI SMS Spam Collection,downloaded_public_dataset
uci_sms_01524,safe,I thk u dun haf 2 hint in e forum already lor... Cos i told ron n darren is going 2 tell shuhui.,safe_personal,en,UCI SMS Spam Collection,downloaded_public_dataset
uci_sms_01525,safe,Yup ok thanx...,safe_personal,en,UCI SMS Spam Collection,downloaded_public_dataset
uci_sms_01526,safe,Hi:)cts employee how are you?,safe_personal,en,UCI SMS Spam Collection,downloaded_public_dataset
uci_sms_01527,safe,Pls pls find out from aunt nike.,safe_personal,en,UCI SMS Spam Collection,downloaded_public_dataset
uci_sms_01528,safe,"Wow ... I love you sooo much, you know ? I can barely stand it ! I wonder how your day goes and if you are well, my love ... I think of you and miss you",safe_personal,en,UCI SMS Spam Collection,downloaded_public_dataset
uci_sms_01529,safe,No screaming means shouting..,safe_personal,en,UCI SMS Spam Collection,downloaded_public_dataset
uci_sms_01530,safe,Hey what happen de. Are you alright.,safe_personal,en,UCI SMS Spam Collection,downloaded_public_dataset
uci_sms_01531,safe,Should I have picked up a receipt or something earlier,safe_personal,en,UCI SMS Spam Collection,downloaded_public_dataset
uci_sms_01532,safe,I think chennai well settled?,safe_personal,en,UCI SMS Spam Collection,downloaded_public_dataset
uci_sms_01533,safe,Oh dang! I didn't mean o send that to you! Lol!,safe_personal,en,UCI SMS Spam Collection,downloaded_public_dataset
uci_sms_01534,safe,Unfortunately i've just found out that we have to pick my sister up from the airport that evening so don't think i'll be going out at all. We should try to go out one of th,safe_personal,en,UCI SMS Spam Collection,downloaded_public_dataset
uci_sms_01535,safe,Horrible bf... I now v hungry...,safe_personal,en,UCI SMS Spam Collection,downloaded_public_dataset
uci_sms_01536,safe,Remember on that day..,safe_personal,en,UCI SMS Spam Collection,downloaded_public_dataset
uci_sms_01537,scam,You have won a Nokia 7250i. This is what you get when you win our FREE auction. To take part send Nokia to 86021 now. HG/Suite342/2Lands Row/W1JHL 16+,spam_or_unspecified,en,UCI SMS Spam Collection,downloaded_public_dataset
uci_sms_01538,safe,How's it feel? Mr. Your not my real Valentine just my yo Valentine even tho u hardly play!!,safe_personal,en,UCI SMS Spam Collection,downloaded_public_dataset
uci_sms_01539,safe,All sounds good. Fingers . Makes it difficult to type,safe_personal,en,UCI SMS Spam Collection,downloaded_public_dataset
uci_sms_01540,safe,Midnight at the earliest,safe_personal,en,UCI SMS Spam Collection,downloaded_public_dataset
uci_sms_01541,safe,You're not sure that I'm not trying to make xavier smoke because I don't want to smoke after being told I smoke too much?,safe_personal,en,UCI SMS Spam Collection,downloaded_public_dataset
uci_sms_01542,safe,K come to nordstrom when you're done,safe_personal,en,UCI SMS Spam Collection,downloaded_public_dataset
uci_sms_01543,safe,Do u konw waht is rael FRIENDSHIP Im gving yuo an exmpel: Jsut ese tihs msg.. Evrey splleing of tihs msg is wrnog.. Bt sitll yuo can raed it wihtuot ayn mitsake.. GOODNIGHT &amp; HAVE A NICE SLEEP..SWEET DREAMS..,safe_personal,en,UCI SMS Spam Collection,downloaded_public_dataset
uci_sms_01544,safe,Now press conference da:),safe_personal,en,UCI SMS Spam Collection,downloaded_public_dataset
uci_sms_01545,scam,"Hello from Orange. For 1 month's free access to games, news and sport, plus 10 free texts and 20 photo messages, reply YES. Terms apply: www.orange.co.uk/ow",spam_or_unspecified,en,UCI SMS Spam Collection,downloaded_public_dataset
uci_sms_01546,safe,After completed degree. There is no use in joining finance.,safe_personal,en,UCI SMS Spam Collection,downloaded_public_dataset
uci_sms_01547,safe,"Good afternoon, my love ! Any job prospects ? Are you missing me ? What do you do ? Are you being lazy and bleak, hmmm ? Or happy and filled with my love ?",safe_personal,en,UCI SMS Spam Collection,downloaded_public_dataset
uci_sms_01548,safe,Shant disturb u anymore... Jia you...,safe_personal,en,UCI SMS Spam Collection,downloaded_public_dataset
uci_sms_01549,safe,Bishan lar nearer... No need buy so early cos if buy now i gotta park my car...,safe_personal,en,UCI SMS Spam Collection,downloaded_public_dataset
uci_sms_01550,safe,"Me, i dont know again oh",safe_personal,en,UCI SMS Spam Collection,downloaded_public_dataset
uci_sms_01551,safe,Dude sux for snake. He got old and raiden got buff,safe_personal,en,UCI SMS Spam Collection,downloaded_public_dataset
uci_sms_01552,safe,He says hi and to get your ass back to south tampa (preferably at a kegger),safe_personal,en,UCI SMS Spam Collection,downloaded_public_dataset
uci_sms_01553,safe,In e msg jus now. U said thanks for gift.,safe_personal,en,UCI SMS Spam Collection,downloaded_public_dataset
uci_sms_01554,safe,U too...,safe_personal,en,UCI SMS Spam Collection,downloaded_public_dataset
uci_sms_01555,safe,Ok how you dear. Did you call chechi,safe_personal,en,UCI SMS Spam Collection,downloaded_public_dataset
uci_sms_01556,safe,Yeah we do totes. When u wanna?,safe_personal,en,UCI SMS Spam Collection,downloaded_public_dataset
uci_sms_01557,safe,Ok i found dis pierre cardin one which looks normal costs 20 its on sale.,safe_personal,en,UCI SMS Spam Collection,downloaded_public_dataset
uci_sms_01558,safe,Good sleep is about rhythm. The person has to establish a rhythm that the body will learn and use. If you want to know more :-),safe_personal,en,UCI SMS Spam Collection,downloaded_public_dataset
uci_sms_01559,safe,Wat r u doing?,safe_personal,en,UCI SMS Spam Collection,downloaded_public_dataset
uci_sms_01560,safe,Message from . I am at Truro Hospital on ext. You can phone me here. as I have a phone by my side,safe_personal,en,UCI SMS Spam Collection,downloaded_public_dataset
uci_sms_01561,safe,"Single line with a big meaning::::: ""Miss anything 4 ur ""Best Life"" but, don't miss ur best life for anything... Gud nyt...",safe_personal,en,UCI SMS Spam Collection,downloaded_public_dataset
uci_sms_01562,safe,"Just got some gas money, any chance you and the gang want to go on a grand nature adventure?",safe_personal,en,UCI SMS Spam Collection,downloaded_public_dataset
uci_sms_01563,safe,Dnt worry...use ice pieces in a cloth pack.also take 2 tablets.,safe_personal,en,UCI SMS Spam Collection,downloaded_public_dataset
uci_sms_01564,safe,Dude just saw a parked car with its sunroof popped up. Sux,safe_personal,en,UCI SMS Spam Collection,downloaded_public_dataset
uci_sms_01565,safe,Get ready to put on your excellent sub face :),safe_personal,en,UCI SMS Spam Collection,downloaded_public_dataset
uci_sms_01566,safe,Tmrw. Im finishing 9 doors,safe_personal,en,UCI SMS Spam Collection,downloaded_public_dataset
uci_sms_01567,safe,"The &lt;#&gt; g that i saw a few days ago, the guy wants sell wifi only for &lt;#&gt; and with 3g for &lt;#&gt; . That's why i blanked him.",safe_personal,en,UCI SMS Spam Collection,downloaded_public_dataset
uci_sms_01568,safe,I am late. I will be there at,safe_personal,en,UCI SMS Spam Collection,downloaded_public_dataset
uci_sms_01569,safe,"whatever, im pretty pissed off.",safe_personal,en,UCI SMS Spam Collection,downloaded_public_dataset
uci_sms_01571,safe,I dont have that much image in class.,safe_personal,en,UCI SMS Spam Collection,downloaded_public_dataset
uci_sms_01572,safe,No:-)i got rumour that you going to buy apartment in chennai:-),safe_personal,en,UCI SMS Spam Collection,downloaded_public_dataset
uci_sms_01573,safe,Near kalainar tv office.thenampet,safe_personal,en,UCI SMS Spam Collection,downloaded_public_dataset
uci_sms_01574,scam,Ur cash-balance is currently 500 pounds - to maximize ur cash-in now send GO to 86688 only 150p/msg. CC 08718720201 HG/Suite342/2Lands Row/W1J6HL,spam_or_unspecified,en,UCI SMS Spam Collection,downloaded_public_dataset
uci_sms_01575,scam,SMS AUCTION - A BRAND NEW Nokia 7250 is up 4 auction today! Auction is FREE 2 join & take part! Txt NOKIA to 86021 now! HG/Suite342/2Lands Row/W1J6HL,spam_or_unspecified,en,UCI SMS Spam Collection,downloaded_public_dataset
uci_sms_01576,safe,My sis is catching e show in e afternoon so i'm not watching w her. So c u wan 2 watch today or tmr lor.,safe_personal,en,UCI SMS Spam Collection,downloaded_public_dataset
uci_sms_01577,safe,"Sounds gd... Haha... Can... Wah, u yan jiu so fast liao...",safe_personal,en,UCI SMS Spam Collection,downloaded_public_dataset
uci_sms_01578,safe,No. To be nosy I guess. Idk am I over reacting if I'm freaked?,safe_personal,en,UCI SMS Spam Collection,downloaded_public_dataset
uci_sms_01579,safe,"Remember all those whom i hurt during days of satanic imposter in me.need to pay a price,so be it.may destiny keep me going and as u said pray that i get the mind to get over the same.",safe_personal,en,UCI SMS Spam Collection,downloaded_public_dataset
uci_sms_01580,safe,How to Make a girl Happy? It's not at all difficult to make girls happy. U only need to be... 1. A friend 2. Companion 3. Lover 4. Chef . . . &lt;#&gt; . Good listener &lt;#&gt; . Organizer &lt;#&gt; . Good boyfriend &lt;#&gt; . Very clean &lt;#&gt; . Sympathetic &lt;#&gt; . Athletic &lt;#&gt; . Warm . . . &lt;#&gt; . Courageous &lt;#&gt; . Determined &lt;#&gt; . True &lt;#&gt; . Dependable &lt;#&gt; . Intelligent . . . &lt;#&gt; . Psychologist &lt;#&gt; . Pest exterminator &lt;#&gt; . Psychiatrist &lt;#&gt; . Healer . . &lt;#&gt; . Stylist &lt;#&gt; . Driver . . Aaniye pudunga venaam..,safe_personal,en,UCI SMS Spam Collection,downloaded_public_dataset
uci_sms_01581,safe,"Why is that, princess? I bet the brothas are all chasing you!",safe_personal,en,UCI SMS Spam Collection,downloaded_public_dataset
uci_sms_01582,safe,"I shall book chez jules for half eight, if that's ok with you?",safe_personal,en,UCI SMS Spam Collection,downloaded_public_dataset
uci_sms_01583,safe,Hhahhaahahah rofl wtf nig was leonardo in your room or something,safe_personal,en,UCI SMS Spam Collection,downloaded_public_dataset
uci_sms_01584,safe,"Yep, at derek's house now, see you Sunday &lt;3",safe_personal,en,UCI SMS Spam Collection,downloaded_public_dataset
uci_sms_01585,safe,"It's cool, let me know before it kicks off around &lt;#&gt; , I'll be out and about all day",safe_personal,en,UCI SMS Spam Collection,downloaded_public_dataset
uci_sms_01587,safe,I was wondering if it would be okay for you to call uncle john and let him know that things are not the same in nigeria as they r here. That &lt;#&gt; dollars is 2years sent and that you know its a strain but i plan to pay back every dime he gives. Every dime so for me to expect anything from you is not practical. Something like that.,safe_personal,en,UCI SMS Spam Collection,downloaded_public_dataset
uci_sms_01588,safe,There are no other charges after transfer charges and you can withdraw anyhow you like,safe_personal,en,UCI SMS Spam Collection,downloaded_public_dataset
uci_sms_01589,safe,"Dont search love, let love find U. Thats why its called falling in love, bcoz U dont force yourself, U just fall and U know there is smeone to hold U... BSLVYL",safe_personal,en,UCI SMS Spam Collection,downloaded_public_dataset
uci_sms_01590,safe,At 4. Let's go to bill millers,safe_personal,en,UCI SMS Spam Collection,downloaded_public_dataset
uci_sms_01591,safe,I love you. You set my soul on fire. It is not just a spark. But it is a flame. A big rawring flame. XoXo,safe_personal,en,UCI SMS Spam Collection,downloaded_public_dataset
uci_sms_01592,safe,"Somewhr someone is surely made 4 u. And God has decided a perfect time to make u meet dat person. . . . till den, . . . . . Enjoy ur crushes..!!!;-)",safe_personal,en,UCI SMS Spam Collection,downloaded_public_dataset
uci_sms_01593,safe,That's my honeymoon outfit. :),safe_personal,en,UCI SMS Spam Collection,downloaded_public_dataset
uci_sms_01594,safe,Will it help if we propose going back again tomorrow,safe_personal,en,UCI SMS Spam Collection,downloaded_public_dataset
uci_sms_01595,scam,PRIVATE! Your 2003 Account Statement for shows 800 un-redeemed S. I. M. points. Call 08719899230 Identifier Code: 41685 Expires 07/11/04,spam_or_unspecified,en,UCI SMS Spam Collection,downloaded_public_dataset
uci_sms_01596,safe,Never blame a day in ur life. Good days give u happiness. Bad days give u experience. Both are essential in life! All are Gods blessings! good morning.:,safe_personal,en,UCI SMS Spam Collection,downloaded_public_dataset
uci_sms_01597,safe,Pls confirm the time to collect the cheque.,safe_personal,en,UCI SMS Spam Collection,downloaded_public_dataset
uci_sms_01598,scam,As a Registered Subscriber yr draw 4 a £100 gift voucher will b entered on receipt of a correct ans. When are the next olympics. Txt ans to 80062,spam_or_unspecified,en,UCI SMS Spam Collection,downloaded_public_dataset
uci_sms_01599,scam,URGENT! Your Mobile number has been awarded with a £2000 prize GUARANTEED. Call 09061790121 from land line. Claim 3030. Valid 12hrs only 150ppm,spam_or_unspecified,en,UCI SMS Spam Collection,downloaded_public_dataset
uci_sms_01600,safe,Daddy will take good care of you :),safe_personal,en,UCI SMS Spam Collection,downloaded_public_dataset
uci_sms_01601,safe,"Yeah probably, I still gotta check out with leo",safe_personal,en,UCI SMS Spam Collection,downloaded_public_dataset
uci_sms_01602,safe,K.then any other special?,safe_personal,en,UCI SMS Spam Collection,downloaded_public_dataset
uci_sms_01603,safe,Carlos is taking his sweet time as usual so let me know when you and patty are done/want to smoke and I'll tell him to haul ass,safe_personal,en,UCI SMS Spam Collection,downloaded_public_dataset
uci_sms_01604,safe,Ok pa. Nothing problem:-),safe_personal,en,UCI SMS Spam Collection,downloaded_public_dataset
uci_sms_01605,safe,Have you heard about that job? I'm going to that wildlife talk again tonight if u want2come. Its that2worzels and a wizzle or whatever it is?!,safe_personal,en,UCI SMS Spam Collection,downloaded_public_dataset
uci_sms_01606,safe,"God picked up a flower and dippeditinaDEW, lovingly touched itwhichturnedinto u, and the he gifted tomeandsaid,THIS FRIEND IS 4U",safe_personal,en,UCI SMS Spam Collection,downloaded_public_dataset
uci_sms_01607,safe,When you came to hostel.,safe_personal,en,UCI SMS Spam Collection,downloaded_public_dataset
uci_sms_01608,safe,Ok no prob... I'll come after lunch then...,safe_personal,en,UCI SMS Spam Collection,downloaded_public_dataset
uci_sms_01609,safe,Jus telling u dat i'll b leaving 4 shanghai on 21st instead so we'll haf more time 2 meet up cya...,safe_personal,en,UCI SMS Spam Collection,downloaded_public_dataset
uci_sms_01610,safe,Are your freezing ? Are you home yet ? Will you remember to kiss your mom in the morning? Do you love me ? Do you think of me ? Are you missing me yet ?,safe_personal,en,UCI SMS Spam Collection,downloaded_public_dataset
uci_sms_01611,safe,You all ready for * big day tomorrow?,safe_personal,en,UCI SMS Spam Collection,downloaded_public_dataset
uci_sms_01612,safe,I'll probably be around mu a lot,safe_personal,en,UCI SMS Spam Collection,downloaded_public_dataset
uci_sms_01613,safe,645,safe_personal,en,UCI SMS Spam Collection,downloaded_public_dataset
uci_sms_01614,scam,RT-KIng Pro Video Club>> Need help? info@ringtoneking.co.uk or call 08701237397 You must be 16+ Club credits redeemable at www.ringtoneking.co.uk! Enjoy!,spam_or_unspecified,en,UCI SMS Spam Collection,downloaded_public_dataset
uci_sms_01615,safe,Thnx dude. u guys out 2nite?,safe_personal,en,UCI SMS Spam Collection,downloaded_public_dataset
uci_sms_01616,safe,Me sef dey laugh you. Meanwhile how's my darling anjie!,safe_personal,en,UCI SMS Spam Collection,downloaded_public_dataset
uci_sms_01617,safe,Mm i had my food da from out,safe_personal,en,UCI SMS Spam Collection,downloaded_public_dataset
uci_sms_01618,safe,"K, makes sense, btw carlos is being difficult so you guys are gonna smoke while I go pick up the second batch and get gas",safe_personal,en,UCI SMS Spam Collection,downloaded_public_dataset
uci_sms_01619,safe,Did u download the fring app?,safe_personal,en,UCI SMS Spam Collection,downloaded_public_dataset
uci_sms_01620,safe,The 2 oz guy is being kinda flaky but one friend is interested in picking up $ &lt;#&gt; worth tonight if possible,safe_personal,en,UCI SMS Spam Collection,downloaded_public_dataset
uci_sms_01621,safe,Friends that u can stay on fb chat with,safe_personal,en,UCI SMS Spam Collection,downloaded_public_dataset
uci_sms_01622,safe,"Fuck babe, I miss you sooooo much !! I wish you were here to sleep with me ... My bed is so lonely ... I go now, to sleep ... To dream of you, my love ...",safe_personal,en,UCI SMS Spam Collection,downloaded_public_dataset
uci_sms_01623,safe,"Living is very simple.. Loving is also simple.. Laughing is too simple.. Winning is tooo simple.. But, being 'SIMPLE' is very difficult.. Gud nte.:-",safe_personal,en,UCI SMS Spam Collection,downloaded_public_dataset
uci_sms_01624,scam,U have a secret admirer who is looking 2 make contact with U-find out who they R*reveal who thinks UR so special-call on 09058094599,spam_or_unspecified,en,UCI SMS Spam Collection,downloaded_public_dataset
uci_sms_01625,safe,"Ah, well that confuses things, doesn‘t it?",safe_personal,en,UCI SMS Spam Collection,downloaded_public_dataset
uci_sms_01626,scam,500 free text msgs. Just text ok to 80488 and we'll credit your account,spam_or_unspecified,en,UCI SMS Spam Collection,downloaded_public_dataset
uci_sms_01627,safe,Hi Dear Call me its urgnt. I don't know whats your problem. You don't want to work or if you have any other problem at least tell me. Wating for your reply.,safe_personal,en,UCI SMS Spam Collection,downloaded_public_dataset
uci_sms_01628,safe,Dear how you. Are you ok?,safe_personal,en,UCI SMS Spam Collection,downloaded_public_dataset
uci_sms_01629,scam,"You have been selected to stay in 1 of 250 top British hotels - FOR NOTHING! Holiday Worth £350! To Claim, Call London 02072069400. Bx 526, SW73SS",spam_or_unspecified,en,UCI SMS Spam Collection,downloaded_public_dataset
uci_sms_01630,safe,Yes princess! I want to make you happy...,safe_personal,en,UCI SMS Spam Collection,downloaded_public_dataset
uci_sms_01631,safe,Sounds like you have many talents! would you like to go on a dinner date next week?,safe_personal,en,UCI SMS Spam Collection,downloaded_public_dataset
uci_sms_01632,safe,I am going to film 2day da. At 6pm. Sorry da.,safe_personal,en,UCI SMS Spam Collection,downloaded_public_dataset
uci_sms_01633,safe,We not watching movie already. Xy wants 2 shop so i'm shopping w her now.,safe_personal,en,UCI SMS Spam Collection,downloaded_public_dataset
uci_sms_01634,safe,Hello my little party animal! I just thought I'd buzz you as you were with your friends ...*grins*... Reminding you were loved and send a naughty adoring kiss,safe_personal,en,UCI SMS Spam Collection,downloaded_public_dataset
uci_sms_01635,safe,Yesterday its with me only . Now am going home.,safe_personal,en,UCI SMS Spam Collection,downloaded_public_dataset
uci_sms_01636,scam,"Eerie Nokia tones 4u, rply TONE TITLE to 8007 eg TONE DRACULA to 8007 Titles: GHOST, ADDAMSFA, MUNSTERS, EXORCIST, TWILIGHT www.getzed.co.uk POBox36504W45WQ 150p",spam_or_unspecified,en,UCI SMS Spam Collection,downloaded_public_dataset
uci_sms_01637,safe,"You have come into my life and brought the sun ..Shiny down on me, warming my heart. Putting a constant smile on my face ... Making me feel loved and cared for",safe_personal,en,UCI SMS Spam Collection,downloaded_public_dataset
uci_sms_01638,safe,"No shit, but I wasn't that surprised, so I went and spent the evening with that french guy I met in town here and we fooled around a bit but I didn't let him fuck me",safe_personal,en,UCI SMS Spam Collection,downloaded_public_dataset
uci_sms_01639,scam,"0A$NETWORKS allow companies to bill for SMS, so they are responsible for their ""suppliers"", just as a shop has to give a guarantee on what they sell. B. G.",spam_or_unspecified,en,UCI SMS Spam Collection,downloaded_public_dataset
uci_sms_01640,safe,Great comedy..cant stop laughing da:),safe_personal,en,UCI SMS Spam Collection,downloaded_public_dataset
uci_sms_01641,scam,FreeMsg:Feelin kinda lnly hope u like 2 keep me company! Jst got a cam moby wanna c my pic?Txt or reply DATE to 82242 Msg150p 2rcv Hlp 08712317606 stop to 82242,spam_or_unspecified,en,UCI SMS Spam Collection,downloaded_public_dataset
uci_sms_01642,safe,"Alright, we're all set here, text the man",safe_personal,en,UCI SMS Spam Collection,downloaded_public_dataset
uci_sms_01643,safe,"Hi , where are you? We're at and they're not keen to go out i kind of am but feel i shouldn't so can we go out tomo, don't mind do you?",safe_personal,en,UCI SMS Spam Collection,downloaded_public_dataset
uci_sms_01644,safe,Sleeping nt feeling well,safe_personal,en,UCI SMS Spam Collection,downloaded_public_dataset
uci_sms_01645,safe,U WILL SWITCH YOUR FONE ON DAMMIT!!,safe_personal,en,UCI SMS Spam Collection,downloaded_public_dataset
uci_sms_01646,safe,India have to take lead:),safe_personal,en,UCI SMS Spam Collection,downloaded_public_dataset
uci_sms_01647,safe,I.ll post her out l8r. In class,safe_personal,en,UCI SMS Spam Collection,downloaded_public_dataset
uci_sms_01648,safe,Thts wat Wright Brother did to fly..,safe_personal,en,UCI SMS Spam Collection,downloaded_public_dataset
uci_sms_01649,safe,"Evening * v good if somewhat event laden. Will fill you in, don't you worry … Head * ok but throat * wrecked. See you at six then!",safe_personal,en,UCI SMS Spam Collection,downloaded_public_dataset
uci_sms_01650,safe,If u laugh really loud.. If u talk spontaneously.. If u dont care what others feel.. U are probably with your dear &amp; best friends.. GOODEVENING Dear..:),safe_personal,en,UCI SMS Spam Collection,downloaded_public_dataset
uci_sms_01651,safe,ITS A LAPTOP TAKE IT WITH YOU.,safe_personal,en,UCI SMS Spam Collection,downloaded_public_dataset
uci_sms_01652,safe,I dont have any of your file in my bag..i was in work when you called me.i 'll tell you if i find anything in my room.,safe_personal,en,UCI SMS Spam Collection,downloaded_public_dataset
uci_sms_01653,safe,I wan but too early lei... Me outside now wun b home so early... Neva mind then...,safe_personal,en,UCI SMS Spam Collection,downloaded_public_dataset
uci_sms_01654,scam,"For ur chance to win a £250 cash every wk TXT: ACTION to 80608. T's&C's www.movietrivia.tv custcare 08712405022, 1x150p/wk",spam_or_unspecified,en,UCI SMS Spam Collection,downloaded_public_dataset
uci_sms_01655,safe,I was at bugis juz now wat... But now i'm walking home oredi... Ü so late then reply... I oso saw a top dat i like but din buy... Where r ü now?,safe_personal,en,UCI SMS Spam Collection,downloaded_public_dataset
uci_sms_01657,safe,At 7 we will go ok na.,safe_personal,en,UCI SMS Spam Collection,downloaded_public_dataset
uci_sms_01658,safe,Yes I posted a couple of pics on fb. There's still snow outside too. I'm just waking up :),safe_personal,en,UCI SMS Spam Collection,downloaded_public_dataset
uci_sms_01659,safe,S:-)if we have one good partnership going we will take lead:),safe_personal,en,UCI SMS Spam Collection,downloaded_public_dataset
uci_sms_01660,scam,RGENT! This is the 2nd attempt to contact U!U have WON £1250 CALL 09071512433 b4 050703 T&CsBCM4235WC1N3XX. callcost 150ppm mobilesvary. max£7. 50,spam_or_unspecified,en,UCI SMS Spam Collection,downloaded_public_dataset
uci_sms_01661,safe,"Yeah, where's your class at?",safe_personal,en,UCI SMS Spam Collection,downloaded_public_dataset
uci_sms_01662,safe,No just send to you. Bec you in temple na.,safe_personal,en,UCI SMS Spam Collection,downloaded_public_dataset
uci_sms_01663,safe,"You aren't coming home between class, right? I need to work out and shower!",safe_personal,en,UCI SMS Spam Collection,downloaded_public_dataset
uci_sms_01664,scam,Hi if ur lookin 4 saucy daytime fun wiv busty married woman Am free all next week Chat now 2 sort time 09099726429 JANINExx Calls£1/minMobsmoreLKPOBOX177HP51FL,spam_or_unspecified,en,UCI SMS Spam Collection,downloaded_public_dataset
uci_sms_01665,safe,S but mostly not like that.,safe_personal,en,UCI SMS Spam Collection,downloaded_public_dataset
uci_sms_01666,safe,Ü v ma fan...,safe_personal,en,UCI SMS Spam Collection,downloaded_public_dataset
uci_sms_01667,safe,Dunno cos i was v late n when i reach they inside already... But we ate spageddies lor... It's e gals who r laughing at me lor...,safe_personal,en,UCI SMS Spam Collection,downloaded_public_dataset
uci_sms_01668,safe,Guess who spent all last night phasing in and out of the fourth dimension,safe_personal,en,UCI SMS Spam Collection,downloaded_public_dataset
uci_sms_01669,safe,So now my dad is gonna call after he gets out of work and ask all these crazy questions.,safe_personal,en,UCI SMS Spam Collection,downloaded_public_dataset
uci_sms_01670,safe,"Yes..but they said its IT.,",safe_personal,en,UCI SMS Spam Collection,downloaded_public_dataset
uci_sms_01671,safe,"Very hurting n meaningful lines ever: ""I compromised everything for my love, But at d end my love compromised me for everything:-("".. Gud mornin:-)",safe_personal,en,UCI SMS Spam Collection,downloaded_public_dataset
uci_sms_01672,safe,Lmao!nice 1,safe_personal,en,UCI SMS Spam Collection,downloaded_public_dataset
uci_sms_01673,safe,Glad to see your reply.,safe_personal,en,UCI SMS Spam Collection,downloaded_public_dataset
uci_sms_01674,scam,URGENT! We are trying to contact U. Todays draw shows that you have won a £800 prize GUARANTEED. Call 09050001295 from land line. Claim A21. Valid 12hrs only,spam_or_unspecified,en,UCI SMS Spam Collection,downloaded_public_dataset
uci_sms_01675,scam,Monthly password for wap. mobsi.com is 391784. Use your wap phone not PC.,spam_or_unspecified,en,UCI SMS Spam Collection,downloaded_public_dataset
uci_sms_01676,safe,Nah dub but je still buff,safe_personal,en,UCI SMS Spam Collection,downloaded_public_dataset
uci_sms_01677,safe,"Painful words- ""I thought being Happy was the most toughest thing on Earth... But, the toughest is acting Happy with all unspoken pain inside..""",safe_personal,en,UCI SMS Spam Collection,downloaded_public_dataset
uci_sms_01678,safe,"Yeah, that's fine! It's £6 to get in, is that ok?",safe_personal,en,UCI SMS Spam Collection,downloaded_public_dataset
uci_sms_01679,safe,Lol where do u come up with these ideas?,safe_personal,en,UCI SMS Spam Collection,downloaded_public_dataset
uci_sms_01680,safe,"So many people seems to be special at first sight, But only very few will remain special to you till your last sight.. Maintain them till life ends.. Sh!jas",safe_personal,en,UCI SMS Spam Collection,downloaded_public_dataset
uci_sms_01682,safe,Okay... We wait ah,safe_personal,en,UCI SMS Spam Collection,downloaded_public_dataset
uci_sms_01683,safe,Y lei?,safe_personal,en,UCI SMS Spam Collection,downloaded_public_dataset
uci_sms_01684,safe,HI BABE U R MOST LIKELY TO BE IN BED BUT IM SO SORRY ABOUT TONIGHT! I REALLY WANNA SEE U TOMORROW SO CALL ME AT 9. LOVE ME XXX,safe_personal,en,UCI SMS Spam Collection,downloaded_public_dataset
uci_sms_01685,safe,Already am squatting is the new way of walking,safe_personal,en,UCI SMS Spam Collection,downloaded_public_dataset
uci_sms_01686,safe,Do you want bold 2 or bb torch,safe_personal,en,UCI SMS Spam Collection,downloaded_public_dataset
uci_sms_01687,safe,Cramps stopped. Going back to sleep,safe_personal,en,UCI SMS Spam Collection,downloaded_public_dataset
uci_sms_01688,scam,todays vodafone numbers ending with 0089(my last four digits) are selected to received a £350 award. If your number matches please call 09063442151 to claim your £350 award,spam_or_unspecified,en,UCI SMS Spam Collection,downloaded_public_dataset
uci_sms_01689,scam,Free Top ringtone -sub to weekly ringtone-get 1st week free-send SUBPOLY to 81618-?3 per week-stop sms-08718727870,spam_or_unspecified,en,UCI SMS Spam Collection,downloaded_public_dataset
uci_sms_01690,safe,Nan sonathaya soladha. Why boss?,safe_personal,en,UCI SMS Spam Collection,downloaded_public_dataset
uci_sms_01691,safe,Bring tat cd don forget,safe_personal,en,UCI SMS Spam Collection,downloaded_public_dataset
uci_sms_01693,safe,I don't know but I'm raping dudes at poker,safe_personal,en,UCI SMS Spam Collection,downloaded_public_dataset
uci_sms_01694,safe,Weightloss! No more girl friends. Make loads of money on ebay or something. And give thanks to God.,safe_personal,en,UCI SMS Spam Collection,downloaded_public_dataset
uci_sms_01695,safe,Was gr8 to see that message. So when r u leaving? Congrats dear. What school and wat r ur plans.,safe_personal,en,UCI SMS Spam Collection,downloaded_public_dataset
uci_sms_01696,safe,Ü eatin later but i'm eatin wif my frens now lei... Ü going home first?,safe_personal,en,UCI SMS Spam Collection,downloaded_public_dataset
uci_sms_01697,safe,Finish already... Yar they keep saying i mushy... I so embarrassed ok...,safe_personal,en,UCI SMS Spam Collection,downloaded_public_dataset
uci_sms_01698,safe,"Sorry man, my stash ran dry last night and I can't pick up more until sunday",safe_personal,en,UCI SMS Spam Collection,downloaded_public_dataset
uci_sms_01699,safe,Hai priya are you right. What doctor said pa. Where are you.,safe_personal,en,UCI SMS Spam Collection,downloaded_public_dataset
uci_sms_01700,scam,"Free msg. Sorry, a service you ordered from 81303 could not be delivered as you do not have sufficient credit. Please top up to receive the service.",spam_or_unspecified,en,UCI SMS Spam Collection,downloaded_public_dataset
uci_sms_01702,safe,Please ask mummy to call father,safe_personal,en,UCI SMS Spam Collection,downloaded_public_dataset
uci_sms_01703,safe,Can come my room but cannot come my house cos my house still messy... Haha...,safe_personal,en,UCI SMS Spam Collection,downloaded_public_dataset
uci_sms_01704,safe,I have lost 10 kilos as of today!,safe_personal,en,UCI SMS Spam Collection,downloaded_public_dataset
uci_sms_01705,safe,Just taste fish curry :-P,safe_personal,en,UCI SMS Spam Collection,downloaded_public_dataset
uci_sms_01706,safe,What can i do? Might accidant tookplace between somewhere ghodbandar rd. Traffic moves slovely. So plz slip &amp; don't worry.,safe_personal,en,UCI SMS Spam Collection,downloaded_public_dataset
uci_sms_01707,safe,Yun ah.now ü wkg where?btw if ü go nus sc. Ü wana specialise in wad?,safe_personal,en,UCI SMS Spam Collection,downloaded_public_dataset
uci_sms_01708,safe,Yes! I am a one woman man! Please tell me your likes and dislikes in bed...,safe_personal,en,UCI SMS Spam Collection,downloaded_public_dataset
uci_sms_01709,safe,Was doing my test earlier. I appreciate you. Will call you tomorrow.,safe_personal,en,UCI SMS Spam Collection,downloaded_public_dataset
uci_sms_01710,safe,"How's my loverboy doing ? What does he do that keeps him from coming to his Queen, hmmm ? Doesn't he ache to speak to me ? Miss me desparately ?",safe_personal,en,UCI SMS Spam Collection,downloaded_public_dataset
uci_sms_01711,safe,U meet other fren dun wan meet me ah... Muz b a guy rite...,safe_personal,en,UCI SMS Spam Collection,downloaded_public_dataset
uci_sms_01712,safe,"(No promises on when though, haven't even gotten dinner yet)",safe_personal,en,UCI SMS Spam Collection,downloaded_public_dataset
uci_sms_01713,safe,I got your back! Do you have any dislikes in bed?,safe_personal,en,UCI SMS Spam Collection,downloaded_public_dataset
uci_sms_01714,safe,o turns out i had stereo love on mi phone under the unknown album.,safe_personal,en,UCI SMS Spam Collection,downloaded_public_dataset
uci_sms_01715,scam,Hard LIVE 121 chat just 60p/min. Choose your girl and connect LIVE. Call 09094646899 now! Cheap Chat UK's biggest live service. VU BCM1896WC1N3XX,spam_or_unspecified,en,UCI SMS Spam Collection,downloaded_public_dataset
uci_sms_01716,safe,Yeah I don't see why not,safe_personal,en,UCI SMS Spam Collection,downloaded_public_dataset
uci_sms_01717,safe,Asking do u knw them or nt? May be ur frnds or classmates?,safe_personal,en,UCI SMS Spam Collection,downloaded_public_dataset
uci_sms_01718,safe,"Sorry about earlier. Putting out fires.Are you around to talk after 9? Or do you actually have a life, lol!",safe_personal,en,UCI SMS Spam Collection,downloaded_public_dataset
uci_sms_01719,scam,WOW! The Boys R Back. TAKE THAT 2007 UK Tour. Win VIP Tickets & pre-book with VIP Club. Txt CLUB to 81303. Trackmarque Ltd info@vipclub4u.,spam_or_unspecified,en,UCI SMS Spam Collection,downloaded_public_dataset
uci_sms_01720,safe,"As in missionary hook up, doggy hook up, standing...|",safe_personal,en,UCI SMS Spam Collection,downloaded_public_dataset
uci_sms_01721,safe,Then u better go sleep.. Dun disturb u liao.. U wake up then msg me lor..,safe_personal,en,UCI SMS Spam Collection,downloaded_public_dataset
uci_sms_01723,safe,Am watching house – very entertaining – am getting the whole hugh laurie thing – even with the stick – indeed especially with the stick.,safe_personal,en,UCI SMS Spam Collection,downloaded_public_dataset
uci_sms_01724,safe,Thought praps you meant another one. Goodo! I'll look tomorrow,safe_personal,en,UCI SMS Spam Collection,downloaded_public_dataset
uci_sms_01725,safe,"Hi Jon, Pete here, Ive bin 2 Spain recently & hav sum dinero left, Bill said u or ur rents mayb interested in it, I hav 12,000pes, so around £48, tb, James.",safe_personal,en,UCI SMS Spam Collection,downloaded_public_dataset
uci_sms_01726,safe,There bold 2 &lt;#&gt; . Is that yours,safe_personal,en,UCI SMS Spam Collection,downloaded_public_dataset
uci_sms_01727,safe,You know there is. I shall speak to you in &lt;#&gt; minutes then,safe_personal,en,UCI SMS Spam Collection,downloaded_public_dataset
uci_sms_01728,safe,ALRITE HUNNY!WOT U UP 2 2NITE? DIDNT END UP GOIN DOWN TOWN JUS DA PUB INSTEAD! JUS CHILLIN AT DA MO IN ME BEDROOM!LOVE JEN XXX.,safe_personal,en,UCI SMS Spam Collection,downloaded_public_dataset
uci_sms_01729,safe,I went to project centre,safe_personal,en,UCI SMS Spam Collection,downloaded_public_dataset
uci_sms_01730,safe,As per your request 'Maangalyam (Alaipayuthe)' has been set as your callertune for all Callers. Press *9 to copy your friends Callertune,safe_personal,en,UCI SMS Spam Collection,downloaded_public_dataset
uci_sms_01731,safe,Lol yeah at this point I guess not,safe_personal,en,UCI SMS Spam Collection,downloaded_public_dataset
uci_sms_01732,safe,Doing project w frens lor.,safe_personal,en,UCI SMS Spam Collection,downloaded_public_dataset
uci_sms_01733,safe,Lol. Well quality aint bad at all so i aint complaining,safe_personal,en,UCI SMS Spam Collection,downloaded_public_dataset
uci_sms_01734,safe,"K, can that happen tonight?",safe_personal,en,UCI SMS Spam Collection,downloaded_public_dataset
uci_sms_01735,scam,"Hi, this is Mandy Sullivan calling from HOTMIX FM...you are chosen to receive £5000.00 in our Easter Prize draw.....Please telephone 09041940223 to claim before 29/03/05 or your prize will be transferred to someone else....",spam_or_unspecified,en,UCI SMS Spam Collection,downloaded_public_dataset
uci_sms_01736,safe,"I think we're going to finn's now, come",safe_personal,en,UCI SMS Spam Collection,downloaded_public_dataset
uci_sms_01737,safe,Why tired what special there you had,safe_personal,en,UCI SMS Spam Collection,downloaded_public_dataset
uci_sms_01738,safe,I will come tomorrow di,safe_personal,en,UCI SMS Spam Collection,downloaded_public_dataset
uci_sms_01740,safe,K go and sleep well. Take rest:-).,safe_personal,en,UCI SMS Spam Collection,downloaded_public_dataset
uci_sms_01741,safe,U guys never invite me anywhere :(,safe_personal,en,UCI SMS Spam Collection,downloaded_public_dataset
uci_sms_01742,scam,UR GOING 2 BAHAMAS! CallFREEFONE 08081560665 and speak to a live operator to claim either Bahamas cruise of£2000 CASH 18+only. To opt out txt X to 07786200117,spam_or_unspecified,en,UCI SMS Spam Collection,downloaded_public_dataset
uci_sms_01743,safe,I can do that! I want to please you both inside and outside the bedroom...,safe_personal,en,UCI SMS Spam Collection,downloaded_public_dataset
uci_sms_01744,safe,EY! CALM DOWNON THEACUSATIONS.. ITXT U COS IWANA KNOW WOTU R DOIN AT THEW/END... HAVENTCN U IN AGES..RING ME IF UR UP4 NETHING SAT.LOVE J XXX.,safe_personal,en,UCI SMS Spam Collection,downloaded_public_dataset
uci_sms_01745,safe,I love to wine and dine my lady!,safe_personal,en,UCI SMS Spam Collection,downloaded_public_dataset
uci_sms_01746,scam,Someone has conacted our dating service and entered your phone because they fancy you!To find out who it is call from landline 09111030116. PoBox12n146tf15,spam_or_unspecified,en,UCI SMS Spam Collection,downloaded_public_dataset
uci_sms_01747,safe,"Im cool ta luv but v.tired 2 cause i have been doin loads of planning all wk, we have got our social services inspection at the nursery! Take care & spk sn x.",safe_personal,en,UCI SMS Spam Collection,downloaded_public_dataset
uci_sms_01748,safe,I don know account details..i will ask my mom and send you.my mom is out of reach now.,safe_personal,en,UCI SMS Spam Collection,downloaded_public_dataset
uci_sms_01749,safe,I think u have the wrong number.,safe_personal,en,UCI SMS Spam Collection,downloaded_public_dataset
uci_sms_01750,safe,Feel Yourself That You Are Always Happy.. Slowly It Becomes Your Habit &amp; Finally It Becomes Part Of Your Life.. Follow It.. Happy Morning &amp; Have A Happy Day:),safe_personal,en,UCI SMS Spam Collection,downloaded_public_dataset
uci_sms_01751,safe,DO NOT B LATE LOVE MUM,safe_personal,en,UCI SMS Spam Collection,downloaded_public_dataset
uci_sms_01752,safe,Got it..mail panren paru..,safe_personal,en,UCI SMS Spam Collection,downloaded_public_dataset
uci_sms_01753,safe,* Was thinking about chuckin ur red green n black trainners 2 save carryin them bac on train,safe_personal,en,UCI SMS Spam Collection,downloaded_public_dataset
uci_sms_01754,safe,Give one miss from that number please,safe_personal,en,UCI SMS Spam Collection,downloaded_public_dataset
uci_sms_01755,safe,Jus came back fr lunch wif my sis only. U leh?,safe_personal,en,UCI SMS Spam Collection,downloaded_public_dataset
uci_sms_01756,safe,How is your schedule next week? I am out of town this weekend.,safe_personal,en,UCI SMS Spam Collection,downloaded_public_dataset
uci_sms_01757,safe,Really good:)dhanush rocks once again:),safe_personal,en,UCI SMS Spam Collection,downloaded_public_dataset
uci_sms_01758,safe,Lmao ok I wont be needing u to do my hair anymore.,safe_personal,en,UCI SMS Spam Collection,downloaded_public_dataset
uci_sms_01759,safe,"Miss ya, need ya, want ya, love ya.",safe_personal,en,UCI SMS Spam Collection,downloaded_public_dataset
uci_sms_01760,safe,Sorry i'm not free...,safe_personal,en,UCI SMS Spam Collection,downloaded_public_dataset
uci_sms_01761,safe,Do u ever get a song stuck in your head for no reason and it won't go away til u listen to it like 5 times?,safe_personal,en,UCI SMS Spam Collection,downloaded_public_dataset
uci_sms_01762,safe,Nt yet chikku..simple habba..hw abt u?,safe_personal,en,UCI SMS Spam Collection,downloaded_public_dataset
uci_sms_01763,safe,"Got ur mail Dileep.thank you so muchand look forward to lots of support...very less contacts here,remember one venugopal you mentioned.tomorrow if not late,i shall try to come up till there.goodnight dear.",safe_personal,en,UCI SMS Spam Collection,downloaded_public_dataset
uci_sms_01764,safe,Sometimes Heart Remembrs someone Very much... Forgets someone soon... Bcoz Heart will not like everyone. But liked ones will be Remembered Everytime... BSLVYL,safe_personal,en,UCI SMS Spam Collection,downloaded_public_dataset
uci_sms_01765,safe,Joy's father is John. Then John is the NAME of Joy's father. Mandan,safe_personal,en,UCI SMS Spam Collection,downloaded_public_dataset
uci_sms_01766,scam,Hi 07734396839 IBH Customer Loyalty Offer: The NEW NOKIA6600 Mobile from ONLY £10 at TXTAUCTION!Txt word:START to No:81151 & get Yours Now!4T&,spam_or_unspecified,en,UCI SMS Spam Collection,downloaded_public_dataset
uci_sms_01767,safe,Hi this is yijue... It's regarding the 3230 textbook it's intro to algorithms second edition... I'm selling it for $50...,safe_personal,en,UCI SMS Spam Collection,downloaded_public_dataset
uci_sms_01768,scam,SMS AUCTION You have won a Nokia 7250i. This is what you get when you win our FREE auction. To take part send Nokia to 86021 now. HG/Suite342/2Lands Row/W1JHL 16+,spam_or_unspecified,en,UCI SMS Spam Collection,downloaded_public_dataset
uci_sms_01769,safe,"K, want us to come by now?",safe_personal,en,UCI SMS Spam Collection,downloaded_public_dataset
uci_sms_01770,safe,How. Its a little difficult but its a simple way to enter this place,safe_personal,en,UCI SMS Spam Collection,downloaded_public_dataset
uci_sms_01771,safe,Ha... Both of us doing e same thing. But i got tv 2 watch. U can thk of where 2 go tonight or u already haf smth in mind...,safe_personal,en,UCI SMS Spam Collection,downloaded_public_dataset
uci_sms_01772,safe,Dont show yourself. How far. Put new pictures up on facebook.,safe_personal,en,UCI SMS Spam Collection,downloaded_public_dataset
uci_sms_01773,safe,Watching tv now. I got new job :),safe_personal,en,UCI SMS Spam Collection,downloaded_public_dataset
uci_sms_01774,safe,"Good afternoon sexy buns! How goes the job search ? I wake and you are my first thought as always, my love. I wish your fine and happy and know I adore you!",safe_personal,en,UCI SMS Spam Collection,downloaded_public_dataset
uci_sms_01775,safe,"I'm not coming over, do whatever you want",safe_personal,en,UCI SMS Spam Collection,downloaded_public_dataset
uci_sms_01776,safe,"Its ok chikku, and its my 1 of favourite song..:-)",safe_personal,en,UCI SMS Spam Collection,downloaded_public_dataset
uci_sms_01777,safe,Did u see what I posted on your Facebook?,safe_personal,en,UCI SMS Spam Collection,downloaded_public_dataset
uci_sms_01778,scam,Call FREEPHONE 0800 542 0578 now!,spam_or_unspecified,en,UCI SMS Spam Collection,downloaded_public_dataset
uci_sms_01779,scam,Buy Space Invaders 4 a chance 2 win orig Arcade Game console. Press 0 for Games Arcade (std WAP charge) See o2.co.uk/games 4 Terms + settings. No purchase,spam_or_unspecified,en,UCI SMS Spam Collection,downloaded_public_dataset
uci_sms_01782,scam,BIG BROTHER ALERT! The computer has selected u for 10k cash or #150 voucher. Call 09064018838. NTT PO Box CRO1327 18+ BT Landline Cost 150ppm mobiles vary,spam_or_unspecified,en,UCI SMS Spam Collection,downloaded_public_dataset
uci_sms_01783,safe,";-( oh well, c u later",safe_personal,en,UCI SMS Spam Collection,downloaded_public_dataset
uci_sms_01784,safe,My uncles in Atlanta. Wish you guys a great semester.,safe_personal,en,UCI SMS Spam Collection,downloaded_public_dataset
uci_sms_01785,safe,No dear i do have free messages without any recharge. Hi hi hi,safe_personal,en,UCI SMS Spam Collection,downloaded_public_dataset
uci_sms_01787,safe,I dun believe u. I thk u told him.,safe_personal,en,UCI SMS Spam Collection,downloaded_public_dataset
uci_sms_01788,safe,"Do you know why god created gap between your fingers..? So that, One who is made for you comes &amp; fills those gaps by holding your hand with LOVE..!",safe_personal,en,UCI SMS Spam Collection,downloaded_public_dataset
uci_sms_01789,safe,Yes:)sura in sun tv.:)lol.,safe_personal,en,UCI SMS Spam Collection,downloaded_public_dataset
uci_sms_01790,safe,Arun can u transfr me d amt,safe_personal,en,UCI SMS Spam Collection,downloaded_public_dataset
uci_sms_01791,safe,Takin a shower now but yeah I'll leave when I'm done,safe_personal,en,UCI SMS Spam Collection,downloaded_public_dataset
uci_sms_01792,safe,Am not working but am up to eyes in philosophy so will text u later when a bit more free for chat...,safe_personal,en,UCI SMS Spam Collection,downloaded_public_dataset
uci_sms_01793,safe,U havent lost me ill always b here 4u.i didnt intend 2 hurt u but I never knew how u felt about me when Iwas+marine&thats what itried2tell urmom.i careabout u,safe_personal,en,UCI SMS Spam Collection,downloaded_public_dataset
uci_sms_01794,scam,"WIN: We have a winner! Mr. T. Foley won an iPod! More exciting prizes soon, so keep an eye on ur mobile or visit www.win-82050.co.uk",spam_or_unspecified,en,UCI SMS Spam Collection,downloaded_public_dataset
uci_sms_01795,safe,You bad girl. I can still remember them,safe_personal,en,UCI SMS Spam Collection,downloaded_public_dataset
uci_sms_01796,safe,How much i gave to you. Morning.,safe_personal,en,UCI SMS Spam Collection,downloaded_public_dataset
uci_sms_01797,safe,"I hope your alright babe? I worry that you might have felt a bit desparate when you learned the job was a fake ? I am here waiting when you come back, my love",safe_personal,en,UCI SMS Spam Collection,downloaded_public_dataset
uci_sms_01798,safe,"Hey, can you tell me blake's address? Carlos wanted me to meet him there but I got lost and he's not answering his phone",safe_personal,en,UCI SMS Spam Collection,downloaded_public_dataset
uci_sms_01799,safe,Can i get your opinion on something first?,safe_personal,en,UCI SMS Spam Collection,downloaded_public_dataset
uci_sms_01800,safe,That one week leave i put know that time. Why.,safe_personal,en,UCI SMS Spam Collection,downloaded_public_dataset
uci_sms_01801,safe,"If we hit it off, you can move in with me :)",safe_personal,en,UCI SMS Spam Collection,downloaded_public_dataset
uci_sms_01802,safe,excellent. I spent &lt;#&gt; years in the Air Force. Iraq and afghanistan. I am stable and honest. do you like traveling?,safe_personal,en,UCI SMS Spam Collection,downloaded_public_dataset
uci_sms_01803,safe,I wanna watch that movie,safe_personal,en,UCI SMS Spam Collection,downloaded_public_dataset
uci_sms_01804,safe,Ok lor thanx... Ü in school?,safe_personal,en,UCI SMS Spam Collection,downloaded_public_dataset
uci_sms_01805,safe,I'm in class. Did you get my text.,safe_personal,en,UCI SMS Spam Collection,downloaded_public_dataset
uci_sms_01806,safe,The bus leaves at &lt;#&gt;,safe_personal,en,UCI SMS Spam Collection,downloaded_public_dataset
uci_sms_01807,safe,God bless.get good sleep my dear...i will pray!,safe_personal,en,UCI SMS Spam Collection,downloaded_public_dataset
uci_sms_01808,scam,Todays Voda numbers ending 1225 are selected to receive a £50award. If you have a match please call 08712300220 quoting claim code 3100 standard rates app,spam_or_unspecified,en,UCI SMS Spam Collection,downloaded_public_dataset
uci_sms_01809,safe,Do have a nice day today. I love you so dearly.,safe_personal,en,UCI SMS Spam Collection,downloaded_public_dataset
uci_sms_01810,safe,Aiyo a bit pai seh ü noe... Scared he dun rem who i am then die... Hee... But he become better lookin oredi leh...,safe_personal,en,UCI SMS Spam Collection,downloaded_public_dataset
uci_sms_01811,safe,"Aight, I'll ask a few of my roommates",safe_personal,en,UCI SMS Spam Collection,downloaded_public_dataset
uci_sms_01812,safe,"Now, whats your house # again ? And do you have any beer there ?",safe_personal,en,UCI SMS Spam Collection,downloaded_public_dataset
uci_sms_01813,safe,Do ü all wan 2 meet up n combine all the parts? How's da rest of da project going?,safe_personal,en,UCI SMS Spam Collection,downloaded_public_dataset
uci_sms_01814,safe,Getting tickets 4 walsall tue 6 th march. My mate is getting me them on sat. ill pay my treat. Want 2 go. Txt bak .Terry,safe_personal,en,UCI SMS Spam Collection,downloaded_public_dataset
uci_sms_01815,safe,Yes we are chatting too.,safe_personal,en,UCI SMS Spam Collection,downloaded_public_dataset
uci_sms_01816,safe,HI ITS JESS I DONT KNOW IF YOU ARE AT WORK BUT CALL ME WHEN U CAN IM AT HOME ALL EVE. XXX,safe_personal,en,UCI SMS Spam Collection,downloaded_public_dataset
uci_sms_01817,safe,Sian... Aft meeting supervisor got work 2 do liao... U working now?,safe_personal,en,UCI SMS Spam Collection,downloaded_public_dataset
uci_sms_01818,safe,Are you going to write ccna exam this week??,safe_personal,en,UCI SMS Spam Collection,downloaded_public_dataset
uci_sms_01819,safe,Well i will watch shrek in 3D!!B),safe_personal,en,UCI SMS Spam Collection,downloaded_public_dataset
uci_sms_01820,safe,Am i that much dirty fellow?,safe_personal,en,UCI SMS Spam Collection,downloaded_public_dataset
uci_sms_01821,safe,Dunno dat's wat he told me. Ok lor...,safe_personal,en,UCI SMS Spam Collection,downloaded_public_dataset
uci_sms_01822,safe,I'll probably be by tomorrow (or even later tonight if something's going on),safe_personal,en,UCI SMS Spam Collection,downloaded_public_dataset
uci_sms_01823,safe,I couldn't say no as he is a dying man and I feel sad for him so I will go and I just wanted you to know I would probably be gone late into your night,safe_personal,en,UCI SMS Spam Collection,downloaded_public_dataset
uci_sms_01824,safe,If you're thinking of lifting me one then no.,safe_personal,en,UCI SMS Spam Collection,downloaded_public_dataset
uci_sms_01825,safe,Same as u... Dun wan... Y u dun like me already ah... Wat u doing now? Still eating?,safe_personal,en,UCI SMS Spam Collection,downloaded_public_dataset
uci_sms_01826,safe,Sent me ur email id soon,safe_personal,en,UCI SMS Spam Collection,downloaded_public_dataset
uci_sms_01828,safe,"Dude. What's up. How Teresa. Hope you have been okay. When i didnt hear from these people, i called them and they had received the package since dec &lt;#&gt; . Just thot you'ld like to know. Do have a fantastic year and all the best with your reading. Plus if you can really really Bam first aid for Usmle, then your work is done.",safe_personal,en,UCI SMS Spam Collection,downloaded_public_dataset
uci_sms_01829,safe,Hey gorgeous man. My work mobile number is. Have a good one babe. Squishy Mwahs.,safe_personal,en,UCI SMS Spam Collection,downloaded_public_dataset
uci_sms_01831,scam,"Hottest pics straight to your phone!! See me getting Wet and Wanting, just for you xx Text PICS to 89555 now! txt costs 150p textoperator g696ga 18 XxX",spam_or_unspecified,en,UCI SMS Spam Collection,downloaded_public_dataset
uci_sms_01832,safe,That's the way you should stay oh.,safe_personal,en,UCI SMS Spam Collection,downloaded_public_dataset
uci_sms_01833,safe,Hello- thanx for taking that call. I got a job! Starts on monday!,safe_personal,en,UCI SMS Spam Collection,downloaded_public_dataset
uci_sms_01834,safe,What time is ur flight tmr?,safe_personal,en,UCI SMS Spam Collection,downloaded_public_dataset
uci_sms_01835,safe,When should I come over?,safe_personal,en,UCI SMS Spam Collection,downloaded_public_dataset
uci_sms_01836,safe,I have a rather prominent bite mark on my right cheek,safe_personal,en,UCI SMS Spam Collection,downloaded_public_dataset
uci_sms_01837,safe,* Will be september by then!,safe_personal,en,UCI SMS Spam Collection,downloaded_public_dataset
uci_sms_01838,safe,Are you wet right now?,safe_personal,en,UCI SMS Spam Collection,downloaded_public_dataset
uci_sms_01839,safe,And how's your husband.,safe_personal,en,UCI SMS Spam Collection,downloaded_public_dataset
uci_sms_01840,scam,"Hack Chat. Get backdoor entry into 121 chat rooms at a fraction of the cost. Reply NEO69 or call 09050280520, to subscribe 25p pm. DPS, Bcm box 8027 Ldn, wc1n3xx",spam_or_unspecified,en,UCI SMS Spam Collection,downloaded_public_dataset
uci_sms_01841,safe,Are we doing the norm tomorrow? I finish just a 4.15 cos of st tests. Need to sort library stuff out at some point tomo - got letter from today - access til end march so i better get move on!,safe_personal,en,UCI SMS Spam Collection,downloaded_public_dataset
uci_sms_01842,safe,Yeah. I got a list with only u and Joanna if I'm feeling really anti social,safe_personal,en,UCI SMS Spam Collection,downloaded_public_dataset
uci_sms_01843,safe,I am in your office na.,safe_personal,en,UCI SMS Spam Collection,downloaded_public_dataset
uci_sms_01844,safe,Are you comingdown later?,safe_personal,en,UCI SMS Spam Collection,downloaded_public_dataset
uci_sms_01845,safe,Super da:)good replacement for murali,safe_personal,en,UCI SMS Spam Collection,downloaded_public_dataset
uci_sms_01846,safe,Da is good good player.why he is unsold.,safe_personal,en,UCI SMS Spam Collection,downloaded_public_dataset
uci_sms_01847,safe,Hi. || Do u want | to join me with sts later? || Meeting them at five. || Call u after class.,safe_personal,en,UCI SMS Spam Collection,downloaded_public_dataset
uci_sms_01848,safe,Its on in engalnd! But telly has decided it won't let me watch it and mia and elliot were kissing! Damn it!,safe_personal,en,UCI SMS Spam Collection,downloaded_public_dataset
uci_sms_01849,scam,"FREE NOKIA Or Motorola with upto 12mths 1/2price linerental, 500 FREE x-net mins&100txt/mth FREE B'tooth*. Call Mobileupd8 on 08001950382 or call 2optout/D3WV",spam_or_unspecified,en,UCI SMS Spam Collection,downloaded_public_dataset
uci_sms_01850,safe,I dont want to hear philosophy. Just say what happen,safe_personal,en,UCI SMS Spam Collection,downloaded_public_dataset
uci_sms_01851,safe,You got job in wipro:)you will get every thing in life in 2 or 3 years.,safe_personal,en,UCI SMS Spam Collection,downloaded_public_dataset
uci_sms_01852,safe,Then cant get da laptop? My matric card wif ü lei...,safe_personal,en,UCI SMS Spam Collection,downloaded_public_dataset
uci_sms_01853,safe,Dunno da next show aft 6 is 850. Toa payoh got 650.,safe_personal,en,UCI SMS Spam Collection,downloaded_public_dataset
uci_sms_01854,scam,"This is the 2nd time we have tried 2 contact u. U have won the 750 Pound prize. 2 claim is easy, call 08718726970 NOW! Only 10p per min. BT-national-rate",spam_or_unspecified,en,UCI SMS Spam Collection,downloaded_public_dataset
uci_sms_01855,safe,I just made some payments so dont have that much. Sorry. Would you want it fedex or the other way.,safe_personal,en,UCI SMS Spam Collection,downloaded_public_dataset
uci_sms_01856,safe,They did't play one day last year know even though they have very good team.. Like india.,safe_personal,en,UCI SMS Spam Collection,downloaded_public_dataset
uci_sms_01857,safe,K.:)you are the only girl waiting in reception ah?,safe_personal,en,UCI SMS Spam Collection,downloaded_public_dataset
uci_sms_01858,safe,"Say this slowly.? GOD,I LOVE YOU &amp; I NEED YOU,CLEAN MY HEART WITH YOUR BLOOD.Send this to Ten special people &amp; u c miracle tomorrow, do it,pls,pls do it...",safe_personal,en,UCI SMS Spam Collection,downloaded_public_dataset
uci_sms_01859,safe,I hate when she does this. She turns what should be a fun shopping trip into an annoying day of how everything would look in her house.,safe_personal,en,UCI SMS Spam Collection,downloaded_public_dataset
uci_sms_01860,safe,"Sir, i am waiting for your call.",safe_personal,en,UCI SMS Spam Collection,downloaded_public_dataset
uci_sms_01861,safe,What's up. Do you want me to come online?,safe_personal,en,UCI SMS Spam Collection,downloaded_public_dataset
uci_sms_01862,safe,"It could work, we'll reach a consensus at the next meeting",safe_personal,en,UCI SMS Spam Collection,downloaded_public_dataset
uci_sms_01863,safe,Aiyah then i wait lor. Then u entertain me. Hee...,safe_personal,en,UCI SMS Spam Collection,downloaded_public_dataset
uci_sms_01864,safe,"The last thing i ever wanted to do was hurt you. And i didn't think it would have. You'd laugh, be embarassed, delete the tag and keep going. But as far as i knew, it wasn't even up. The fact that you even felt like i would do it to hurt you shows you really don't know me at all. It was messy wednesday, but it wasn't bad. The problem i have with it is you HAVE the time to clean it, but you choose not to. You skype, you take pictures, you sleep, you want to go out. I don't mind a few things here and there, but when you don't make the bed, when you throw laundry on top of it, when i can't have a friend in the house because i'm embarassed that there's underwear and bras strewn on the bed, pillows on the floor, that's something else. You used to be good about at least making the bed.",safe_personal,en,UCI SMS Spam Collection,downloaded_public_dataset
uci_sms_01865,safe,I'll let you know when it kicks in,safe_personal,en,UCI SMS Spam Collection,downloaded_public_dataset
uci_sms_01866,safe,You call him now ok i said call him,safe_personal,en,UCI SMS Spam Collection,downloaded_public_dataset
uci_sms_01867,safe,Call to the number which is available in appointment. And ask to connect the call to waheed fathima.,safe_personal,en,UCI SMS Spam Collection,downloaded_public_dataset
uci_sms_01868,safe,Or ü go buy wif him then i meet ü later can?,safe_personal,en,UCI SMS Spam Collection,downloaded_public_dataset
uci_sms_01869,safe,Mmmm ... Fuck ... Not fair ! You know my weaknesses ! *grins* *pushes you to your knee's* *exposes my belly and pulls your head to it* Don't forget ... I know yours too *wicked smile*,safe_personal,en,UCI SMS Spam Collection,downloaded_public_dataset
uci_sms_01870,safe,Today my system sh get ready.all is well and i am also in the deep well,safe_personal,en,UCI SMS Spam Collection,downloaded_public_dataset
uci_sms_01871,safe,Mom wants to know where you at,safe_personal,en,UCI SMS Spam Collection,downloaded_public_dataset
uci_sms_01872,safe,"Aight, I'll text you when I'm back",safe_personal,en,UCI SMS Spam Collection,downloaded_public_dataset
uci_sms_01873,safe,Dont know supports ass and srt i thnk. I think ps3 can play through usb too,safe_personal,en,UCI SMS Spam Collection,downloaded_public_dataset
uci_sms_01874,safe,Oh ok i didnt know what you meant. Yep i am baby jontin,safe_personal,en,UCI SMS Spam Collection,downloaded_public_dataset
uci_sms_01875,scam,You have WON a guaranteed £1000 cash or a £2000 prize.To claim yr prize call our customer service representative on,spam_or_unspecified,en,UCI SMS Spam Collection,downloaded_public_dataset
uci_sms_01876,scam,Would you like to see my XXX pics they are so hot they were nearly banned in the uk!,spam_or_unspecified,en,UCI SMS Spam Collection,downloaded_public_dataset
uci_sms_01879,safe,This pen thing is beyond a joke. Wont a Biro do? Don't do a masters as can't do this ever again!,safe_personal,en,UCI SMS Spam Collection,downloaded_public_dataset
uci_sms_01880,safe,I AM AT A PARTY WITH ALEX NICHOLS,safe_personal,en,UCI SMS Spam Collection,downloaded_public_dataset
uci_sms_01881,scam,U have a secret admirer who is looking 2 make contact with U-find out who they R*reveal who thinks UR so special-call on 09058094594,spam_or_unspecified,en,UCI SMS Spam Collection,downloaded_public_dataset
uci_sms_01882,safe,Just seeing your missed call my dear brother. Do have a gr8 day.,safe_personal,en,UCI SMS Spam Collection,downloaded_public_dataset
uci_sms_01883,safe,Ok.. Ü finishing soon?,safe_personal,en,UCI SMS Spam Collection,downloaded_public_dataset
uci_sms_01884,safe,"Sorry, I can't help you on this.",safe_personal,en,UCI SMS Spam Collection,downloaded_public_dataset
uci_sms_01885,safe,"Come to me, slave. Your doing it again ... Going into your shell and unconsciously avoiding me ... You are making me unhappy :-(",safe_personal,en,UCI SMS Spam Collection,downloaded_public_dataset
uci_sms_01886,safe,I love your ass! Do you enjoy doggy style? :),safe_personal,en,UCI SMS Spam Collection,downloaded_public_dataset
uci_sms_01887,safe,I think asking for a gym is the excuse for lazy people. I jog.,safe_personal,en,UCI SMS Spam Collection,downloaded_public_dataset
uci_sms_01888,scam,Dear 0776xxxxxxx U've been invited to XCHAT. This is our final attempt to contact u! Txt CHAT to 86688 150p/MsgrcvdHG/Suite342/2Lands/Row/W1J6HL LDN 18yrs,spam_or_unspecified,en,UCI SMS Spam Collection,downloaded_public_dataset
uci_sms_01889,scam,Urgent! Please call 09061743811 from landline. Your ABTA complimentary 4* Tenerife Holiday or £5000 cash await collection SAE T&Cs Box 326 CW25WX 150ppm,spam_or_unspecified,en,UCI SMS Spam Collection,downloaded_public_dataset
uci_sms_01890,safe,No. On the way home. So if not for the long dry spell the season would have been over,safe_personal,en,UCI SMS Spam Collection,downloaded_public_dataset
uci_sms_01891,safe,I gotta collect da car at 6 lei.,safe_personal,en,UCI SMS Spam Collection,downloaded_public_dataset
uci_sms_01892,safe,Ok but knackered. Just came home and went to sleep! Not good at this full time work lark.,safe_personal,en,UCI SMS Spam Collection,downloaded_public_dataset
uci_sms_01893,safe,Probably earlier than that if the station's where I think it is,safe_personal,en,UCI SMS Spam Collection,downloaded_public_dataset
uci_sms_01894,scam,CALL 09090900040 & LISTEN TO EXTREME DIRTY LIVE CHAT GOING ON IN THE OFFICE RIGHT NOW TOTAL PRIVACY NO ONE KNOWS YOUR [sic] LISTENING 60P MIN 24/7MP 0870753331018+,spam_or_unspecified,en,UCI SMS Spam Collection,downloaded_public_dataset
uci_sms_01896,scam,"FreeMsg Hey U, i just got 1 of these video/pic fones, reply WILD to this txt & ill send U my pics, hurry up Im so bored at work xxx (18 150p/rcvd STOP2stop)",spam_or_unspecified,en,UCI SMS Spam Collection,downloaded_public_dataset
uci_sms_01897,safe,"Uh, heads up we don't have THAT much left",safe_personal,en,UCI SMS Spam Collection,downloaded_public_dataset
uci_sms_01898,safe,I tot u outside cos darren say u come shopping. Of course we nice wat. We jus went sim lim look at mp3 player.,safe_personal,en,UCI SMS Spam Collection,downloaded_public_dataset
uci_sms_01899,safe,"Aight, sounds good. When do you want me to come down?",safe_personal,en,UCI SMS Spam Collection,downloaded_public_dataset
uci_sms_01900,safe,Wat would u like 4 ur birthday?,safe_personal,en,UCI SMS Spam Collection,downloaded_public_dataset
uci_sms_01901,safe,I love working from home :),safe_personal,en,UCI SMS Spam Collection,downloaded_public_dataset
uci_sms_01902,safe,And miss vday the parachute and double coins??? U must not know me very well...,safe_personal,en,UCI SMS Spam Collection,downloaded_public_dataset
uci_sms_01904,safe,My sister got placed in birla soft da:-),safe_personal,en,UCI SMS Spam Collection,downloaded_public_dataset
uci_sms_01905,scam,Free entry in 2 a weekly comp for a chance to win an ipod. Txt POD to 80182 to get entry (std txt rate) T&C's apply 08452810073 for details 18+,spam_or_unspecified,en,UCI SMS Spam Collection,downloaded_public_dataset
uci_sms_01906,safe,Wah... Okie okie... Muz make use of e unlimited... Haha...,safe_personal,en,UCI SMS Spam Collection,downloaded_public_dataset
uci_sms_01907,safe,"There're some people by mu, I'm at the table by lambda",safe_personal,en,UCI SMS Spam Collection,downloaded_public_dataset
uci_sms_01908,safe,And stop being an old man. You get to build snowman snow angels and snowball fights.,safe_personal,en,UCI SMS Spam Collection,downloaded_public_dataset
uci_sms_01909,safe,ELLO BABE U OK?,safe_personal,en,UCI SMS Spam Collection,downloaded_public_dataset
uci_sms_01910,safe,Hello beautiful r u ok? I've kinda ad a row wiv and he walked out the pub?? I wanted a night wiv u Miss u,safe_personal,en,UCI SMS Spam Collection,downloaded_public_dataset
uci_sms_01911,safe,Then u going ikea str aft dat?,safe_personal,en,UCI SMS Spam Collection,downloaded_public_dataset
uci_sms_01912,safe,Becoz its &lt;#&gt; jan whn al the post ofice is in holiday so she cn go fr the post ofice...got it duffer,safe_personal,en,UCI SMS Spam Collection,downloaded_public_dataset
uci_sms_01913,safe,Lol grr my mom is taking forever with my prescription. Pharmacy is like 2 minutes away. Ugh.,safe_personal,en,UCI SMS Spam Collection,downloaded_public_dataset
uci_sms_01914,safe,For real tho this sucks. I can't even cook my whole electricity is out. And I'm hungry.,safe_personal,en,UCI SMS Spam Collection,downloaded_public_dataset
uci_sms_01915,safe,You want to go?,safe_personal,en,UCI SMS Spam Collection,downloaded_public_dataset
uci_sms_01916,scam,New TEXTBUDDY Chat 2 horny guys in ur area 4 just 25p Free 2 receive Search postcode or at gaytextbuddy.com. TXT ONE name to 89693. 08715500022 rpl Stop 2 cnl,spam_or_unspecified,en,UCI SMS Spam Collection,downloaded_public_dataset
uci_sms_01917,safe,Its not that time of the month nor mid of the time?,safe_personal,en,UCI SMS Spam Collection,downloaded_public_dataset
uci_sms_01918,safe,Fffff. Can you text kadeem or are you too far gone,safe_personal,en,UCI SMS Spam Collection,downloaded_public_dataset
uci_sms_01919,safe,We not leaving yet. Ok lor then we go elsewhere n eat. U thk...,safe_personal,en,UCI SMS Spam Collection,downloaded_public_dataset
uci_sms_01920,safe,Is fujitsu s series lifebook good?,safe_personal,en,UCI SMS Spam Collection,downloaded_public_dataset
uci_sms_01921,safe,Yar i wanted 2 scold u yest but late already... I where got zhong se qing you? If u ask me b4 he ask me then i'll go out w u all lor. N u still can act so real.,safe_personal,en,UCI SMS Spam Collection,downloaded_public_dataset
uci_sms_01922,safe,Dont know you bring some food,safe_personal,en,UCI SMS Spam Collection,downloaded_public_dataset
uci_sms_01923,safe,No current and food here. I am alone also,safe_personal,en,UCI SMS Spam Collection,downloaded_public_dataset
uci_sms_01924,safe,I'll be in sch fr 4-6... I dun haf da book in sch... It's at home...,safe_personal,en,UCI SMS Spam Collection,downloaded_public_dataset
uci_sms_01925,safe,Hello. They are going to the village pub at 8 so either come here or there accordingly. Ok?,safe_personal,en,UCI SMS Spam Collection,downloaded_public_dataset
uci_sms_01926,safe,Ok,safe_personal,en,UCI SMS Spam Collection,downloaded_public_dataset
uci_sms_01927,safe,We don call like &lt;#&gt; times oh. No give us hypertension oh.,safe_personal,en,UCI SMS Spam Collection,downloaded_public_dataset
uci_sms_01928,safe,"Dont give a monkeys wot they think and i certainly don't mind. Any friend of mine&all that! Just don't sleep wiv , that wud be annoyin!",safe_personal,en,UCI SMS Spam Collection,downloaded_public_dataset
uci_sms_01929,safe,Omg it could snow here tonite!,safe_personal,en,UCI SMS Spam Collection,downloaded_public_dataset
uci_sms_01930,scam,Call from 08702490080 - tells u 2 call 09066358152 to claim £5000 prize. U have 2 enter all ur mobile & personal details @ the prompts. Careful!,spam_or_unspecified,en,UCI SMS Spam Collection,downloaded_public_dataset
uci_sms_01931,scam,Free 1st week entry 2 TEXTPOD 4 a chance 2 win 40GB iPod or £250 cash every wk. Txt VPOD to 81303 Ts&Cs www.textpod.net custcare 08712405020.,spam_or_unspecified,en,UCI SMS Spam Collection,downloaded_public_dataset
uci_sms_01932,safe,Carry on not disturbing both of you,safe_personal,en,UCI SMS Spam Collection,downloaded_public_dataset
uci_sms_01933,safe,What pa tell me.. I went to bath:-),safe_personal,en,UCI SMS Spam Collection,downloaded_public_dataset
uci_sms_01934,safe,Jus finished avatar nigro,safe_personal,en,UCI SMS Spam Collection,downloaded_public_dataset
uci_sms_01935,safe,R u over scratching it?,safe_personal,en,UCI SMS Spam Collection,downloaded_public_dataset
uci_sms_01936,safe,Hope you are having a great day.,safe_personal,en,UCI SMS Spam Collection,downloaded_public_dataset
uci_sms_01937,safe,Did either of you have any idea's? Do you know of anyplaces doing something?,safe_personal,en,UCI SMS Spam Collection,downloaded_public_dataset
uci_sms_01938,safe,"My planning usually stops at ""find hella weed, smoke hella weed""",safe_personal,en,UCI SMS Spam Collection,downloaded_public_dataset
uci_sms_01939,safe,"The fact that you're cleaning shows you know why i'm upset. Your priority is constantly ""what i want to do,"" not ""what i need to do.""",safe_personal,en,UCI SMS Spam Collection,downloaded_public_dataset
uci_sms_01940,safe,Excellent! Are you ready to moan and scream in ecstasy?,safe_personal,en,UCI SMS Spam Collection,downloaded_public_dataset
uci_sms_01941,scam,More people are dogging in your area now. Call 09090204448 and join like minded guys. Why not arrange 1 yourself. There's 1 this evening. A£1.50 minAPN LS278BB,spam_or_unspecified,en,UCI SMS Spam Collection,downloaded_public_dataset
uci_sms_01942,safe,Dude avatar 3d was imp. At one point i thought there were actually flies in the room and almost tried hittng one as a reflex,safe_personal,en,UCI SMS Spam Collection,downloaded_public_dataset
uci_sms_01943,scam,"WELL DONE! Your 4* Costa Del Sol Holiday or £5000 await collection. Call 09050090044 Now toClaim. SAE, TCs, POBox334, Stockport, SK38xh, Cost£1.50/pm, Max10mins",spam_or_unspecified,en,UCI SMS Spam Collection,downloaded_public_dataset
uci_sms_01944,safe,K...k:)why cant you come here and search job:),safe_personal,en,UCI SMS Spam Collection,downloaded_public_dataset
uci_sms_01945,safe,I got lousy sleep. I kept waking up every 2 hours to see if my cat wanted to come in. I worry about him when its cold :(,safe_personal,en,UCI SMS Spam Collection,downloaded_public_dataset
uci_sms_01946,safe,"Yeah, I'll leave in a couple minutes &amp; let you know when I get to mu",safe_personal,en,UCI SMS Spam Collection,downloaded_public_dataset
uci_sms_01947,safe,Can ü call me at 10:10 to make sure dat i've woken up...,safe_personal,en,UCI SMS Spam Collection,downloaded_public_dataset
uci_sms_01948,safe,Hey we can go jazz power yoga hip hop kb and yogasana,safe_personal,en,UCI SMS Spam Collection,downloaded_public_dataset
uci_sms_01949,safe,The battery is for mr adewale my uncle. Aka Egbon,safe_personal,en,UCI SMS Spam Collection,downloaded_public_dataset
uci_sms_01951,safe,Wait 2 min..stand at bus stop,safe_personal,en,UCI SMS Spam Collection,downloaded_public_dataset
uci_sms_01952,safe,Oh ic. I thought you meant mary jane.,safe_personal,en,UCI SMS Spam Collection,downloaded_public_dataset
uci_sms_01953,safe,Haha... Really oh no... How? Then will they deduct your lesson tmr?,safe_personal,en,UCI SMS Spam Collection,downloaded_public_dataset
uci_sms_01954,safe,Nah im goin 2 the wrks with j wot bout u?,safe_personal,en,UCI SMS Spam Collection,downloaded_public_dataset
uci_sms_01955,safe,Then just eat a shit and wait for ur monkey face bitch.......... U asshole..................,safe_personal,en,UCI SMS Spam Collection,downloaded_public_dataset
uci_sms_01956,safe,Good night. Am going to sleep.,safe_personal,en,UCI SMS Spam Collection,downloaded_public_dataset
uci_sms_01957,safe,"Aight I'll grab something to eat too, text me when you're back at mu",safe_personal,en,UCI SMS Spam Collection,downloaded_public_dataset
uci_sms_01959,safe,Take something for pain. If it moves however to any side in the next 6hrs see a doctor.,safe_personal,en,UCI SMS Spam Collection,downloaded_public_dataset
uci_sms_01960,safe,"Lol ... Oh no babe, I wont be sliding into your place after midnight, but thanks for the invite",safe_personal,en,UCI SMS Spam Collection,downloaded_public_dataset
uci_sms_01961,safe,Howz that persons story,safe_personal,en,UCI SMS Spam Collection,downloaded_public_dataset
uci_sms_01962,scam,Guess what! Somebody you know secretly fancies you! Wanna find out who it is? Give us a call on 09065394973 from Landline DATEBox1282EssexCM61XN 150p/min 18,spam_or_unspecified,en,UCI SMS Spam Collection,downloaded_public_dataset
uci_sms_01963,safe,LOL that would be awesome payback.,safe_personal,en,UCI SMS Spam Collection,downloaded_public_dataset
uci_sms_01964,scam,it to 80488. Your 500 free text messages are valid until 31 December 2005.,spam_or_unspecified,en,UCI SMS Spam Collection,downloaded_public_dataset
uci_sms_01966,safe,"Honeybee Said: *I'm d Sweetest in d World* God Laughed &amp; Said: *Wait,U Havnt Met d Person Reading This Msg* MORAL: Even GOD Can Crack Jokes! GM+GN+GE+GN:)",safe_personal,en,UCI SMS Spam Collection,downloaded_public_dataset
uci_sms_01967,safe,Thanks. It was only from tescos but quite nice. All gone now. Speak soon,safe_personal,en,UCI SMS Spam Collection,downloaded_public_dataset
uci_sms_01968,safe,What's a feathery bowa? Is that something guys have that I don't know about?,safe_personal,en,UCI SMS Spam Collection,downloaded_public_dataset
uci_sms_01969,safe,Even i cant close my eyes you are in me our vava playing umma :-D,safe_personal,en,UCI SMS Spam Collection,downloaded_public_dataset
uci_sms_01970,safe,2 laptop... I noe infra but too slow lar... I wan fast one,safe_personal,en,UCI SMS Spam Collection,downloaded_public_dataset
uci_sms_01971,scam,You have won a guaranteed £200 award or even £1000 cashto claim UR award call free on 08000407165 (18+) 2 stop getstop on 88222 PHP,spam_or_unspecified,en,UCI SMS Spam Collection,downloaded_public_dataset
uci_sms_01972,safe,Nvm it's ok...,safe_personal,en,UCI SMS Spam Collection,downloaded_public_dataset
uci_sms_01973,safe,Enjoy ur life. . Good night,safe_personal,en,UCI SMS Spam Collection,downloaded_public_dataset
uci_sms_01974,safe,Yes but can we meet in town cos will go to gep and then home. You could text at bus stop. And don't worry we'll have finished by march … ish!,safe_personal,en,UCI SMS Spam Collection,downloaded_public_dataset
uci_sms_01976,safe,Thats cool. Where should i cum? On you or in you? :),safe_personal,en,UCI SMS Spam Collection,downloaded_public_dataset
uci_sms_01977,safe,Delhi and chennai still silent.,safe_personal,en,UCI SMS Spam Collection,downloaded_public_dataset
uci_sms_01978,safe,Lol alright i was thinkin that too haha,safe_personal,en,UCI SMS Spam Collection,downloaded_public_dataset
uci_sms_01979,scam,Reply to win £100 weekly! Where will the 2006 FIFA World Cup be held? Send STOP to 87239 to end service,spam_or_unspecified,en,UCI SMS Spam Collection,downloaded_public_dataset
uci_sms_01980,safe,No I'm in the same boat. Still here at my moms. Check me out on yo. I'm half naked.,safe_personal,en,UCI SMS Spam Collection,downloaded_public_dataset
uci_sms_01981,safe,Shhhhh nobody is supposed to know!,safe_personal,en,UCI SMS Spam Collection,downloaded_public_dataset
uci_sms_01983,safe,"Sorry, I'll call later in meeting any thing related to trade please call Arul. &lt;#&gt;",safe_personal,en,UCI SMS Spam Collection,downloaded_public_dataset
uci_sms_01984,safe,Hey i will be late... i'm at amk. Need to drink tea or coffee,safe_personal,en,UCI SMS Spam Collection,downloaded_public_dataset
uci_sms_01986,scam,Urgent! Please call 09061743810 from landline. Your ABTA complimentary 4* Tenerife Holiday or #5000 cash await collection SAE T&Cs Box 326 CW25WX 150 ppm,spam_or_unspecified,en,UCI SMS Spam Collection,downloaded_public_dataset
uci_sms_01987,safe,The length is e same but e top shorter n i got a fringe now. I thk i'm not going liao. Too lazy. Dun wan 2 distract u also.,safe_personal,en,UCI SMS Spam Collection,downloaded_public_dataset
uci_sms_01988,safe,S..antha num corrct dane,safe_personal,en,UCI SMS Spam Collection,downloaded_public_dataset
uci_sms_01991,safe,The basket's gettin full so I might be by tonight,safe_personal,en,UCI SMS Spam Collection,downloaded_public_dataset
uci_sms_01992,safe,HI DARLIN IVE JUST GOT BACK AND I HAD A REALLY NICE NIGHT AND THANKS SO MUCH FOR THE LIFT SEE U TOMORROW XXX,safe_personal,en,UCI SMS Spam Collection,downloaded_public_dataset
uci_sms_01993,safe,No other Valentines huh? The proof is on your fb page. Ugh I'm so glad I really DIDN'T watch your rupaul show you TOOL!,safe_personal,en,UCI SMS Spam Collection,downloaded_public_dataset
uci_sms_01994,scam,Free tones Hope you enjoyed your new content. text stop to 61610 to unsubscribe. help:08712400602450p Provided by tones2you.co.uk,spam_or_unspecified,en,UCI SMS Spam Collection,downloaded_public_dataset
uci_sms_01995,safe,Eh den sat u book e kb liao huh...,safe_personal,en,UCI SMS Spam Collection,downloaded_public_dataset
uci_sms_01996,safe,Have you been practising your curtsey?,safe_personal,en,UCI SMS Spam Collection,downloaded_public_dataset
uci_sms_01998,safe,Lol boo I was hoping for a laugh,safe_personal,en,UCI SMS Spam Collection,downloaded_public_dataset
uci_sms_01999,safe,"YEH I AM DEF UP4 SOMETHING SAT,JUST GOT PAYED2DAY & I HAVBEEN GIVEN A£50 PAY RISE 4MY WORK & HAVEBEEN MADE PRESCHOOLCO-ORDINATOR 2I AM FEELINGOOD LUV",safe_personal,en,UCI SMS Spam Collection,downloaded_public_dataset
uci_sms_02000,safe,"Well, I have to leave for my class babe ... You never came back to me ... :-( ... Hope you have a nice sleep, my love",safe_personal,en,UCI SMS Spam Collection,downloaded_public_dataset
uci_sms_02001,safe,LMAO where's your fish memory when I need it?,safe_personal,en,UCI SMS Spam Collection,downloaded_public_dataset
uci_sms_02002,safe,But i'll b going 2 sch on mon. My sis need 2 take smth.,safe_personal,en,UCI SMS Spam Collection,downloaded_public_dataset
uci_sms_02003,safe,Idea will soon get converted to live:),safe_personal,en,UCI SMS Spam Collection,downloaded_public_dataset
uci_sms_02004,scam,TheMob>Yo yo yo-Here comes a new selection of hot downloads for our members to get for FREE! Just click & open the next link sent to ur fone...,spam_or_unspecified,en,UCI SMS Spam Collection,downloaded_public_dataset
uci_sms_02005,safe,S....s...india going to draw the series after many years in south african soil..,safe_personal,en,UCI SMS Spam Collection,downloaded_public_dataset
uci_sms_02006,safe,"Goodmorning, today i am late for &lt;DECIMAL&gt; min.",safe_personal,en,UCI SMS Spam Collection,downloaded_public_dataset
uci_sms_02007,safe,Can't take any major roles in community outreach. You rock mel,safe_personal,en,UCI SMS Spam Collection,downloaded_public_dataset
uci_sms_02008,safe,Shopping lor. Them raining mah hard 2 leave orchard.,safe_personal,en,UCI SMS Spam Collection,downloaded_public_dataset
uci_sms_02009,safe,Hi here. have birth at on the to at 8lb 7oz. Mother and baby doing brilliantly.,safe_personal,en,UCI SMS Spam Collection,downloaded_public_dataset
uci_sms_02010,safe,See the forwarding message for proof,safe_personal,en,UCI SMS Spam Collection,downloaded_public_dataset
uci_sms_02011,safe,"I can't keep going through this. It was never my intention to run you out, but if you choose to do that rather than keep the room clean so *I* don't have to say no to visitors, then maybe that's the best choice. Yes, I wanted you to be embarassed, so maybe you'd feel for once how I feel when i have a friend who wants to drop buy and i have to say no, as happened this morning. I've tried everything. I don't know what else to do.",safe_personal,en,UCI SMS Spam Collection,downloaded_public_dataset
uci_sms_02012,safe,Dunno lei... I thk mum lazy to go out... I neva ask her yet...,safe_personal,en,UCI SMS Spam Collection,downloaded_public_dataset
uci_sms_02013,safe,"Do whatever you want. You know what the rules are. We had a talk earlier this week about what had to start happening, you showing responsibility. Yet, every week it's can i bend the rule this way? What about that way? Do whatever. I'm tired of having thia same argument with you every week. And a &lt;#&gt; movie DOESNT inlude the previews. You're still getting in after 1.",safe_personal,en,UCI SMS Spam Collection,downloaded_public_dataset
uci_sms_02014,safe,"Beautiful Truth against Gravity.. Read carefully: ""Our heart feels light when someone is in it.. But it feels very heavy when someone leaves it.."" GOODMORNING",safe_personal,en,UCI SMS Spam Collection,downloaded_public_dataset
uci_sms_02015,scam,Great News! Call FREEFONE 08006344447 to claim your guaranteed £1000 CASH or £2000 gift. Speak to a live operator NOW!,spam_or_unspecified,en,UCI SMS Spam Collection,downloaded_public_dataset
uci_sms_02016,safe,Ambrith..madurai..met u in arun dha marrge..remembr?,safe_personal,en,UCI SMS Spam Collection,downloaded_public_dataset
uci_sms_02017,safe,Just re read it and I have no shame but tell me how he takes it and if he runs I will blame u 4 ever!! Not really 4 ever just a long time,safe_personal,en,UCI SMS Spam Collection,downloaded_public_dataset
uci_sms_02018,safe,"Princess, is your kitty shaved or natural?",safe_personal,en,UCI SMS Spam Collection,downloaded_public_dataset
uci_sms_02019,safe,"Better than bb. If he wont use it, his wife will or them doctor",safe_personal,en,UCI SMS Spam Collection,downloaded_public_dataset
uci_sms_02020,safe,Ya it came a while ago,safe_personal,en,UCI SMS Spam Collection,downloaded_public_dataset
uci_sms_02021,safe,From tomorrow onwards eve 6 to 3 work.,safe_personal,en,UCI SMS Spam Collection,downloaded_public_dataset
uci_sms_02022,safe,Anything lor but toa payoh got place 2 walk meh...,safe_personal,en,UCI SMS Spam Collection,downloaded_public_dataset
uci_sms_02023,safe,"I don't have anybody's number, I still haven't thought up a tactful way to ask alex",safe_personal,en,UCI SMS Spam Collection,downloaded_public_dataset
uci_sms_02024,scam,"U can WIN £100 of Music Gift Vouchers every week starting NOW Txt the word DRAW to 87066 TsCs www.ldew.com SkillGame,1Winaweek, age16.150ppermessSubscription",spam_or_unspecified,en,UCI SMS Spam Collection,downloaded_public_dataset
uci_sms_02025,safe,Is there any movie theatre i can go to and watch unlimited movies and just pay once?,safe_personal,en,UCI SMS Spam Collection,downloaded_public_dataset
uci_sms_02026,safe,U having lunch alone? I now so bored...,safe_personal,en,UCI SMS Spam Collection,downloaded_public_dataset
uci_sms_02027,safe,"Yes obviously, but you are the eggs-pert and the potato head… Speak soon!",safe_personal,en,UCI SMS Spam Collection,downloaded_public_dataset
uci_sms_02028,safe,"Nah man, my car is meant to be crammed full of people",safe_personal,en,UCI SMS Spam Collection,downloaded_public_dataset
uci_sms_02029,safe,No got new job at bar in airport on satsgettin 4.47per hour but means no lie in! keep in touch,safe_personal,en,UCI SMS Spam Collection,downloaded_public_dataset
uci_sms_02030,safe,Kallis is ready for bat in 2nd innings,safe_personal,en,UCI SMS Spam Collection,downloaded_public_dataset
uci_sms_02031,safe,Thanx but my birthday is over already.,safe_personal,en,UCI SMS Spam Collection,downloaded_public_dataset
uci_sms_02032,safe,"Ugh y can't u just apologize, admit u were wrong and ask me to take u back?",safe_personal,en,UCI SMS Spam Collection,downloaded_public_dataset
uci_sms_02033,safe,"I noe la... U wana pei bf oso rite... K lor, other days den...",safe_personal,en,UCI SMS Spam Collection,downloaded_public_dataset
uci_sms_02034,safe,"Yes, i'm small kid.. And boost is the secret of my energy..",safe_personal,en,UCI SMS Spam Collection,downloaded_public_dataset
uci_sms_02035,safe,IM GONNA MISS U SO MUCH,safe_personal,en,UCI SMS Spam Collection,downloaded_public_dataset
uci_sms_02036,safe,Is avatar supposed to have subtoitles,safe_personal,en,UCI SMS Spam Collection,downloaded_public_dataset
uci_sms_02037,safe,Simply sitting and watching match in office..,safe_personal,en,UCI SMS Spam Collection,downloaded_public_dataset
uci_sms_02038,safe,You can jot down things you want to remember later.,safe_personal,en,UCI SMS Spam Collection,downloaded_public_dataset
uci_sms_02039,safe,Oh sorry please its over,safe_personal,en,UCI SMS Spam Collection,downloaded_public_dataset
uci_sms_02040,safe,Hey are we going for the lo lesson or gym?,safe_personal,en,UCI SMS Spam Collection,downloaded_public_dataset
uci_sms_02041,safe,"Dont pack what you can buy at any store.like cereals. If you must pack food, pack gari or something 9ja that you will miss.",safe_personal,en,UCI SMS Spam Collection,downloaded_public_dataset
uci_sms_02042,safe,You always make things bigger than they are,safe_personal,en,UCI SMS Spam Collection,downloaded_public_dataset
uci_sms_02043,safe,Ü dun wan to watch infernal affair?,safe_personal,en,UCI SMS Spam Collection,downloaded_public_dataset
uci_sms_02044,safe,"Me not waking up until 4 in the afternoon, sup",safe_personal,en,UCI SMS Spam Collection,downloaded_public_dataset
uci_sms_02046,safe,I can send you a pic if you like :),safe_personal,en,UCI SMS Spam Collection,downloaded_public_dataset
uci_sms_02047,safe,Okay... I booked all already... Including the one at bugis.,safe_personal,en,UCI SMS Spam Collection,downloaded_public_dataset
uci_sms_02048,safe,"Aight fuck it, I'll get it later",safe_personal,en,UCI SMS Spam Collection,downloaded_public_dataset
uci_sms_02049,safe,No de. But call me after some time. Ill tell you k,safe_personal,en,UCI SMS Spam Collection,downloaded_public_dataset
uci_sms_02050,safe,So dont use hook up any how,safe_personal,en,UCI SMS Spam Collection,downloaded_public_dataset
uci_sms_02051,safe,How much is blackberry bold2 in nigeria.,safe_personal,en,UCI SMS Spam Collection,downloaded_public_dataset
uci_sms_02052,safe,Hi where you. You in home or calicut?,safe_personal,en,UCI SMS Spam Collection,downloaded_public_dataset
uci_sms_02053,safe,Hey darlin.. i can pick u up at college if u tell me wen & where 2 mt.. love Pete xx,safe_personal,en,UCI SMS Spam Collection,downloaded_public_dataset
uci_sms_02054,scam,"Call 09094100151 to use ur mins! Calls cast 10p/min (mob vary). Service provided by AOM, just GBP5/month. AOM Box61,M60 1ER until u stop. Ages 18+ only!",spam_or_unspecified,en,UCI SMS Spam Collection,downloaded_public_dataset
uci_sms_02055,safe,"Oh... I was thkin of goin yogasana at 10 den no nd to go at 3 den can rush to parco 4 nb... Okie lor, u call me when ready...",safe_personal,en,UCI SMS Spam Collection,downloaded_public_dataset
uci_sms_02056,safe,Y so late but i need to go n get da laptop...,safe_personal,en,UCI SMS Spam Collection,downloaded_public_dataset
uci_sms_02057,safe,"Sir, I am waiting for your mail.",safe_personal,en,UCI SMS Spam Collection,downloaded_public_dataset
uci_sms_02058,safe,.Please charge my mobile when you get up in morning.,safe_personal,en,UCI SMS Spam Collection,downloaded_public_dataset
uci_sms_02059,safe,"Nothing, i got msg frm tht unknown no..",safe_personal,en,UCI SMS Spam Collection,downloaded_public_dataset
uci_sms_02060,safe,Ugh fuck it I'm resubbing to eve,safe_personal,en,UCI SMS Spam Collection,downloaded_public_dataset
uci_sms_02061,safe,He didn't see his shadow. We get an early spring yay,safe_personal,en,UCI SMS Spam Collection,downloaded_public_dataset
uci_sms_02062,safe,I did. One slice and one breadstick. Lol,safe_personal,en,UCI SMS Spam Collection,downloaded_public_dataset
uci_sms_02063,safe,"Hey ! I want you ! I crave you ! I miss you ! I need you ! I love you, Ahmad Saeed al Hallaq ...",safe_personal,en,UCI SMS Spam Collection,downloaded_public_dataset
uci_sms_02064,safe,Is there any training tomorrow?,safe_personal,en,UCI SMS Spam Collection,downloaded_public_dataset
uci_sms_02065,scam,"URGENT! Your mobile No *********** WON a £2,000 Bonus Caller Prize on 02/06/03! This is the 2nd attempt to reach YOU! Call 09066362220 ASAP! BOX97N7QP, 150ppm",spam_or_unspecified,en,UCI SMS Spam Collection,downloaded_public_dataset
uci_sms_02066,safe,Pass dis to all ur contacts n see wat u get! Red;i'm in luv wid u. Blue;u put a smile on my face. Purple;u r realy hot. Pink;u r so swt. Orange;i thnk i lyk u. Green;i realy wana go out wid u. Yelow;i wnt u bck. Black;i'm jealous of u. Brown;i miss you Nw plz giv me one color,safe_personal,en,UCI SMS Spam Collection,downloaded_public_dataset
uci_sms_02067,safe,Cos daddy arranging time c wat time fetch ü mah...,safe_personal,en,UCI SMS Spam Collection,downloaded_public_dataset
uci_sms_02068,safe,Then. You are eldest know.,safe_personal,en,UCI SMS Spam Collection,downloaded_public_dataset
uci_sms_02069,safe,Who's there say hi to our drugdealer,safe_personal,en,UCI SMS Spam Collection,downloaded_public_dataset
uci_sms_02070,safe,Its hard to believe things like this. All can say lie but think twice before saying anything to me.,safe_personal,en,UCI SMS Spam Collection,downloaded_public_dataset
uci_sms_02072,scam,Sexy Singles are waiting for you! Text your AGE followed by your GENDER as wither M or F E.G.23F. For gay men text your AGE followed by a G. e.g.23G.,spam_or_unspecified,en,UCI SMS Spam Collection,downloaded_public_dataset
uci_sms_02073,safe,Good night my dear.. Sleepwell&amp;Take care,safe_personal,en,UCI SMS Spam Collection,downloaded_public_dataset
uci_sms_02074,safe,That is wondarfull song,safe_personal,en,UCI SMS Spam Collection,downloaded_public_dataset
uci_sms_02075,scam,"FreeMsg: Claim ur 250 SMS messages-Text OK to 84025 now!Use web2mobile 2 ur mates etc. Join Txt250.com for 1.50p/wk. T&C BOX139, LA32WU. 16 . Remove txtX or stop",spam_or_unspecified,en,UCI SMS Spam Collection,downloaded_public_dataset
uci_sms_02076,safe,Yar lor actually we quite fast... Cos da ge slow wat... Haha...,safe_personal,en,UCI SMS Spam Collection,downloaded_public_dataset
uci_sms_02077,safe,Must come later.. I normally bathe him in da afternoon mah..,safe_personal,en,UCI SMS Spam Collection,downloaded_public_dataset
uci_sms_02078,safe,"Trust me. Even if isn't there, its there.",safe_personal,en,UCI SMS Spam Collection,downloaded_public_dataset
uci_sms_02079,safe,Hey hun-onbus goin 2 meet him. He wants 2go out 4a meal but I donyt feel like it cuz have 2 get last bus home!But hes sweet latelyxxx,safe_personal,en,UCI SMS Spam Collection,downloaded_public_dataset
uci_sms_02080,scam,85233 FREE>Ringtone!Reply REAL,spam_or_unspecified,en,UCI SMS Spam Collection,downloaded_public_dataset
uci_sms_02081,safe,I can take you at like noon,safe_personal,en,UCI SMS Spam Collection,downloaded_public_dataset
uci_sms_02082,safe,Where is it. Is there any opening for mca.,safe_personal,en,UCI SMS Spam Collection,downloaded_public_dataset
uci_sms_02083,safe,I'm aight. Wat's happening on your side.,safe_personal,en,UCI SMS Spam Collection,downloaded_public_dataset
uci_sms_02084,safe,I'm done oredi...,safe_personal,en,UCI SMS Spam Collection,downloaded_public_dataset
uci_sms_02085,safe,"you are sweet as well, princess. Please tell me your likes and dislikes in bed...",safe_personal,en,UCI SMS Spam Collection,downloaded_public_dataset
uci_sms_02086,safe,How are you. Wish you a great semester,safe_personal,en,UCI SMS Spam Collection,downloaded_public_dataset
uci_sms_02087,safe,Moji i love you more than words. Have a rich day,safe_personal,en,UCI SMS Spam Collection,downloaded_public_dataset
uci_sms_02088,safe,Dude how do you like the buff wind.,safe_personal,en,UCI SMS Spam Collection,downloaded_public_dataset
uci_sms_02089,safe,"alright babe, justthought id sayhey! how u doin?nearly the endof me wk offdam nevamind!We will have 2Hook up sn if uwant m8? loveJen x.",safe_personal,en,UCI SMS Spam Collection,downloaded_public_dataset
uci_sms_02090,scam,Well done ENGLAND! Get the official poly ringtone or colour flag on yer mobile! text TONE or FLAG to 84199 NOW! Opt-out txt ENG STOP. Box39822 W111WX £1.50,spam_or_unspecified,en,UCI SMS Spam Collection,downloaded_public_dataset
uci_sms_02091,safe,"No i'm not. I can't give you everything you want and need. You actually could do better for yourself on yor own--you've got more money than i do. I can't get work, i can't get a man, i can't pay the rent, i can't even fill my fucking gas tank. yes, i'm stressed and depressed. I didn't even call home for thanksgiving cuz i'll have to tell them i,m up to nothing.",safe_personal,en,UCI SMS Spam Collection,downloaded_public_dataset
uci_sms_02092,safe,S:-)kallis wont play in first two odi:-),safe_personal,en,UCI SMS Spam Collection,downloaded_public_dataset
uci_sms_02093,safe,Then get some cash together and I'll text jason,safe_personal,en,UCI SMS Spam Collection,downloaded_public_dataset
uci_sms_02094,safe,"Oh, my love, it's soooo good to hear from you. Omg I missed you so much today. I'm sorry your having problems with the provider but thank you for tming me",safe_personal,en,UCI SMS Spam Collection,downloaded_public_dataset
uci_sms_02095,scam,"Final Chance! Claim ur £150 worth of discount vouchers today! Text YES to 85023 now! SavaMob, member offers mobile! T Cs SavaMob POBOX84, M263UZ. £3.00 Subs 16",spam_or_unspecified,en,UCI SMS Spam Collection,downloaded_public_dataset
uci_sms_02097,safe,"Probably, want to pick up more?",safe_personal,en,UCI SMS Spam Collection,downloaded_public_dataset
uci_sms_02098,safe,I'm done...,safe_personal,en,UCI SMS Spam Collection,downloaded_public_dataset
uci_sms_02099,safe,Are you the cutest girl in the world or what,safe_personal,en,UCI SMS Spam Collection,downloaded_public_dataset
uci_sms_02100,safe,"No dice, art class 6 thru 9 :( thanks though. Any idea what time I should come tomorrow?",safe_personal,en,UCI SMS Spam Collection,downloaded_public_dataset
uci_sms_02101,scam,"SMS SERVICES. for your inclusive text credits, pls goto www.comuk.net login= ***** unsubscribe with STOP. no extra charge. help:08700469649. PO BOX420. IP4 5WE",spam_or_unspecified,en,UCI SMS Spam Collection,downloaded_public_dataset
uci_sms_02102,safe,Oh Howda gud gud.. Mathe en samachara chikku:-),safe_personal,en,UCI SMS Spam Collection,downloaded_public_dataset
uci_sms_02103,safe,I thk 530 lor. But dunno can get tickets a not. Wat u doing now?,safe_personal,en,UCI SMS Spam Collection,downloaded_public_dataset
uci_sms_02104,safe,Audrie lousy autocorrect,safe_personal,en,UCI SMS Spam Collection,downloaded_public_dataset
uci_sms_02105,safe,Its a site to simulate the test. It just gives you very tough questions to test your readiness.,safe_personal,en,UCI SMS Spam Collection,downloaded_public_dataset
uci_sms_02106,safe,Anyway seriously hit me up when you're back because otherwise I have to light up with armand and he always has shit and/or is vomiting,safe_personal,en,UCI SMS Spam Collection,downloaded_public_dataset
uci_sms_02107,safe,I fetch yun or u fetch?,safe_personal,en,UCI SMS Spam Collection,downloaded_public_dataset
uci_sms_02108,safe,Thank you. I like you as well...,safe_personal,en,UCI SMS Spam Collection,downloaded_public_dataset
uci_sms_02109,safe,"Hmmm ... And imagine after you've come home from that having to rub my feet, make me dinner and help me get ready for my date ! Are you sure your ready for that kind of life ?",safe_personal,en,UCI SMS Spam Collection,downloaded_public_dataset
uci_sms_02111,safe,Lara said she can loan me &lt;#&gt; .,safe_personal,en,UCI SMS Spam Collection,downloaded_public_dataset
uci_sms_02112,safe,Do we have any spare power supplies,safe_personal,en,UCI SMS Spam Collection,downloaded_public_dataset
uci_sms_02113,safe,Yar he quite clever but aft many guesses lor. He got ask me 2 bring but i thk darren not so willing 2 go. Aiya they thk leona still not attach wat.,safe_personal,en,UCI SMS Spam Collection,downloaded_public_dataset
uci_sms_02114,scam,You are a winner you have been specially selected to receive £1000 cash or a £2000 award. Speak to a live operator to claim call 087123002209am-7pm. Cost 10p,spam_or_unspecified,en,UCI SMS Spam Collection,downloaded_public_dataset
uci_sms_02115,safe,"Yeah, don't go to bed, I'll be back before midnight",safe_personal,en,UCI SMS Spam Collection,downloaded_public_dataset
uci_sms_02116,scam,"Sunshine Hols. To claim ur med holiday send a stamped self address envelope to Drinks on Us UK, PO Box 113, Bray, Wicklow, Eire. Quiz Starts Saturday! Unsub Stop",spam_or_unspecified,en,UCI SMS Spam Collection,downloaded_public_dataset
uci_sms_02117,safe,Well I wasn't available as I washob nobbing with last night so they had to ask Nickey Platt instead of me!;,safe_personal,en,UCI SMS Spam Collection,downloaded_public_dataset
uci_sms_02118,safe,"It's that time of the week again, ryan",safe_personal,en,UCI SMS Spam Collection,downloaded_public_dataset
uci_sms_02119,safe,Wish u many many returns of the day.. Happy birthday vikky..,safe_personal,en,UCI SMS Spam Collection,downloaded_public_dataset
uci_sms_02120,scam,"U can WIN £100 of Music Gift Vouchers every week starting NOW Txt the word DRAW to 87066 TsCs www.Idew.com SkillGame, 1Winaweek, age16. 150ppermessSubscription",spam_or_unspecified,en,UCI SMS Spam Collection,downloaded_public_dataset
uci_sms_02121,safe,I hope you know I'm still mad at you.,safe_personal,en,UCI SMS Spam Collection,downloaded_public_dataset
uci_sms_02122,safe,"Argh my 3g is spotty, anyway the only thing I remember from the research we did was that province and sterling were the only problem-free places we looked at",safe_personal,en,UCI SMS Spam Collection,downloaded_public_dataset
uci_sms_02123,safe,In xam hall boy asked girl Tell me the starting term for dis answer I can den manage on my own After lot of hesitation n lookin around silently she said THE! intha ponnungale ipaditan;),safe_personal,en,UCI SMS Spam Collection,downloaded_public_dataset
uci_sms_02124,safe,Do you know when the result.,safe_personal,en,UCI SMS Spam Collection,downloaded_public_dataset
uci_sms_02127,safe,"Sorry im getting up now, feel really bad- totally rejected that kinda me thing.",safe_personal,en,UCI SMS Spam Collection,downloaded_public_dataset
uci_sms_02128,safe,You do got a shitload of diamonds though,safe_personal,en,UCI SMS Spam Collection,downloaded_public_dataset
uci_sms_02129,safe,Tessy..pls do me a favor. Pls convey my birthday wishes to Nimya..pls dnt forget it. Today is her birthday Shijas,safe_personal,en,UCI SMS Spam Collection,downloaded_public_dataset
uci_sms_02130,safe,Well I'm going to be an aunty!,safe_personal,en,UCI SMS Spam Collection,downloaded_public_dataset
uci_sms_02131,safe,Mine here like all fr china then so noisy.,safe_personal,en,UCI SMS Spam Collection,downloaded_public_dataset
uci_sms_02132,safe,Later i guess. I needa do mcat study too.,safe_personal,en,UCI SMS Spam Collection,downloaded_public_dataset
uci_sms_02133,safe,S...from the training manual it show there is no tech process:)its all about password reset and troubleshooting:),safe_personal,en,UCI SMS Spam Collection,downloaded_public_dataset
uci_sms_02134,scam,Your B4U voucher w/c 27/03 is MARSMS. Log onto www.B4Utele.com for discount credit. To opt out reply stop. Customer care call 08717168528,spam_or_unspecified,en,UCI SMS Spam Collection,downloaded_public_dataset
uci_sms_02135,safe,"Spoke with uncle john today. He strongly feels that you need to sacrifice to keep me here. He's going to call you. When he does, i beg you to just listen. Dont make any promises or make it clear things are not easy. And i need you to please let us work things out. As long as i keep expecting help, my creativity will be stifled so pls just keep him happy, no promises on your part.",safe_personal,en,UCI SMS Spam Collection,downloaded_public_dataset
uci_sms_02137,safe,"Carlos took a while (again), we leave in a minute",safe_personal,en,UCI SMS Spam Collection,downloaded_public_dataset
uci_sms_02138,safe,Well done and ! luv ya all,safe_personal,en,UCI SMS Spam Collection,downloaded_public_dataset
uci_sms_02139,safe,Then why you came to hostel.,safe_personal,en,UCI SMS Spam Collection,downloaded_public_dataset
uci_sms_02140,safe,K still are you loving me.,safe_personal,en,UCI SMS Spam Collection,downloaded_public_dataset
uci_sms_02141,safe,But i juz remembered i gotta bathe my dog today..,safe_personal,en,UCI SMS Spam Collection,downloaded_public_dataset
uci_sms_02142,safe,After the drug she will be able to eat.,safe_personal,en,UCI SMS Spam Collection,downloaded_public_dataset
uci_sms_02143,safe,Alright took the morphine. Back in yo.,safe_personal,en,UCI SMS Spam Collection,downloaded_public_dataset
uci_sms_02144,safe,You see the requirements please,safe_personal,en,UCI SMS Spam Collection,downloaded_public_dataset
uci_sms_02145,safe,You stayin out of trouble stranger!!saw Dave the other day hes sorted now!still with me bloke when u gona get a girl MR!ur mum still Thinks we will get 2GETHA!,safe_personal,en,UCI SMS Spam Collection,downloaded_public_dataset
uci_sms_02146,scam,FreeMsg: Hey - I'm Buffy. 25 and love to satisfy men. Home alone feeling randy. Reply 2 C my PIX! QlynnBV Help08700621170150p a msg Send stop to stop txts,spam_or_unspecified,en,UCI SMS Spam Collection,downloaded_public_dataset
uci_sms_02148,safe,So can collect ur laptop?,safe_personal,en,UCI SMS Spam Collection,downloaded_public_dataset
uci_sms_02149,safe,"Ok. Can be later showing around 8-8:30 if you want + cld have drink before. Wld prefer not to spend money on nosh if you don't mind, as doing that nxt wk.",safe_personal,en,UCI SMS Spam Collection,downloaded_public_dataset
uci_sms_02150,safe,I will once i get home,safe_personal,en,UCI SMS Spam Collection,downloaded_public_dataset
uci_sms_02151,safe,Waaaat?? Lololo ok next time then!,safe_personal,en,UCI SMS Spam Collection,downloaded_public_dataset
uci_sms_02152,safe,"The table's occupied, I'm waiting by the tree",safe_personal,en,UCI SMS Spam Collection,downloaded_public_dataset
uci_sms_02153,safe,I surely dont forgot to come:)i will always be in touch in with you:-),safe_personal,en,UCI SMS Spam Collection,downloaded_public_dataset
uci_sms_02154,safe,Hi kindly give us back our documents which we submitted for loan from STAPATI,safe_personal,en,UCI SMS Spam Collection,downloaded_public_dataset
uci_sms_02155,safe,I dont have i shall buy one dear,safe_personal,en,UCI SMS Spam Collection,downloaded_public_dataset
uci_sms_02156,safe,Oh god i am happy to see your message after 3 days,safe_personal,en,UCI SMS Spam Collection,downloaded_public_dataset
uci_sms_02157,safe,What year. And how many miles.,safe_personal,en,UCI SMS Spam Collection,downloaded_public_dataset
uci_sms_02158,safe,Hey cutie. How goes it? Here in WALES its kinda ok. There is like hills and shit but i still avent killed myself.,safe_personal,en,UCI SMS Spam Collection,downloaded_public_dataset
uci_sms_02159,safe,"Sad story of a Man - Last week was my b'day. My Wife did'nt wish me. My Parents forgot n so did my Kids . I went to work. Even my Colleagues did not wish. As I entered my cabin my PA said, '' Happy B'day Boss !!''. I felt special. She askd me 4 lunch. After lunch she invited me to her apartment. We went there. She said,'' do u mind if I go into the bedroom for a minute ? '' ''OK'', I sed in a sexy mood. She came out 5 minuts latr wid a cake...n My Wife, My Parents, My Kidz, My Friends n My Colleagues. All screaming.. SURPRISE !! and I was waiting on the sofa.. ... ..... ' NAKED...!",safe_personal,en,UCI SMS Spam Collection,downloaded_public_dataset
uci_sms_02160,safe,I think you should go the honesty road. Call the bank tomorrow. Its the tough decisions that make us great people.,safe_personal,en,UCI SMS Spam Collection,downloaded_public_dataset
uci_sms_02161,scam,FREE for 1st week! No1 Nokia tone 4 ur mob every week just txt NOKIA to 87077 Get txting and tell ur mates. zed POBox 36504 W45WQ norm150p/tone 16+,spam_or_unspecified,en,UCI SMS Spam Collection,downloaded_public_dataset
uci_sms_02162,safe,No. Its not specialisation. Can work but its slave labor. Will look for it this month sha cos no shakara 4 beggar.,safe_personal,en,UCI SMS Spam Collection,downloaded_public_dataset
uci_sms_02163,safe,Is she replying. Has boye changed his phone number,safe_personal,en,UCI SMS Spam Collection,downloaded_public_dataset
uci_sms_02165,safe,hi my darlin im on my way to London and we have just been smashed into by another driver! and have a big dent! im really missing u what have u been up to? xxx,safe_personal,en,UCI SMS Spam Collection,downloaded_public_dataset
uci_sms_02166,safe,"Nothing really, just making sure everybody's up to speed",safe_personal,en,UCI SMS Spam Collection,downloaded_public_dataset
uci_sms_02167,safe,I'm not coming home 4 dinner.,safe_personal,en,UCI SMS Spam Collection,downloaded_public_dataset
uci_sms_02168,safe,"Thank you. And by the way, I just lost.",safe_personal,en,UCI SMS Spam Collection,downloaded_public_dataset
uci_sms_02169,safe,Yes.he have good crickiting mind,safe_personal,en,UCI SMS Spam Collection,downloaded_public_dataset
uci_sms_02170,safe,Thx. All will be well in a few months,safe_personal,en,UCI SMS Spam Collection,downloaded_public_dataset
uci_sms_02172,safe,"CAN I PLEASE COME UP NOW IMIN TOWN.DONTMATTER IF URGOIN OUTL8R,JUST REALLYNEED 2DOCD.PLEASE DONTPLEASE DONTIGNORE MYCALLS,U NO THECD ISV.IMPORTANT TOME 4 2MORO",safe_personal,en,UCI SMS Spam Collection,downloaded_public_dataset
uci_sms_02173,safe,I wont. So wat's wit the guys,safe_personal,en,UCI SMS Spam Collection,downloaded_public_dataset
uci_sms_02174,safe,Yavnt tried yet and never played original either,safe_personal,en,UCI SMS Spam Collection,downloaded_public_dataset
uci_sms_02175,safe,"Hiya, had a good day? Have you spoken to since the weekend?",safe_personal,en,UCI SMS Spam Collection,downloaded_public_dataset
uci_sms_02176,safe,See? I thought it all through,safe_personal,en,UCI SMS Spam Collection,downloaded_public_dataset
uci_sms_02178,safe,get ready to moan and scream :),safe_personal,en,UCI SMS Spam Collection,downloaded_public_dataset
uci_sms_02179,safe,Oh k :)why you got job then whats up?,safe_personal,en,UCI SMS Spam Collection,downloaded_public_dataset
uci_sms_02180,safe,"I don,t think so. You don't need to be going out that late on a school night. ESPECIALLY when the one class you have is the one you missed last wednesday and probably failed a test in on friday",safe_personal,en,UCI SMS Spam Collection,downloaded_public_dataset
uci_sms_02181,safe,And popping &lt;#&gt; ibuprofens was no help.,safe_personal,en,UCI SMS Spam Collection,downloaded_public_dataset
uci_sms_02182,safe,"Babe ! How goes that day ? What are you doing ? Where are you ? I sip my cappuccino and think of you, my love ... I send a kiss to you from across the sea",safe_personal,en,UCI SMS Spam Collection,downloaded_public_dataset
uci_sms_02183,safe,Ok.,safe_personal,en,UCI SMS Spam Collection,downloaded_public_dataset
uci_sms_02184,safe,PS U no ur a grown up now right?,safe_personal,en,UCI SMS Spam Collection,downloaded_public_dataset
uci_sms_02185,safe,"Chinatown got porridge, claypot rice, yam cake, fishhead beehoon... Either we eat cheap den go cafe n tok or go nydc or somethin...",safe_personal,en,UCI SMS Spam Collection,downloaded_public_dataset
uci_sms_02186,safe,I know a few people I can hit up and fuck to the yes,safe_personal,en,UCI SMS Spam Collection,downloaded_public_dataset
uci_sms_02187,safe,Purity of friendship between two is not about smiling after reading the forwarded message..Its about smiling just by seeing the name. Gud evng,safe_personal,en,UCI SMS Spam Collection,downloaded_public_dataset
uci_sms_02188,safe,So is there anything specific I should be doing with regards to jaklin or what because idk what the fuck,safe_personal,en,UCI SMS Spam Collection,downloaded_public_dataset
uci_sms_02189,safe,Oh god. I'm gonna Google nearby cliffs now.,safe_personal,en,UCI SMS Spam Collection,downloaded_public_dataset
uci_sms_02190,scam,FREE camera phones with linerental from 4.49/month with 750 cross ntwk mins. 1/2 price txt bundle deals also avble. Call 08001950382 or call2optout/J MF,spam_or_unspecified,en,UCI SMS Spam Collection,downloaded_public_dataset
uci_sms_02191,safe,Yup i shd haf ard 10 pages if i add figures... Ü all got how many pages?,safe_personal,en,UCI SMS Spam Collection,downloaded_public_dataset
uci_sms_02192,safe,"Ooh, 4got, i'm gonna start belly dancing in moseley weds 6.30 if u want 2 join me, they have a cafe too.",safe_personal,en,UCI SMS Spam Collection,downloaded_public_dataset
uci_sms_02193,safe,Thankyou so much for the call. I appreciate your care.,safe_personal,en,UCI SMS Spam Collection,downloaded_public_dataset
uci_sms_02194,safe,Congrats ! Treat pending.i am not on mail for 2 days.will mail once thru.Respect mother at home.check mails.,safe_personal,en,UCI SMS Spam Collection,downloaded_public_dataset
uci_sms_02195,safe,I called but no one pick up e phone. I ask both of them already they said ok.,safe_personal,en,UCI SMS Spam Collection,downloaded_public_dataset
uci_sms_02196,safe,Hi my email address has changed now it is,safe_personal,en,UCI SMS Spam Collection,downloaded_public_dataset
uci_sms_02197,safe,"V-aluable. A-ffectionate. L-oveable. E-ternal. N-oble. T-ruthful. I-ntimate. N-atural. E-namous. Happy ""VALENTINES DAY"" in advance",safe_personal,en,UCI SMS Spam Collection,downloaded_public_dataset
uci_sms_02198,safe,"Not much, just some textin'. How bout you?",safe_personal,en,UCI SMS Spam Collection,downloaded_public_dataset
uci_sms_02199,safe,Bring it if you got it,safe_personal,en,UCI SMS Spam Collection,downloaded_public_dataset
uci_sms_02200,safe,I'm in a movie. Call me 4 wat?,safe_personal,en,UCI SMS Spam Collection,downloaded_public_dataset
uci_sms_02201,safe,Not sure I have the stomach for it ...,safe_personal,en,UCI SMS Spam Collection,downloaded_public_dataset
uci_sms_02202,safe,Haha... can... But i'm having dinner with my cousin...,safe_personal,en,UCI SMS Spam Collection,downloaded_public_dataset
uci_sms_02203,safe,"A boy was late 2 home. His father: ""POWER OF FRNDSHIP""",safe_personal,en,UCI SMS Spam Collection,downloaded_public_dataset
uci_sms_02204,safe,"(And my man carlos is definitely coming by mu tonight, no excuses)",safe_personal,en,UCI SMS Spam Collection,downloaded_public_dataset
uci_sms_02205,safe,soon you will have the real thing princess! Do i make you wet? :),safe_personal,en,UCI SMS Spam Collection,downloaded_public_dataset
uci_sms_02206,safe,Raji..pls do me a favour. Pls convey my Birthday wishes to Nimya. Pls. Today is her birthday.,safe_personal,en,UCI SMS Spam Collection,downloaded_public_dataset
uci_sms_02207,safe,"Haha, my legs and neck are killing me and my amigos are hoping to end the night with a burn, think I could swing by in like an hour?",safe_personal,en,UCI SMS Spam Collection,downloaded_public_dataset
uci_sms_02208,scam,"URGENT! Your mobile No 07xxxxxxxxx won a £2,000 bonus caller prize on 02/06/03! this is the 2nd attempt to reach YOU! call 09066362231 ASAP! BOX97N7QP, 150PPM",spam_or_unspecified,en,UCI SMS Spam Collection,downloaded_public_dataset
uci_sms_02209,safe,Usually the body takes care of it buy making sure it doesnt progress. Can we pls continue this talk on saturday.,safe_personal,en,UCI SMS Spam Collection,downloaded_public_dataset
uci_sms_02210,scam,"URGENT!! Your 4* Costa Del Sol Holiday or £5000 await collection. Call 09050090044 Now toClaim. SAE, TC s, POBox334, Stockport, SK38xh, Cost£1.50/pm, Max10mins",spam_or_unspecified,en,UCI SMS Spam Collection,downloaded_public_dataset
uci_sms_02211,safe,"Hmm well, night night",safe_personal,en,UCI SMS Spam Collection,downloaded_public_dataset
uci_sms_02212,safe,Just wanted to say holy shit you guys weren't kidding about this bud,safe_personal,en,UCI SMS Spam Collection,downloaded_public_dataset
uci_sms_02213,safe,"Just gettin a bit arty with my collages at the mo, well tryin 2 ne way! Got a roast in a min lovely i shall enjoy that!",safe_personal,en,UCI SMS Spam Collection,downloaded_public_dataset
uci_sms_02214,safe,"This is one of the days you have a billion classes, right?",safe_personal,en,UCI SMS Spam Collection,downloaded_public_dataset
uci_sms_02215,safe,"Goodmorning, today i am late for 2hrs. Because of back pain.",safe_personal,en,UCI SMS Spam Collection,downloaded_public_dataset
uci_sms_02216,safe,Ok then i'll let him noe later n ask him call u tmr...,safe_personal,en,UCI SMS Spam Collection,downloaded_public_dataset
uci_sms_02218,safe,OK i'm waliking ard now... Do u wan me 2 buy anything go ur house?,safe_personal,en,UCI SMS Spam Collection,downloaded_public_dataset
uci_sms_02219,safe,* Will have two more cartons off u and is very pleased with shelves,safe_personal,en,UCI SMS Spam Collection,downloaded_public_dataset
uci_sms_02220,safe,Nice talking to you! please dont forget my pix :) i want to see all of you...,safe_personal,en,UCI SMS Spam Collection,downloaded_public_dataset
uci_sms_02221,scam,You have WON a guaranteed £1000 cash or a £2000 prize. To claim yr prize call our customer service representative on 08714712379 between 10am-7pm Cost 10p,spam_or_unspecified,en,UCI SMS Spam Collection,downloaded_public_dataset
uci_sms_02222,safe,But really quite funny lor wat... Then u shd haf run shorter distance wat...,safe_personal,en,UCI SMS Spam Collection,downloaded_public_dataset
uci_sms_02223,safe,I notice you like looking in the shit mirror youre turning into a right freak,safe_personal,en,UCI SMS Spam Collection,downloaded_public_dataset
uci_sms_02224,safe,Great. I was getting worried about you. Just know that a wonderful and caring person like you will have only the best in life. Know that u r wonderful and God's love is yours.,safe_personal,en,UCI SMS Spam Collection,downloaded_public_dataset
uci_sms_02225,scam,"Thanks for your ringtone order, ref number K718. Your mobile will be charged £4.50. Should your tone not arrive please call customer services on 09065069120",spam_or_unspecified,en,UCI SMS Spam Collection,downloaded_public_dataset
uci_sms_02226,safe,"I prefer my free days... Tues, wed, fri oso can... Ü ask those workin lor...",safe_personal,en,UCI SMS Spam Collection,downloaded_public_dataset
uci_sms_02227,safe,Alrite jod hows the revision goin? Keris bin doin a smidgin. N e way u wanna cum over after college?xx,safe_personal,en,UCI SMS Spam Collection,downloaded_public_dataset
uci_sms_02228,safe,If you have belive me. Come to my home.,safe_personal,en,UCI SMS Spam Collection,downloaded_public_dataset
uci_sms_02229,safe,Oh k.k..where did you take test?,safe_personal,en,UCI SMS Spam Collection,downloaded_public_dataset
uci_sms_02230,safe,Those were my exact intentions,safe_personal,en,UCI SMS Spam Collection,downloaded_public_dataset
uci_sms_02231,safe,haha but no money leh... Later got to go for tuition... Haha and looking for empty slots for driving lessons,safe_personal,en,UCI SMS Spam Collection,downloaded_public_dataset
uci_sms_02232,safe,"Hey... Thk we juz go accordin to wat we discussed yest lor, except no kb on sun... Cos there's nt much lesson to go if we attend kb on sat...",safe_personal,en,UCI SMS Spam Collection,downloaded_public_dataset
uci_sms_02233,safe,"K, wen ur free come to my home and also tel vikky i hav sent mail to him also.. Better come evening il be free today aftr 6pm..:-)",safe_personal,en,UCI SMS Spam Collection,downloaded_public_dataset
uci_sms_02234,safe,Nothing just getting msgs by dis name wit different no's..,safe_personal,en,UCI SMS Spam Collection,downloaded_public_dataset
uci_sms_02236,safe,What's your room number again? Wanna make sure I'm knocking on the right door,safe_personal,en,UCI SMS Spam Collection,downloaded_public_dataset
uci_sms_02237,safe,"Si.como no?!listened2the plaid album-quite gd&the new air1 which is hilarious-also boughtbraindancea comp.ofstuff on aphexs ;abel,u hav2hear it!c u sn xxxx",safe_personal,en,UCI SMS Spam Collection,downloaded_public_dataset
uci_sms_02238,safe,Pls tell nelson that the bb's are no longer comin. The money i was expecting aint coming,safe_personal,en,UCI SMS Spam Collection,downloaded_public_dataset
uci_sms_02239,safe,"Give her something to drink, if she takes it and doesn't vomit then you her temp might drop. If she unmits however let me know.",safe_personal,en,UCI SMS Spam Collection,downloaded_public_dataset
uci_sms_02240,safe,Think you sent the text to the home phone. That cant display texts. If you still want to send it his number is,safe_personal,en,UCI SMS Spam Collection,downloaded_public_dataset
uci_sms_02241,safe,Every day i use to sleep after &lt;#&gt; so only.,safe_personal,en,UCI SMS Spam Collection,downloaded_public_dataset
uci_sms_02242,safe,K I'll call you when I'm close,safe_personal,en,UCI SMS Spam Collection,downloaded_public_dataset
uci_sms_02243,safe,U buy newspapers already?,safe_personal,en,UCI SMS Spam Collection,downloaded_public_dataset
uci_sms_02244,safe,Nope wif my sis lor... Aft bathing my dog then i can bathe... Looks like it's going 2 rain soon.,safe_personal,en,UCI SMS Spam Collection,downloaded_public_dataset
uci_sms_02245,safe,Boo I'm on my way to my moms. She's making tortilla soup. Yummmm,safe_personal,en,UCI SMS Spam Collection,downloaded_public_dataset
uci_sms_02246,safe,No management puzzeles.,safe_personal,en,UCI SMS Spam Collection,downloaded_public_dataset
uci_sms_02247,safe,How did you find out in a way that didn't include all of these details,safe_personal,en,UCI SMS Spam Collection,downloaded_public_dataset
uci_sms_02248,scam,"Hi ya babe x u 4goten bout me?' scammers getting smart..Though this is a regular vodafone no, if you respond you get further prem rate msg/subscription. Other nos used also. Beware!",spam_or_unspecified,en,UCI SMS Spam Collection,downloaded_public_dataset
uci_sms_02249,scam,Back 2 work 2morro half term over! Can U C me 2nite 4 some sexy passion B4 I have 2 go back? Chat NOW 09099726481 Luv DENA Calls £1/minMobsmoreLKPOBOX177HP51FL,spam_or_unspecified,en,UCI SMS Spam Collection,downloaded_public_dataset
uci_sms_02250,safe,will you like to be spoiled? :),safe_personal,en,UCI SMS Spam Collection,downloaded_public_dataset
uci_sms_02251,scam,"Thanks for your ringtone order, ref number R836. Your mobile will be charged £4.50. Should your tone not arrive please call customer services on 09065069154",spam_or_unspecified,en,UCI SMS Spam Collection,downloaded_public_dataset
uci_sms_02252,safe,I am getting threats from your sales executive Shifad as i raised complaint against him. Its an official message.,safe_personal,en,UCI SMS Spam Collection,downloaded_public_dataset
uci_sms_02253,safe,hope things went well at 'doctors' ;) reminds me i still need 2go.did u c d little thing i left in the lounge?,safe_personal,en,UCI SMS Spam Collection,downloaded_public_dataset
uci_sms_02254,safe,Den wat will e schedule b lk on sun?,safe_personal,en,UCI SMS Spam Collection,downloaded_public_dataset
uci_sms_02255,safe,Lol enjoy role playing much?,safe_personal,en,UCI SMS Spam Collection,downloaded_public_dataset
uci_sms_02256,safe,Ok. Me watching tv too.,safe_personal,en,UCI SMS Spam Collection,downloaded_public_dataset
uci_sms_02257,safe,"I just lov this line: ""Hurt me with the truth, I don't mind,i wil tolerat.bcs ur my someone..... But, Never comfort me with a lie"" gud ni8 and sweet dreams",safe_personal,en,UCI SMS Spam Collection,downloaded_public_dataset
uci_sms_02258,safe,"Just checked out, heading out to drop off my stuff now",safe_personal,en,UCI SMS Spam Collection,downloaded_public_dataset
uci_sms_02259,safe,Here got lots of hair dresser fr china.,safe_personal,en,UCI SMS Spam Collection,downloaded_public_dataset
uci_sms_02260,safe,Sad story of a Man - Last week was my b'day. My Wife did'nt wish me. My Parents forgot n so did my Kids . I went to work. Even my Colleagues did not wish.,safe_personal,en,UCI SMS Spam Collection,downloaded_public_dataset
uci_sms_02261,safe,Ill call you evening ill some ideas.,safe_personal,en,UCI SMS Spam Collection,downloaded_public_dataset
uci_sms_02262,scam,SplashMobile: Choose from 1000s of gr8 tones each wk! This is a subscrition service with weekly tones costing 300p. U have one credit - kick back and ENJOY,spam_or_unspecified,en,UCI SMS Spam Collection,downloaded_public_dataset
uci_sms_02263,safe,Did you show him and wot did he say or could u not c him 4 dust?,safe_personal,en,UCI SMS Spam Collection,downloaded_public_dataset
uci_sms_02264,safe,It should take about &lt;#&gt; min,safe_personal,en,UCI SMS Spam Collection,downloaded_public_dataset
uci_sms_02265,scam,Not heard from U4 a while. Call 4 rude chat private line 01223585334 to cum. Wan 2C pics of me gettin shagged then text PIX to 8552. 2End send STOP 8552 SAM xxx,spam_or_unspecified,en,UCI SMS Spam Collection,downloaded_public_dataset
uci_sms_02268,scam,<Forwarded from 88877>FREE entry into our £250 weekly comp just send the word ENTER to 88877 NOW. 18 T&C www.textcomp.com,spam_or_unspecified,en,UCI SMS Spam Collection,downloaded_public_dataset
uci_sms_02269,safe,Finish liao... U?,safe_personal,en,UCI SMS Spam Collection,downloaded_public_dataset
uci_sms_02270,scam,88066 FROM 88066 LOST 3POUND HELP,spam_or_unspecified,en,UCI SMS Spam Collection,downloaded_public_dataset
uci_sms_02271,safe,Haha i think i did too,safe_personal,en,UCI SMS Spam Collection,downloaded_public_dataset
uci_sms_02272,safe,U know we watchin at lido?,safe_personal,en,UCI SMS Spam Collection,downloaded_public_dataset
uci_sms_02273,safe,Life spend with someone for a lifetime may be meaningless but a few moments spent with someone who really love you means more than life itself..,safe_personal,en,UCI SMS Spam Collection,downloaded_public_dataset
uci_sms_02274,safe,"Haha awesome, I've been to 4u a couple times. Who all's coming?",safe_personal,en,UCI SMS Spam Collection,downloaded_public_dataset
uci_sms_02275,safe,Cold. Dont be sad dear,safe_personal,en,UCI SMS Spam Collection,downloaded_public_dataset
uci_sms_02276,safe,Think I could stop by in like an hour or so? My roommate's looking to stock up for a trip,safe_personal,en,UCI SMS Spam Collection,downloaded_public_dataset
uci_sms_02277,safe,Is that on the telly? No its Brdget Jones!,safe_personal,en,UCI SMS Spam Collection,downloaded_public_dataset
uci_sms_02279,safe,Hello! How r u? Im bored. Inever thought id get bored with the tv but I am. Tell me something exciting has happened there? Anything! =/,safe_personal,en,UCI SMS Spam Collection,downloaded_public_dataset
uci_sms_02280,safe,Hmm...Bad news...Hype park plaza $700 studio taken...Only left 2 bedrm-$900...,safe_personal,en,UCI SMS Spam Collection,downloaded_public_dataset
uci_sms_02281,safe,"Sorry, I'll call later in meeting",safe_personal,en,UCI SMS Spam Collection,downloaded_public_dataset
uci_sms_02282,safe,R ü comin back for dinner?,safe_personal,en,UCI SMS Spam Collection,downloaded_public_dataset
uci_sms_02283,safe,"I hav almost reached. Call, i m unable to connect u.",safe_personal,en,UCI SMS Spam Collection,downloaded_public_dataset
uci_sms_02284,safe,Whom you waited for yesterday,safe_personal,en,UCI SMS Spam Collection,downloaded_public_dataset
uci_sms_02285,safe,I reach home safe n sound liao...,safe_personal,en,UCI SMS Spam Collection,downloaded_public_dataset
uci_sms_02286,safe,"Velly good, yes please!",safe_personal,en,UCI SMS Spam Collection,downloaded_public_dataset
uci_sms_02287,safe,"Hi, wkend ok but journey terrible. Wk not good as have huge back log of marking to do",safe_personal,en,UCI SMS Spam Collection,downloaded_public_dataset
uci_sms_02288,safe,I have had two more letters from . I will copy them for you cos one has a message for you. Speak soon,safe_personal,en,UCI SMS Spam Collection,downloaded_public_dataset
uci_sms_02289,safe,Alex knows a guy who sells mids but he's down in south tampa and I don't think I could set it up before like 8,safe_personal,en,UCI SMS Spam Collection,downloaded_public_dataset
uci_sms_02290,safe,Dont you have message offer,safe_personal,en,UCI SMS Spam Collection,downloaded_public_dataset
uci_sms_02291,scam,Had your mobile 11mths ? Update for FREE to Oranges latest colour camera mobiles & unlimited weekend calls. Call Mobile Upd8 on freefone 08000839402 or 2StopTx,spam_or_unspecified,en,UCI SMS Spam Collection,downloaded_public_dataset
uci_sms_02292,safe,"HEY THERE BABE, HOW U DOIN? WOT U UP 2 2NITE LOVE ANNIE X.",safe_personal,en,UCI SMS Spam Collection,downloaded_public_dataset
uci_sms_02293,safe,Remind me how to get there and I shall do so,safe_personal,en,UCI SMS Spam Collection,downloaded_public_dataset
uci_sms_02294,safe,:-( that's not v romantic!,safe_personal,en,UCI SMS Spam Collection,downloaded_public_dataset
uci_sms_02295,safe,Hello. Damn this christmas thing. I think i have decided to keep this mp3 that doesnt work.,safe_personal,en,UCI SMS Spam Collection,downloaded_public_dataset
uci_sms_02296,scam,You have 1 new message. Please call 08718738034.,spam_or_unspecified,en,UCI SMS Spam Collection,downloaded_public_dataset
uci_sms_02297,safe,HI DARLIN IM MISSIN U HOPE YOU ARE HAVING A GOOD TIME. WHEN ARE U BACK AND WHAT TIME IF U CAN GIVE ME A CALL AT HOME. JESS XX,safe_personal,en,UCI SMS Spam Collection,downloaded_public_dataset
uci_sms_02298,scam,<Forwarded from 21870000>Hi - this is your Mailbox Messaging SMS alert. You have 4 messages. You have 21 matches. Please call back on 09056242159 to retrieve your messages and matches,spam_or_unspecified,en,UCI SMS Spam Collection,downloaded_public_dataset
uci_sms_02299,safe,Draw va?i dont think so:),safe_personal,en,UCI SMS Spam Collection,downloaded_public_dataset
uci_sms_02300,safe,Dont pick up d call when something important is There to tell. Hrishi,safe_personal,en,UCI SMS Spam Collection,downloaded_public_dataset
uci_sms_02302,safe,Nothin comes to my mind. Ü help me buy hanger lor. Ur laptop not heavy?,safe_personal,en,UCI SMS Spam Collection,downloaded_public_dataset
uci_sms_02303,safe,"&lt;#&gt; , that's all? Guess that's easy enough",safe_personal,en,UCI SMS Spam Collection,downloaded_public_dataset
uci_sms_02304,safe,We can make a baby in yo tho,safe_personal,en,UCI SMS Spam Collection,downloaded_public_dataset
uci_sms_02305,safe,Should I tell my friend not to come round til like &lt;#&gt; ish?,safe_personal,en,UCI SMS Spam Collection,downloaded_public_dataset
uci_sms_02306,safe,Friendship poem: Dear O Dear U R Not Near But I Can Hear Dont Get Fear Live With Cheer No More Tear U R Always my Dear. Gud ni8,safe_personal,en,UCI SMS Spam Collection,downloaded_public_dataset
uci_sms_02307,safe,Still in the area of the restaurant. Ill try to come back soon,safe_personal,en,UCI SMS Spam Collection,downloaded_public_dataset
uci_sms_02308,safe,"Aight that'll work, thanks",safe_personal,en,UCI SMS Spam Collection,downloaded_public_dataset
uci_sms_02310,scam,Moby Pub Quiz.Win a £100 High Street prize if u know who the new Duchess of Cornwall will be? Txt her first name to 82277.unsub STOP £1.50 008704050406 SP Arrow,spam_or_unspecified,en,UCI SMS Spam Collection,downloaded_public_dataset
uci_sms_02311,safe,"I have 2 sleeping bags, 1 blanket and paper and phone details. Anything else?",safe_personal,en,UCI SMS Spam Collection,downloaded_public_dataset
uci_sms_02313,scam,"Congratulations! Thanks to a good friend U have WON the £2,000 Xmas prize. 2 claim is easy, just call 08718726971 NOW! Only 10p per minute. BT-national-rate.",spam_or_unspecified,en,UCI SMS Spam Collection,downloaded_public_dataset
uci_sms_02314,scam,"tddnewsletter@emc1.co.uk (More games from TheDailyDraw) Dear Helen, Dozens of Free Games - with great prizesWith..",spam_or_unspecified,en,UCI SMS Spam Collection,downloaded_public_dataset
uci_sms_02315,safe,So what do you guys do.,safe_personal,en,UCI SMS Spam Collection,downloaded_public_dataset
uci_sms_02316,safe,Also that chat was awesome but don't make it regular unless you can see her in person,safe_personal,en,UCI SMS Spam Collection,downloaded_public_dataset
uci_sms_02317,safe,That's significant but dont worry.,safe_personal,en,UCI SMS Spam Collection,downloaded_public_dataset
uci_sms_02318,safe,That's cause your old. I live to be high.,safe_personal,en,UCI SMS Spam Collection,downloaded_public_dataset
uci_sms_02319,safe,"Waqt se pehle or naseeb se zyada kisi ko kuch nahi milta,Zindgi wo nahi he jo hum sochte hai Zindgi wo hai jo ham jeetey hai..........",safe_personal,en,UCI SMS Spam Collection,downloaded_public_dataset
uci_sms_02320,safe,On the way to office da..,safe_personal,en,UCI SMS Spam Collection,downloaded_public_dataset
uci_sms_02321,safe,In which place do you want da.,safe_personal,en,UCI SMS Spam Collection,downloaded_public_dataset
uci_sms_02322,safe,This pain couldn't have come at a worse time.,safe_personal,en,UCI SMS Spam Collection,downloaded_public_dataset
uci_sms_02324,safe,Should I be stalking u?,safe_personal,en,UCI SMS Spam Collection,downloaded_public_dataset
uci_sms_02325,safe,Sorry dude. Dont know how i forgot. Even after Dan reminded me. Sorry. Hope you guys had fun.,safe_personal,en,UCI SMS Spam Collection,downloaded_public_dataset
uci_sms_02326,safe,Ok lor.,safe_personal,en,UCI SMS Spam Collection,downloaded_public_dataset
uci_sms_02327,safe,Apps class varaya elaya.,safe_personal,en,UCI SMS Spam Collection,downloaded_public_dataset
uci_sms_02329,scam,"URGENT! Your mobile number *************** WON a £2000 Bonus Caller prize on 10/06/03! This is the 2nd attempt to reach you! Call 09066368753 ASAP! Box 97N7QP, 150ppm",spam_or_unspecified,en,UCI SMS Spam Collection,downloaded_public_dataset
uci_sms_02330,safe,That day you asked about anand number. Why:-),safe_personal,en,UCI SMS Spam Collection,downloaded_public_dataset
uci_sms_02331,safe,Am surfing online store. For offers do you want to buy any thing.,safe_personal,en,UCI SMS Spam Collection,downloaded_public_dataset
uci_sms_02332,safe,Long beach lor. Expected... U having dinner now?,safe_personal,en,UCI SMS Spam Collection,downloaded_public_dataset
uci_sms_02333,safe,At home by the way,safe_personal,en,UCI SMS Spam Collection,downloaded_public_dataset
uci_sms_02334,safe,We are both fine. Thanks,safe_personal,en,UCI SMS Spam Collection,downloaded_public_dataset
uci_sms_02335,safe,What happen to her tell the truth,safe_personal,en,UCI SMS Spam Collection,downloaded_public_dataset
uci_sms_02336,safe,Do you like Italian food?,safe_personal,en,UCI SMS Spam Collection,downloaded_public_dataset
uci_sms_02337,safe,Which is weird because I know I had it at one point,safe_personal,en,UCI SMS Spam Collection,downloaded_public_dataset
uci_sms_02338,safe,Aww you must be nearly dead!Well Jez isComing over toDo some workAnd that whillTake forever!,safe_personal,en,UCI SMS Spam Collection,downloaded_public_dataset
uci_sms_02339,safe,Tell your friends what you plan to do on Valentines day @ &lt;URL&gt;,safe_personal,en,UCI SMS Spam Collection,downloaded_public_dataset
uci_sms_02340,safe,"Alright, see you in a bit",safe_personal,en,UCI SMS Spam Collection,downloaded_public_dataset
uci_sms_02341,safe,Cheers for the message Zogtorius. Ive been staring at my phone for an age deciding whether to text or not.,safe_personal,en,UCI SMS Spam Collection,downloaded_public_dataset
uci_sms_02342,safe,I will take care of financial problem.i will help:),safe_personal,en,UCI SMS Spam Collection,downloaded_public_dataset
uci_sms_02343,safe,Tell dear what happen to you. Why you talking to me like an alian,safe_personal,en,UCI SMS Spam Collection,downloaded_public_dataset
uci_sms_02344,scam,Double your mins & txts on Orange or 1/2 price linerental - Motorola and SonyEricsson with B/Tooth FREE-Nokia FREE Call MobileUpd8 on 08000839402 or2optout/HV9D,spam_or_unspecified,en,UCI SMS Spam Collection,downloaded_public_dataset
uci_sms_02347,safe,"Hi this is yijue, can i meet u at 11 tmr?",safe_personal,en,UCI SMS Spam Collection,downloaded_public_dataset
uci_sms_02348,safe,Its posible dnt live in &lt;#&gt; century cm frwd n thnk different,safe_personal,en,UCI SMS Spam Collection,downloaded_public_dataset
uci_sms_02349,safe,But i dint slept in afternoon.,safe_personal,en,UCI SMS Spam Collection,downloaded_public_dataset
uci_sms_02350,safe,That seems unnecessarily affectionate,safe_personal,en,UCI SMS Spam Collection,downloaded_public_dataset
uci_sms_02351,safe,Yar else i'll thk of all sorts of funny things.,safe_personal,en,UCI SMS Spam Collection,downloaded_public_dataset
uci_sms_02353,scam,"Download as many ringtones as u like no restrictions, 1000s 2 choose. U can even send 2 yr buddys. Txt Sir to 80082 £3",spam_or_unspecified,en,UCI SMS Spam Collection,downloaded_public_dataset
uci_sms_02354,safe,Thats cool. How was your day?,safe_personal,en,UCI SMS Spam Collection,downloaded_public_dataset
uci_sms_02355,scam,Please CALL 08712402902 immediately as there is an urgent message waiting for you.,spam_or_unspecified,en,UCI SMS Spam Collection,downloaded_public_dataset
uci_sms_02356,safe,R we going with the &lt;#&gt; bus?,safe_personal,en,UCI SMS Spam Collection,downloaded_public_dataset
uci_sms_02357,safe,"Hello, my love ! How went your day ? Are you alright ? I think of you, my sweet and send a jolt to your heart to remind you ... I LOVE YOU! Can you hear it ? I screamed it across the sea for all the world to hear. Ahmad al Hallaq is loved ! and owned ! *possessive passionate kiss*",safe_personal,en,UCI SMS Spam Collection,downloaded_public_dataset
uci_sms_02358,safe,No..he joined today itself.,safe_personal,en,UCI SMS Spam Collection,downloaded_public_dataset
uci_sms_02359,safe,Okay same with me. Well thanks for the clarification,safe_personal,en,UCI SMS Spam Collection,downloaded_public_dataset
uci_sms_02360,safe,I'll talk to the others and probably just come early tomorrow then,safe_personal,en,UCI SMS Spam Collection,downloaded_public_dataset
uci_sms_02361,scam,"Spook up your mob with a Halloween collection of a logo & pic message plus a free eerie tone, txt CARD SPOOK to 8007 zed 08701417012150p per logo/pic",spam_or_unspecified,en,UCI SMS Spam Collection,downloaded_public_dataset
uci_sms_02362,safe,"Had the money issue weigh me down but thanks to you, I can breathe easier now. I.ll make sure you dont regret it. Thanks.",safe_personal,en,UCI SMS Spam Collection,downloaded_public_dataset
uci_sms_02363,safe,Hi. I'm sorry i missed your call. Can you pls call back.,safe_personal,en,UCI SMS Spam Collection,downloaded_public_dataset
uci_sms_02365,scam,"Fantasy Football is back on your TV. Go to Sky Gamestar on Sky Active and play £250k Dream Team. Scoring starts on Saturday, so register now!SKY OPT OUT to 88088",spam_or_unspecified,en,UCI SMS Spam Collection,downloaded_public_dataset
uci_sms_02366,safe,Ok then no need to tell me anything i am going to sleep good night,safe_personal,en,UCI SMS Spam Collection,downloaded_public_dataset
uci_sms_02367,safe,Ok try to do week end course in coimbatore.,safe_personal,en,UCI SMS Spam Collection,downloaded_public_dataset
uci_sms_02368,scam,Tone Club: Your subs has now expired 2 re-sub reply MONOC 4 monos or POLYC 4 polys 1 weekly @ 150p per week Txt STOP 2 stop This msg free Stream 0871212025016,spam_or_unspecified,en,UCI SMS Spam Collection,downloaded_public_dataset
uci_sms_02369,safe,V nice! Off 2 sheffield tom 2 air my opinions on categories 2 b used 2 measure ethnicity in next census. Busy transcribing. :-),safe_personal,en,UCI SMS Spam Collection,downloaded_public_dataset
uci_sms_02370,safe,If you r @ home then come down within 5 min,safe_personal,en,UCI SMS Spam Collection,downloaded_public_dataset
uci_sms_02371,safe,"A Boy loved a gal. He propsd bt she didnt mind. He gv lv lttrs, Bt her frnds threw thm. Again d boy decided 2 aproach d gal , dt time a truck was speeding towards d gal. Wn it was about 2 hit d girl,d boy ran like hell n saved her. She asked 'hw cn u run so fast?' D boy replied ""Boost is d secret of my energy"" n instantly d girl shouted ""our energy"" n Thy lived happily 2gthr drinking boost evrydy Moral of d story:- I hv free msgs:D;): gud ni8",safe_personal,en,UCI SMS Spam Collection,downloaded_public_dataset
uci_sms_02372,safe,"That day ü say ü cut ur hair at paragon, is it called hair sense? Do ü noe how much is a hair cut?",safe_personal,en,UCI SMS Spam Collection,downloaded_public_dataset
uci_sms_02373,safe,"Hmm, too many of them unfortunately... Pics obviously arent hot cakes. Its kinda fun tho",safe_personal,en,UCI SMS Spam Collection,downloaded_public_dataset
uci_sms_02374,safe,Watching tv lor... Y she so funny we bluff her 4 wat. Izzit because she thk it's impossible between us?,safe_personal,en,UCI SMS Spam Collection,downloaded_public_dataset
uci_sms_02375,scam,XMAS Prize draws! We are trying to contact U. Todays draw shows that you have won a £2000 prize GUARANTEED. Call 09058094565 from land line. Valid 12hrs only,spam_or_unspecified,en,UCI SMS Spam Collection,downloaded_public_dataset
uci_sms_02376,safe,Dunno lei he neva say...,safe_personal,en,UCI SMS Spam Collection,downloaded_public_dataset
uci_sms_02377,safe,Thanx 4 2day! U r a goodmate I THINK UR RITE SARY! ASUSUAL!1 U CHEERED ME UP! LOVE U FRANYxxxxx,safe_personal,en,UCI SMS Spam Collection,downloaded_public_dataset
uci_sms_02378,safe,I'm on my way home. Went to change batt 4 my watch then go shop a bit lor.,safe_personal,en,UCI SMS Spam Collection,downloaded_public_dataset
uci_sms_02379,scam,YES! The only place in town to meet exciting adult singles is now in the UK. Txt CHAT to 86688 now! 150p/Msg.,spam_or_unspecified,en,UCI SMS Spam Collection,downloaded_public_dataset
uci_sms_02380,safe,"Hi, Mobile no. &lt;#&gt; has added you in their contact list on www.fullonsms.com It s a great place to send free sms to people For more visit fullonsms.com",safe_personal,en,UCI SMS Spam Collection,downloaded_public_dataset
uci_sms_02381,safe,"Good evening Sir, hope you are having a nice day. I wanted to bring it to your notice that I have been late in paying rent for the past few months and have had to pay a $ &lt;#&gt; charge. I felt it would be inconsiderate of me to nag about something you give at great cost to yourself and that's why i didnt speak up. I however am in a recession and wont be able to pay the charge this month hence my askin well ahead of month's end. Can you please help. Thank you for everything.",safe_personal,en,UCI SMS Spam Collection,downloaded_public_dataset
uci_sms_02382,safe,"If i let you do this, i want you in the house by 8am.",safe_personal,en,UCI SMS Spam Collection,downloaded_public_dataset
uci_sms_02383,safe,"Best line said in Love: . ""I will wait till the day I can forget u Or The day u realize that u cannot forget me.""... Gn",safe_personal,en,UCI SMS Spam Collection,downloaded_public_dataset
uci_sms_02384,safe,I will reach before ten morning,safe_personal,en,UCI SMS Spam Collection,downloaded_public_dataset
uci_sms_02385,safe,Your pussy is perfect!,safe_personal,en,UCI SMS Spam Collection,downloaded_public_dataset
uci_sms_02387,scam,"Someone has contacted our dating service and entered your phone becausethey fancy you! To find out who it is call from a landline 09058098002. PoBox1, W14RG 150p",spam_or_unspecified,en,UCI SMS Spam Collection,downloaded_public_dataset
uci_sms_02388,safe,No message..no responce..what happend?,safe_personal,en,UCI SMS Spam Collection,downloaded_public_dataset
uci_sms_02389,safe,Also where's the piece,safe_personal,en,UCI SMS Spam Collection,downloaded_public_dataset
uci_sms_02390,safe,"wiskey Brandy Rum Gin Beer Vodka Scotch Shampain Wine ""KUDI""yarasu dhina vaazhthukkal. ..",safe_personal,en,UCI SMS Spam Collection,downloaded_public_dataset
uci_sms_02391,safe,Boo. How's things? I'm back at home and a little bored already :-(,safe_personal,en,UCI SMS Spam Collection,downloaded_public_dataset
uci_sms_02392,safe,First has she gained more than &lt;#&gt; kg since she took in. Second has she done the blood sugar tests. If she has and its ok and her blood pressure is within normal limits then no worries,safe_personal,en,UCI SMS Spam Collection,downloaded_public_dataset
uci_sms_02393,safe,PICK UR FONE UP NOW U DUMB?,safe_personal,en,UCI SMS Spam Collection,downloaded_public_dataset
uci_sms_02394,safe,"Thanks da thangam, i feel very very happy dear. I also miss you da.",safe_personal,en,UCI SMS Spam Collection,downloaded_public_dataset
uci_sms_02395,safe,"Okey doke. I'm at home, but not dressed cos laying around ill! Speak to you later bout times and stuff.",safe_personal,en,UCI SMS Spam Collection,downloaded_public_dataset
uci_sms_02396,safe,I don't run away frm u... I walk slowly &amp; it kills me that u don't care enough to stop me...,safe_personal,en,UCI SMS Spam Collection,downloaded_public_dataset
uci_sms_02397,safe,"Babe, I'm back ... Come back to me ...",safe_personal,en,UCI SMS Spam Collection,downloaded_public_dataset
uci_sms_02398,safe,Well you told others you'd marry them...,safe_personal,en,UCI SMS Spam Collection,downloaded_public_dataset
uci_sms_02399,safe,Neshanth..tel me who r u?,safe_personal,en,UCI SMS Spam Collection,downloaded_public_dataset
uci_sms_02400,safe,YO YO YO BYATCH WHASSUP?,safe_personal,en,UCI SMS Spam Collection,downloaded_public_dataset
uci_sms_02401,safe,Oh... Kay... On sat right?,safe_personal,en,UCI SMS Spam Collection,downloaded_public_dataset
uci_sms_02402,safe,Hi! This is Roger from CL. How are you?,safe_personal,en,UCI SMS Spam Collection,downloaded_public_dataset
uci_sms_02403,scam,Babe: U want me dont u baby! Im nasty and have a thing 4 filthyguys. Fancy a rude time with a sexy bitch. How about we go slo n hard! Txt XXX SLO(4msgs),spam_or_unspecified,en,UCI SMS Spam Collection,downloaded_public_dataset
uci_sms_02404,safe,Oh oh... Wasted... Den muz chiong on sat n sun liao...,safe_personal,en,UCI SMS Spam Collection,downloaded_public_dataset
uci_sms_02405,safe,Jesus christ bitch I'm trying to give you drugs answer your fucking phone,safe_personal,en,UCI SMS Spam Collection,downloaded_public_dataset
uci_sms_02406,safe,Please give it 2 or i will pick it up on Tuesday evening about 8 if that is ok.,safe_personal,en,UCI SMS Spam Collection,downloaded_public_dataset
uci_sms_02407,safe,I'm meeting Darren...,safe_personal,en,UCI SMS Spam Collection,downloaded_public_dataset
uci_sms_02408,safe,"One of best dialogue in cute reltnship..!! ""Wen i Die, Dont Come Near My Body..!! Bcoz My Hands May Not Come 2 Wipe Ur Tears Off That Time..!Gud ni8",safe_personal,en,UCI SMS Spam Collection,downloaded_public_dataset
uci_sms_02409,safe,"Solve d Case : A Man Was Found Murdered On &lt;DECIMAL&gt; . &lt;#&gt; AfterNoon. 1,His wife called Police. 2,Police questioned everyone. 3,Wife: Sir,I was sleeping, when the murder took place. 4.Cook: I was cooking. 5.Gardener: I was picking vegetables. 6.House-Maid: I went 2 d post office. 7.Children: We went 2 play. 8.Neighbour: We went 2 a marriage. Police arrested d murderer Immediately. Who's It? Reply With Reason, If U r Brilliant.",safe_personal,en,UCI SMS Spam Collection,downloaded_public_dataset
uci_sms_02410,safe,Dear where you will be when i reach there,safe_personal,en,UCI SMS Spam Collection,downloaded_public_dataset
uci_sms_02411,safe,Aww that's the first time u said u missed me without asking if I missed u first. You DO love me! :),safe_personal,en,UCI SMS Spam Collection,downloaded_public_dataset
uci_sms_02412,safe,Ok... Thanx... Gd nite 2 ü too...,safe_personal,en,UCI SMS Spam Collection,downloaded_public_dataset
uci_sms_02413,safe,"Come to me right now, Ahmad",safe_personal,en,UCI SMS Spam Collection,downloaded_public_dataset
uci_sms_02415,safe,Lol please do. Actually send a pic of yourself right now. I wanna see. Pose with a comb and hair dryer or something.,safe_personal,en,UCI SMS Spam Collection,downloaded_public_dataset
uci_sms_02416,safe,O was not into fps then.,safe_personal,en,UCI SMS Spam Collection,downloaded_public_dataset
uci_sms_02417,safe,Huh means computational science... Y they like dat one push here n there...,safe_personal,en,UCI SMS Spam Collection,downloaded_public_dataset
uci_sms_02418,safe,"Could you not read me, my Love ? I answered you",safe_personal,en,UCI SMS Spam Collection,downloaded_public_dataset
uci_sms_02419,safe,Oh... Lk tt den we take e one tt ends at cine lor... Dun wan yogasana oso can...,safe_personal,en,UCI SMS Spam Collection,downloaded_public_dataset
uci_sms_02420,safe,"Madam,regret disturbance.might receive a reference check from DLF Premarica.kindly be informed.Rgds,Rakhesh,Kerala.",safe_personal,en,UCI SMS Spam Collection,downloaded_public_dataset
uci_sms_02421,scam,SMS SERVICES For your inclusive text credits pls gotto www.comuk.net login 3qxj9 unsubscribe with STOP no extra charge help 08702840625 comuk.220cm2 9AE,spam_or_unspecified,en,UCI SMS Spam Collection,downloaded_public_dataset
uci_sms_02422,safe,Oic... Then better quickly go bathe n settle down...,safe_personal,en,UCI SMS Spam Collection,downloaded_public_dataset
uci_sms_02423,safe,Err... Cud do. I'm going to at 8pm. I haven't got a way to contact him until then.,safe_personal,en,UCI SMS Spam Collection,downloaded_public_dataset
uci_sms_02424,safe,A bloo bloo bloo I'll miss the first bowl,safe_personal,en,UCI SMS Spam Collection,downloaded_public_dataset
uci_sms_02425,safe,Lmao but its so fun...,safe_personal,en,UCI SMS Spam Collection,downloaded_public_dataset
uci_sms_02426,safe,Oh k k:)but he is not a big hitter.anyway good,safe_personal,en,UCI SMS Spam Collection,downloaded_public_dataset
uci_sms_02427,safe,Hey!!! I almost forgot ... Happy B-day babe ! I love ya!!,safe_personal,en,UCI SMS Spam Collection,downloaded_public_dataset
uci_sms_02428,scam,Valentines Day Special! Win over £1000 in our quiz and take your partner on the trip of a lifetime! Send GO to 83600 now. 150p/msg rcvd. CustCare:08718720201,spam_or_unspecified,en,UCI SMS Spam Collection,downloaded_public_dataset
uci_sms_02429,safe,Do you think i can move &lt;#&gt; in a week,safe_personal,en,UCI SMS Spam Collection,downloaded_public_dataset
uci_sms_02430,safe,She.s find. I sent you an offline message to know how anjola's now.,safe_personal,en,UCI SMS Spam Collection,downloaded_public_dataset
uci_sms_02431,scam,Guess who am I?This is the first time I created a web page WWW.ASJESUS.COM read all I wrote. I'm waiting for your opinions. I want to be your friend 1/1,spam_or_unspecified,en,UCI SMS Spam Collection,downloaded_public_dataset
uci_sms_02432,safe,How was txting and driving,safe_personal,en,UCI SMS Spam Collection,downloaded_public_dataset
uci_sms_02433,safe,That's good. Lets thank God. Please complete the drug. Have lots of water. And have a beautiful day.,safe_personal,en,UCI SMS Spam Collection,downloaded_public_dataset
uci_sms_02434,safe,Really dun bluff me leh... U sleep early too. Nite...,safe_personal,en,UCI SMS Spam Collection,downloaded_public_dataset
uci_sms_02435,safe,"Indians r poor but India is not a poor country. Says one of the swiss bank directors. He says that "" &lt;#&gt; lac crore"" of Indian money is deposited in swiss banks which can be used for 'taxless' budget for &lt;#&gt; yrs. Can give &lt;#&gt; crore jobs to all Indians. From any village to Delhi 4 lane roads. Forever free power suply to more than &lt;#&gt; social projects. Every citizen can get monthly &lt;#&gt; /- for &lt;#&gt; yrs. No need of World Bank &amp; IMF loan. Think how our money is blocked by rich politicians. We have full rights against corrupt politicians. Itna forward karo ki pura INDIA padhe.g.m.""",safe_personal,en,UCI SMS Spam Collection,downloaded_public_dataset
uci_sms_02436,safe,Uncle boye. I need movies oh. Guide me. Plus you know torrents are not particularly legal here. And the system is slowing down. What should i do. Have a gr8 day. Plus have you started cos i dont meet you online. How was the honey moon.,safe_personal,en,UCI SMS Spam Collection,downloaded_public_dataset
uci_sms_02437,safe,Oh ya ya. I remember da. .,safe_personal,en,UCI SMS Spam Collection,downloaded_public_dataset
uci_sms_02438,safe,Btw regarding that we should really try to see if anyone else can be our 4th guy before we commit to a random dude,safe_personal,en,UCI SMS Spam Collection,downloaded_public_dataset
uci_sms_02439,scam,"For ur chance to win £250 cash every wk TXT: PLAY to 83370. T's&C's www.music-trivia.net custcare 08715705022, 1x150p/wk.",spam_or_unspecified,en,UCI SMS Spam Collection,downloaded_public_dataset
uci_sms_02440,safe,I not busy juz dun wan 2 go so early.. Hee..,safe_personal,en,UCI SMS Spam Collection,downloaded_public_dataset
uci_sms_02441,safe,Rightio. 11.48 it is then. Well arent we all up bright and early this morning.,safe_personal,en,UCI SMS Spam Collection,downloaded_public_dataset
uci_sms_02442,safe,"Great. I'm in church now, will holla when i get out",safe_personal,en,UCI SMS Spam Collection,downloaded_public_dataset
uci_sms_02443,safe,Back in brum! Thanks for putting us up and keeping us all and happy. See you soon,safe_personal,en,UCI SMS Spam Collection,downloaded_public_dataset
uci_sms_02444,safe,I donno if they are scorable,safe_personal,en,UCI SMS Spam Collection,downloaded_public_dataset
uci_sms_02445,safe,&lt;#&gt; great loxahatchee xmas tree burning update: you can totally see stars here,safe_personal,en,UCI SMS Spam Collection,downloaded_public_dataset
uci_sms_02446,safe,"Yes but i dont care! I need you bad, princess!",safe_personal,en,UCI SMS Spam Collection,downloaded_public_dataset
uci_sms_02447,safe,"The guy (kadeem) hasn't been selling since the break, I know one other guy but he's paranoid as fuck and doesn't like selling without me there and I can't be up there til late tonight",safe_personal,en,UCI SMS Spam Collection,downloaded_public_dataset
uci_sms_02449,safe,Tmr then ü brin lar... Aiya later i come n c lar... Mayb ü neva set properly ü got da help sheet wif ü...,safe_personal,en,UCI SMS Spam Collection,downloaded_public_dataset
uci_sms_02450,safe,Do u knw dis no. &lt;#&gt; ?,safe_personal,en,UCI SMS Spam Collection,downloaded_public_dataset
uci_sms_02451,safe,Then she dun believe wat?,safe_personal,en,UCI SMS Spam Collection,downloaded_public_dataset
uci_sms_02452,safe,K..give back my thanks.,safe_personal,en,UCI SMS Spam Collection,downloaded_public_dataset
uci_sms_02453,safe,I know complain num only..bettr directly go to bsnl offc nd apply for it..,safe_personal,en,UCI SMS Spam Collection,downloaded_public_dataset
uci_sms_02454,safe,Okay. I've seen it. So i should pick it on friday?,safe_personal,en,UCI SMS Spam Collection,downloaded_public_dataset
uci_sms_02455,safe,How much she payed. Suganya.,safe_personal,en,UCI SMS Spam Collection,downloaded_public_dataset
uci_sms_02456,safe,Left dessert. U wan me 2 go suntec look 4 u?,safe_personal,en,UCI SMS Spam Collection,downloaded_public_dataset
uci_sms_02457,safe,"Abeg, make profit. But its a start. Are you using it to get sponsors for the next event?",safe_personal,en,UCI SMS Spam Collection,downloaded_public_dataset
uci_sms_02458,safe,Onum ela pa. Normal than.,safe_personal,en,UCI SMS Spam Collection,downloaded_public_dataset
uci_sms_02459,safe,K.k..how is your sister kids?,safe_personal,en,UCI SMS Spam Collection,downloaded_public_dataset
uci_sms_02460,safe,"Cool, I'll text you when I'm on the way",safe_personal,en,UCI SMS Spam Collection,downloaded_public_dataset
uci_sms_02461,safe,Nope. Meanwhile she talk say make i greet you.,safe_personal,en,UCI SMS Spam Collection,downloaded_public_dataset
uci_sms_02462,safe,i cant talk to you now.i will call when i can.dont keep calling.,safe_personal,en,UCI SMS Spam Collection,downloaded_public_dataset
uci_sms_02463,safe,Anything lar...,safe_personal,en,UCI SMS Spam Collection,downloaded_public_dataset
uci_sms_02464,safe,"Rose needs water, season needs change, poet needs imagination..My phone needs ur sms and i need ur lovely frndship forever....",safe_personal,en,UCI SMS Spam Collection,downloaded_public_dataset
uci_sms_02465,safe,"Good afternoon, babe. How goes that day ? Any job prospects yet ? I miss you, my love ... *sighs* ... :-(",safe_personal,en,UCI SMS Spam Collection,downloaded_public_dataset
uci_sms_02466,safe,They will pick up and drop in car.so no problem..,safe_personal,en,UCI SMS Spam Collection,downloaded_public_dataset
uci_sms_02467,safe,S.i think he is waste for rr..,safe_personal,en,UCI SMS Spam Collection,downloaded_public_dataset
uci_sms_02468,safe,He is world famamus....,safe_personal,en,UCI SMS Spam Collection,downloaded_public_dataset
uci_sms_02469,safe,Is there coming friday is leave for pongal?do you get any news from your work place.,safe_personal,en,UCI SMS Spam Collection,downloaded_public_dataset
uci_sms_02470,safe,Lol well don't do it without me. We could have a big sale together.,safe_personal,en,UCI SMS Spam Collection,downloaded_public_dataset
uci_sms_02471,safe,* Am on my way,safe_personal,en,UCI SMS Spam Collection,downloaded_public_dataset
uci_sms_02472,safe,Eat at old airport road... But now 630 oredi... Got a lot of pple...,safe_personal,en,UCI SMS Spam Collection,downloaded_public_dataset
uci_sms_02473,safe,"sry can't talk on phone, with parents",safe_personal,en,UCI SMS Spam Collection,downloaded_public_dataset
uci_sms_02475,safe,Ok lor wat time ü finish?,safe_personal,en,UCI SMS Spam Collection,downloaded_public_dataset
uci_sms_02476,safe,"Princess, i like to make love &lt;#&gt; times per night. Hope thats not a problem!",safe_personal,en,UCI SMS Spam Collection,downloaded_public_dataset
uci_sms_02477,safe,Mm i am on the way to railway,safe_personal,en,UCI SMS Spam Collection,downloaded_public_dataset
uci_sms_02479,safe,"I'm done. I'm sorry. I hope your next space gives you everything you want. Remember all the furniture is yours. If i'm not around when you move it, just lock all the locks and leave the key with jenne.",safe_personal,en,UCI SMS Spam Collection,downloaded_public_dataset
uci_sms_02480,safe,Not yet. Just i'd like to keep in touch and it will be the easiest way to do that from barcelona. By the way how ru and how is the house?,safe_personal,en,UCI SMS Spam Collection,downloaded_public_dataset
uci_sms_02481,scam,"Sppok up ur mob with a Halloween collection of nokia logo&pic message plus a FREE eerie tone, txt CARD SPOOK to 8007",spam_or_unspecified,en,UCI SMS Spam Collection,downloaded_public_dataset
uci_sms_02482,scam,"Urgent! call 09066612661 from landline. Your complementary 4* Tenerife Holiday or £10,000 cash await collection SAE T&Cs PO Box 3 WA14 2PX 150ppm 18+ Sender: Hol Offer",spam_or_unspecified,en,UCI SMS Spam Collection,downloaded_public_dataset
uci_sms_02483,safe,K.:)do it at evening da:)urgent:),safe_personal,en,UCI SMS Spam Collection,downloaded_public_dataset
uci_sms_02484,safe,Pansy! You've been living in a jungle for two years! Its my driving you should be more worried about!,safe_personal,en,UCI SMS Spam Collection,downloaded_public_dataset
uci_sms_02485,safe,Mm have some kanji dont eat anything heavy ok,safe_personal,en,UCI SMS Spam Collection,downloaded_public_dataset
uci_sms_02486,safe,Only if you promise your getting out as SOON as you can. And you'll text me in the morning to let me know you made it in ok.,safe_personal,en,UCI SMS Spam Collection,downloaded_public_dataset
uci_sms_02487,safe,Lol that's different. I don't go trying to find every real life photo you ever took.,safe_personal,en,UCI SMS Spam Collection,downloaded_public_dataset
uci_sms_02488,safe,I dont thnk its a wrong calling between us,safe_personal,en,UCI SMS Spam Collection,downloaded_public_dataset
uci_sms_02489,safe,K ill drink.pa then what doing. I need srs model pls send it to my mail id pa.,safe_personal,en,UCI SMS Spam Collection,downloaded_public_dataset
uci_sms_02490,safe,Aiyah e rain like quite big leh. If drizzling i can at least run home.,safe_personal,en,UCI SMS Spam Collection,downloaded_public_dataset
uci_sms_02491,safe,I have 2 docs appointments next week.:/ I'm tired of them shoving stuff up me. Ugh why couldn't I have had a normal body?,safe_personal,en,UCI SMS Spam Collection,downloaded_public_dataset
uci_sms_02492,safe,Dun b sad.. It's over.. Dun thk abt it already. Concentrate on ur other papers k.,safe_personal,en,UCI SMS Spam Collection,downloaded_public_dataset
uci_sms_02493,safe,"Greetings me, ! Consider yourself excused.",safe_personal,en,UCI SMS Spam Collection,downloaded_public_dataset
uci_sms_02494,safe,No drama Pls.i have had enough from you and family while i am struggling in the hot sun in a strange place.No reason why there should be an ego of not going 'IF NOT INVITED' when actually its necessity to go.wait for very serious reppurcussions.,safe_personal,en,UCI SMS Spam Collection,downloaded_public_dataset
uci_sms_02495,safe,they released another Italian one today and it has a cosign option,safe_personal,en,UCI SMS Spam Collection,downloaded_public_dataset
uci_sms_02496,safe,"You at mu? You should try to figure out how much money everyone has for gas and alcohol, jay and I are trying to figure out our weed budget",safe_personal,en,UCI SMS Spam Collection,downloaded_public_dataset
uci_sms_02497,scam,WINNER! As a valued network customer you hvae been selected to receive a £900 reward! To collect call 09061701444. Valid 24 hours only. ACL03530150PM,spam_or_unspecified,en,UCI SMS Spam Collection,downloaded_public_dataset
uci_sms_02498,safe,HCL chennai requires FRESHERS for voice process.Excellent english needed.Salary upto &lt;#&gt; .Call Ms.Suman &lt;#&gt; for Telephonic interview -via Indyarocks.com,safe_personal,en,UCI SMS Spam Collection,downloaded_public_dataset
uci_sms_02499,safe,Dai what this da.. Can i send my resume to this id.,safe_personal,en,UCI SMS Spam Collection,downloaded_public_dataset
uci_sms_02500,safe,"I know where the &lt;#&gt; is, I'll be there around 5",safe_personal,en,UCI SMS Spam Collection,downloaded_public_dataset
uci_sms_02501,safe,Yup i've finished c ü there...,safe_personal,en,UCI SMS Spam Collection,downloaded_public_dataset
uci_sms_02502,safe,Remember to ask alex about his pizza,safe_personal,en,UCI SMS Spam Collection,downloaded_public_dataset
uci_sms_02503,safe,No da..today also i forgot..,safe_personal,en,UCI SMS Spam Collection,downloaded_public_dataset
uci_sms_02504,safe,"Ola would get back to you maybe not today but I ve told him you can be his direct link in the US in getting cars he bids for online, you arrange shipping and you get a cut. Or U????? For a partnership where U????? Invest money for shipping and he takes care of the rest!U??Wud b self reliant soon dnt worry",safe_personal,en,UCI SMS Spam Collection,downloaded_public_dataset
uci_sms_02505,safe,Fwiw the reason I'm only around when it's time to smoke is that because of gas I can only afford to be around when someone tells me to be and that apparently only happens when somebody wants to light up,safe_personal,en,UCI SMS Spam Collection,downloaded_public_dataset
uci_sms_02506,safe,"Hello, my boytoy! I made it home and my constant thought is of you, my love. I hope your having a nice visit but I can't wait till you come home to me ...*kiss*",safe_personal,en,UCI SMS Spam Collection,downloaded_public_dataset
uci_sms_02507,safe,Congrats kano..whr s the treat maga?,safe_personal,en,UCI SMS Spam Collection,downloaded_public_dataset
uci_sms_02508,safe,Who u talking about?,safe_personal,en,UCI SMS Spam Collection,downloaded_public_dataset
uci_sms_02509,safe,Yup...,safe_personal,en,UCI SMS Spam Collection,downloaded_public_dataset
uci_sms_02511,safe,"U wake up already? Wat u doing? U picking us up later rite? I'm taking sq825, reaching ard 7 smth 8 like dat. U can check e arrival time. C ya soon...",safe_personal,en,UCI SMS Spam Collection,downloaded_public_dataset
uci_sms_02512,safe,Yunny i'm walking in citylink now ü faster come down... Me very hungry...,safe_personal,en,UCI SMS Spam Collection,downloaded_public_dataset
uci_sms_02513,safe,Er yep sure. Props?,safe_personal,en,UCI SMS Spam Collection,downloaded_public_dataset
uci_sms_02514,safe,"Hiya , have u been paying money into my account? If so, thanks. Got a pleasant surprise when i checked my balance -u c, i don't get statements 4 that acc",safe_personal,en,UCI SMS Spam Collection,downloaded_public_dataset
uci_sms_02515,scam,U have won a nokia 6230 plus a free digital camera. This is what u get when u win our FREE auction. To take part send NOKIA to 83383 now. POBOX114/14TCR/W1 16,spam_or_unspecified,en,UCI SMS Spam Collection,downloaded_public_dataset
uci_sms_02516,safe,Ok ill send you with in &lt;DECIMAL&gt; ok.,safe_personal,en,UCI SMS Spam Collection,downloaded_public_dataset
uci_sms_02517,safe,Bognor it is! Should be splendid at this time of year.,safe_personal,en,UCI SMS Spam Collection,downloaded_public_dataset
uci_sms_02518,safe,Yes.i'm in office da:),safe_personal,en,UCI SMS Spam Collection,downloaded_public_dataset
uci_sms_02521,safe,Ok. I only ask abt e movie. U wan ktv oso?,safe_personal,en,UCI SMS Spam Collection,downloaded_public_dataset
uci_sms_02522,safe,Misplaced your number and was sending texts to your old number. Wondering why i've not heard from you this year. All the best in your mcat. Got this number from my atlanta friends,safe_personal,en,UCI SMS Spam Collection,downloaded_public_dataset
uci_sms_02524,safe,Dunno lei... I might b eatin wif my frens... If ü wan to eat then i wait 4 ü lar,safe_personal,en,UCI SMS Spam Collection,downloaded_public_dataset
uci_sms_02526,scam,FREE entry into our £250 weekly comp just send the word WIN to 80086 NOW. 18 T&C www.txttowin.co.uk,spam_or_unspecified,en,UCI SMS Spam Collection,downloaded_public_dataset
uci_sms_02528,safe,Do u noe how 2 send files between 2 computers?,safe_personal,en,UCI SMS Spam Collection,downloaded_public_dataset
uci_sms_02529,safe,"Mmmmm ... I loved waking to your words this morning ! I miss you too, my Love. I hope your day goes well and you are happy. I wait for us to be together again",safe_personal,en,UCI SMS Spam Collection,downloaded_public_dataset
uci_sms_02530,safe,jay says he'll put in &lt;#&gt;,safe_personal,en,UCI SMS Spam Collection,downloaded_public_dataset
uci_sms_02531,safe,Can you just come in for a sec? There's somebody here I want you to see,safe_personal,en,UCI SMS Spam Collection,downloaded_public_dataset
uci_sms_02532,safe,So the sun is anti sleep medicine.,safe_personal,en,UCI SMS Spam Collection,downloaded_public_dataset
uci_sms_02533,safe,What's happening with you. Have you gotten a job and have you begun registration for permanent residency,safe_personal,en,UCI SMS Spam Collection,downloaded_public_dataset
uci_sms_02534,safe,Yup ok...,safe_personal,en,UCI SMS Spam Collection,downloaded_public_dataset
uci_sms_02535,safe,Glad it went well :) come over at 11 then we'll have plenty of time before claire goes to work.,safe_personal,en,UCI SMS Spam Collection,downloaded_public_dataset
uci_sms_02536,safe,Ok enjoy . R u there in home.,safe_personal,en,UCI SMS Spam Collection,downloaded_public_dataset
uci_sms_02537,safe,"Can you pls pls send me a mail on all you know about relatives coming to deliver here? All you know about costs, risks, benefits and anything else. Thanks.",safe_personal,en,UCI SMS Spam Collection,downloaded_public_dataset
uci_sms_02538,safe,You do what all you like,safe_personal,en,UCI SMS Spam Collection,downloaded_public_dataset
uci_sms_02539,safe,That's y we haf to combine n c how lor...,safe_personal,en,UCI SMS Spam Collection,downloaded_public_dataset
uci_sms_02540,safe,The monthly amount is not that terrible and you will not pay anything till 6months after finishing school.,safe_personal,en,UCI SMS Spam Collection,downloaded_public_dataset
uci_sms_02541,safe,Hmmm:)how many players selected?,safe_personal,en,UCI SMS Spam Collection,downloaded_public_dataset
uci_sms_02542,safe,"They said if its gonna snow, it will start around 8 or 9 pm tonite! They are predicting an inch of accumulation.",safe_personal,en,UCI SMS Spam Collection,downloaded_public_dataset
uci_sms_02543,safe,I dont. Can you send it to me. Plus how's mode.,safe_personal,en,UCI SMS Spam Collection,downloaded_public_dataset
uci_sms_02544,safe,Aiyo please ü got time meh.,safe_personal,en,UCI SMS Spam Collection,downloaded_public_dataset
uci_sms_02545,safe,Package all your programs well,safe_personal,en,UCI SMS Spam Collection,downloaded_public_dataset
uci_sms_02546,safe,"She is our sister.. She belongs 2 our family.. She is d hope of tomorrow.. Pray 4 her,who was fated 4 d Shoranur train incident. Lets hold our hands together &amp; fuelled by love &amp; concern prior 2 her grief &amp; pain. Pls join in dis chain &amp; pass it. STOP VIOLENCE AGAINST WOMEN.",safe_personal,en,UCI SMS Spam Collection,downloaded_public_dataset
uci_sms_02547,safe,So are you guys asking that i get that slippers again or its gone with last year,safe_personal,en,UCI SMS Spam Collection,downloaded_public_dataset
uci_sms_02548,safe,Company is very good.environment is terrific and food is really nice:),safe_personal,en,UCI SMS Spam Collection,downloaded_public_dataset
uci_sms_02549,scam,"Text82228>> Get more ringtones, logos and games from www.txt82228.com. Questions: info@txt82228.co.uk",spam_or_unspecified,en,UCI SMS Spam Collection,downloaded_public_dataset
uci_sms_02550,safe,Honestly i've just made a lovely cup of tea and promptly dropped my keys in it and then burnt my fingers getting them out!,safe_personal,en,UCI SMS Spam Collection,downloaded_public_dataset
uci_sms_02551,safe,Yup but not studying surfing lor. I'm in e lazy mode today.,safe_personal,en,UCI SMS Spam Collection,downloaded_public_dataset
uci_sms_02552,safe,Please sen :)my kind advice :-)please come here and try:-),safe_personal,en,UCI SMS Spam Collection,downloaded_public_dataset
uci_sms_02553,safe,I'm done. C ü there.,safe_personal,en,UCI SMS Spam Collection,downloaded_public_dataset
uci_sms_02554,safe,"Oh fine, I'll be by tonight",safe_personal,en,UCI SMS Spam Collection,downloaded_public_dataset
uci_sms_02555,safe,Ü give me some time to walk there.,safe_personal,en,UCI SMS Spam Collection,downloaded_public_dataset
uci_sms_02556,safe,I'll reach in ard 20 mins ok...,safe_personal,en,UCI SMS Spam Collection,downloaded_public_dataset
uci_sms_02557,scam,"FreeMSG You have been awarded a FREE mini DIGITAL CAMERA, just reply SNAP to collect your prize! (quizclub Opt out? Stop 80122300p/wk SP:RWM Ph:08704050406)",spam_or_unspecified,en,UCI SMS Spam Collection,downloaded_public_dataset
uci_sms_02558,safe,Fuck babe ... What happened to you ? How come you never came back?,safe_personal,en,UCI SMS Spam Collection,downloaded_public_dataset
uci_sms_02559,scam,This message is brought to you by GMW Ltd. and is not connected to the,spam_or_unspecified,en,UCI SMS Spam Collection,downloaded_public_dataset
uci_sms_02560,safe,"Some friends want me to drive em someplace, probably take a while",safe_personal,en,UCI SMS Spam Collection,downloaded_public_dataset
uci_sms_02561,safe,I also thk too fast... Xy suggest one not me. U dun wan it's ok. Going 2 rain leh where got gd.,safe_personal,en,UCI SMS Spam Collection,downloaded_public_dataset
uci_sms_02562,safe,Are you still getting the goods.,safe_personal,en,UCI SMS Spam Collection,downloaded_public_dataset
uci_sms_02563,safe,And maybe some pressies,safe_personal,en,UCI SMS Spam Collection,downloaded_public_dataset
uci_sms_02564,safe,"Yeah I am, so I'll leave maybe 7ish?",safe_personal,en,UCI SMS Spam Collection,downloaded_public_dataset
uci_sms_02567,safe,I told her I had a Dr appt next week. She thinks I'm gonna die. I told her its just a check. Nothing to be worried about. But she didn't listen.,safe_personal,en,UCI SMS Spam Collection,downloaded_public_dataset
uci_sms_02568,safe,You in your room? I need a few,safe_personal,en,UCI SMS Spam Collection,downloaded_public_dataset
uci_sms_02569,safe,I dont want to hear anything,safe_personal,en,UCI SMS Spam Collection,downloaded_public_dataset
uci_sms_02570,safe,Hey. For me there is no leave on friday. Wait i will ask my superior and tell you..,safe_personal,en,UCI SMS Spam Collection,downloaded_public_dataset
uci_sms_02571,safe,Ultimately tor motive tui achieve korli.,safe_personal,en,UCI SMS Spam Collection,downloaded_public_dataset
uci_sms_02572,safe,From 5 to 2 only my work timing.,safe_personal,en,UCI SMS Spam Collection,downloaded_public_dataset
uci_sms_02573,safe,… and don‘t worry we‘ll have finished by march … ish!,safe_personal,en,UCI SMS Spam Collection,downloaded_public_dataset
uci_sms_02574,safe,"The house is on the water with a dock, a boat rolled up with a newscaster who dabbles in jazz flute behind the wheel",safe_personal,en,UCI SMS Spam Collection,downloaded_public_dataset
uci_sms_02575,scam,"Congrats 2 mobile 3G Videophones R yours. call 09063458130 now! videochat wid ur mates, play java games, Dload polypH music, noline rentl. bx420. ip4. 5we. 150p",spam_or_unspecified,en,UCI SMS Spam Collection,downloaded_public_dataset
uci_sms_02576,scam,Your next amazing xxx PICSFREE1 video will be sent to you enjoy! If one vid is not enough for 2day text back the keyword PICSFREE1 to get the next video.,spam_or_unspecified,en,UCI SMS Spam Collection,downloaded_public_dataset
uci_sms_02577,safe,Now thats going to ruin your thesis!,safe_personal,en,UCI SMS Spam Collection,downloaded_public_dataset
uci_sms_02578,safe,In sch but neva mind u eat 1st lor..,safe_personal,en,UCI SMS Spam Collection,downloaded_public_dataset
uci_sms_02579,safe,Hey whats up? U sleeping all morning?,safe_personal,en,UCI SMS Spam Collection,downloaded_public_dataset
uci_sms_02580,safe,Erm. I thought the contract ran out the4th of october.,safe_personal,en,UCI SMS Spam Collection,downloaded_public_dataset
uci_sms_02581,safe,I dunno until when... Lets go learn pilates...,safe_personal,en,UCI SMS Spam Collection,downloaded_public_dataset
uci_sms_02582,scam,U are subscribed to the best Mobile Content Service in the UK for £3 per ten days until you send STOP to 83435. Helpline 08706091795.,spam_or_unspecified,en,UCI SMS Spam Collection,downloaded_public_dataset
uci_sms_02583,safe,Yup i'm elaborating on the safety aspects and some other issues..,safe_personal,en,UCI SMS Spam Collection,downloaded_public_dataset
uci_sms_02584,scam,"3 FREE TAROT TEXTS! Find out about your love life now! TRY 3 FOR FREE! Text CHANCE to 85555 16 only! After 3 Free, Msgs £1.50 each",spam_or_unspecified,en,UCI SMS Spam Collection,downloaded_public_dataset
uci_sms_02585,safe,"Goodmorning, today i am late for 1hr.",safe_personal,en,UCI SMS Spam Collection,downloaded_public_dataset
uci_sms_02586,safe,Hi happy birthday. Hi hi hi hi hi hi hi,safe_personal,en,UCI SMS Spam Collection,downloaded_public_dataset
uci_sms_02587,safe,I will be outside office take all from there,safe_personal,en,UCI SMS Spam Collection,downloaded_public_dataset
uci_sms_02588,safe,If you don't respond imma assume you're still asleep and imma start calling n shit,safe_personal,en,UCI SMS Spam Collection,downloaded_public_dataset
uci_sms_02589,safe,"Aight, see you in a bit",safe_personal,en,UCI SMS Spam Collection,downloaded_public_dataset
uci_sms_02590,safe,My superior telling that friday is leave for all other department except ours:)so it will be leave for you:)any way call waheed fathima hr and conform it:),safe_personal,en,UCI SMS Spam Collection,downloaded_public_dataset
uci_sms_02591,scam,Join the UK's horniest Dogging service and u can have sex 2nite!. Just sign up and follow the instructions. Txt ENTRY to 69888 now! Nyt.EC2A.3LP.msg@150p,spam_or_unspecified,en,UCI SMS Spam Collection,downloaded_public_dataset
uci_sms_02592,safe,Lol I have to take it. member how I said my aunt flow didn't visit for 6 months? It's cause I developed ovarian cysts. Bc is the only way to shrink them.,safe_personal,en,UCI SMS Spam Collection,downloaded_public_dataset
uci_sms_02593,safe,Still work going on:)it is very small house.,safe_personal,en,UCI SMS Spam Collection,downloaded_public_dataset
uci_sms_02594,safe,"My friend just got here and says he's upping his order by a few grams (he's got $ &lt;#&gt; ), when can you get here?",safe_personal,en,UCI SMS Spam Collection,downloaded_public_dataset
uci_sms_02595,safe,Tmr timin still da same wat cos i got lesson until 6...,safe_personal,en,UCI SMS Spam Collection,downloaded_public_dataset
uci_sms_02596,safe,"That‘s the thing with apes, u can fight to the death to keep something, but the minute they have it when u let go, thats it!",safe_personal,en,UCI SMS Spam Collection,downloaded_public_dataset
uci_sms_02598,safe,No i'm not gonna be able to. || too late notice. || i'll be home in a few weeks anyway. || what are the plans,safe_personal,en,UCI SMS Spam Collection,downloaded_public_dataset
uci_sms_02599,safe,"Got fujitsu, ibm, hp, toshiba... Got a lot of model how to say...",safe_personal,en,UCI SMS Spam Collection,downloaded_public_dataset
uci_sms_02600,safe,Okie... Thanx...,safe_personal,en,UCI SMS Spam Collection,downloaded_public_dataset
uci_sms_02601,safe,"Gosh that , what a pain. Spose I better come then.",safe_personal,en,UCI SMS Spam Collection,downloaded_public_dataset
uci_sms_02602,safe,"As usual..iam fine, happy &amp; doing well..:)",safe_personal,en,UCI SMS Spam Collection,downloaded_public_dataset
uci_sms_02603,safe,Okie,safe_personal,en,UCI SMS Spam Collection,downloaded_public_dataset
uci_sms_02604,safe,So when you gonna get rimac access,safe_personal,en,UCI SMS Spam Collection,downloaded_public_dataset
uci_sms_02605,safe,Im at arestaurant eating squid! i will be out about 10:30 wanna dosomething or is that to late?,safe_personal,en,UCI SMS Spam Collection,downloaded_public_dataset
uci_sms_02606,safe,You call times job today ok umma and ask them to speed up,safe_personal,en,UCI SMS Spam Collection,downloaded_public_dataset
uci_sms_02607,safe,HELLO U.CALL WEN U FINISH WRK.I FANCY MEETIN UP WIV U ALL TONITE AS I NEED A BREAK FROM DABOOKS. DID 4 HRS LAST NITE+2 TODAY OF WRK!,safe_personal,en,UCI SMS Spam Collection,downloaded_public_dataset
uci_sms_02608,safe,R U &SAM P IN EACHOTHER. IF WE MEET WE CAN GO 2 MY HOUSE,safe_personal,en,UCI SMS Spam Collection,downloaded_public_dataset
uci_sms_02609,safe,:-) yeah! Lol. Luckily i didn't have a starring role like you!,safe_personal,en,UCI SMS Spam Collection,downloaded_public_dataset
uci_sms_02610,safe,Hello madam how are you ?,safe_personal,en,UCI SMS Spam Collection,downloaded_public_dataset
uci_sms_02611,safe,"Awesome, text me when you're restocked",safe_personal,en,UCI SMS Spam Collection,downloaded_public_dataset
uci_sms_02613,scam,Knock Knock Txt whose there to 80082 to enter r weekly draw 4 a £250 gift voucher 4 a store of yr choice. T&Cs www.tkls.com age16 to stoptxtstop£1.50/week,spam_or_unspecified,en,UCI SMS Spam Collection,downloaded_public_dataset
uci_sms_02614,safe,Yes. It's all innocent fun. O:-),safe_personal,en,UCI SMS Spam Collection,downloaded_public_dataset
uci_sms_02615,safe,Thanks for sending this mental ability question..,safe_personal,en,UCI SMS Spam Collection,downloaded_public_dataset
uci_sms_02616,safe,"Sir, hope your day is going smoothly. i really hoped i wont have to bother you about this. I have some bills that i can't settle this month. I am out of all extra cash. I know this is a challenging time for you also but i have to let you know.",safe_personal,en,UCI SMS Spam Collection,downloaded_public_dataset
uci_sms_02617,safe,2marrow only. Wed at &lt;#&gt; to 2 aha.,safe_personal,en,UCI SMS Spam Collection,downloaded_public_dataset
uci_sms_02618,safe,I went to ur hon lab but no one is there.,safe_personal,en,UCI SMS Spam Collection,downloaded_public_dataset
uci_sms_02620,safe,Hey pple...$700 or $900 for 5 nights...Excellent location wif breakfast hamper!!!,safe_personal,en,UCI SMS Spam Collection,downloaded_public_dataset
uci_sms_02621,scam,<Forwarded from 21870000>Hi - this is your Mailbox Messaging SMS alert. You have 40 matches. Please call back on 09056242159 to retrieve your messages and matches cc100p/min,spam_or_unspecified,en,UCI SMS Spam Collection,downloaded_public_dataset
uci_sms_02622,safe,How come?,safe_personal,en,UCI SMS Spam Collection,downloaded_public_dataset
uci_sms_02623,safe,Lol! Nah wasn't too bad thanks. Its good to b home but its been quite a reality check. Hows ur day been? Did u do anything with website?,safe_personal,en,UCI SMS Spam Collection,downloaded_public_dataset
uci_sms_02624,safe,Ok lor...,safe_personal,en,UCI SMS Spam Collection,downloaded_public_dataset
uci_sms_02625,safe,I'm coming home 4 dinner.,safe_personal,en,UCI SMS Spam Collection,downloaded_public_dataset
uci_sms_02626,safe,S da..al r above &lt;#&gt;,safe_personal,en,UCI SMS Spam Collection,downloaded_public_dataset
uci_sms_02627,scam,"FREE RING TONE just text ""POLYS"" to 87131. Then every week get a new tone. 0870737910216yrs only £1.50/wk.",spam_or_unspecified,en,UCI SMS Spam Collection,downloaded_public_dataset
uci_sms_02628,safe,Unni thank you dear for the recharge..Rakhesh,safe_personal,en,UCI SMS Spam Collection,downloaded_public_dataset
uci_sms_02629,safe,I know I'm lacking on most of this particular dramastorm's details but for the most part I'm not worried about that,safe_personal,en,UCI SMS Spam Collection,downloaded_public_dataset
uci_sms_02630,safe,Haha... They cant what... At the most tmr forfeit... haha so how?,safe_personal,en,UCI SMS Spam Collection,downloaded_public_dataset
uci_sms_02631,safe,"Hey there! Glad u r better now. I hear u treated urself to a digi cam, is it good? We r off at 9pm. Have a fab new year, c u in coupla wks!",safe_personal,en,UCI SMS Spam Collection,downloaded_public_dataset
uci_sms_02632,safe,No way I'm going back there!,safe_personal,en,UCI SMS Spam Collection,downloaded_public_dataset
uci_sms_02633,scam,"URGENT! Your mobile No 077xxx WON a £2,000 Bonus Caller Prize on 02/06/03! This is the 2nd attempt to reach YOU! Call 09066362206 ASAP! BOX97N7QP, 150ppm",spam_or_unspecified,en,UCI SMS Spam Collection,downloaded_public_dataset
uci_sms_02634,safe,I WILL CAL YOU SIR. In meeting,safe_personal,en,UCI SMS Spam Collection,downloaded_public_dataset
uci_sms_02635,safe,"That's what I love to hear :V see you sundayish, then",safe_personal,en,UCI SMS Spam Collection,downloaded_public_dataset
uci_sms_02636,safe,"Sorry da thangam, very very sorry i am held up with prasad.",safe_personal,en,UCI SMS Spam Collection,downloaded_public_dataset
uci_sms_02637,safe,Tiwary to rcb.battle between bang and kochi.,safe_personal,en,UCI SMS Spam Collection,downloaded_public_dataset
uci_sms_02638,safe,Thank god they are in bed!,safe_personal,en,UCI SMS Spam Collection,downloaded_public_dataset
uci_sms_02639,safe,No I don't have cancer. Moms making a big deal out of a regular checkup aka pap smear,safe_personal,en,UCI SMS Spam Collection,downloaded_public_dataset
uci_sms_02640,safe,Am in gobi arts college,safe_personal,en,UCI SMS Spam Collection,downloaded_public_dataset
uci_sms_02641,safe,Why she wants to talk to me,safe_personal,en,UCI SMS Spam Collection,downloaded_public_dataset
uci_sms_02642,safe,Pandy joined 4w technologies today.he got job..,safe_personal,en,UCI SMS Spam Collection,downloaded_public_dataset
uci_sms_02643,scam,"You are guaranteed the latest Nokia Phone, a 40GB iPod MP3 player or a £500 prize! Txt word: COLLECT to No: 83355! IBHltd LdnW15H 150p/Mtmsgrcvd18",spam_or_unspecified,en,UCI SMS Spam Collection,downloaded_public_dataset
uci_sms_02644,safe,"They can try! They can get lost, in fact. Tee hee",safe_personal,en,UCI SMS Spam Collection,downloaded_public_dataset
uci_sms_02646,safe,My friends use to call the same.,safe_personal,en,UCI SMS Spam Collection,downloaded_public_dataset
uci_sms_02648,safe,"Em, its olowoyey@ usc.edu have a great time in argentina. Not sad about secretary, everything is a blessing",safe_personal,en,UCI SMS Spam Collection,downloaded_public_dataset
uci_sms_02649,safe,"It,,s a taxt massage....tie-pos argh ok! Lool!",safe_personal,en,UCI SMS Spam Collection,downloaded_public_dataset
uci_sms_02650,safe,"Hi, can i please get a &lt;#&gt; dollar loan from you. I.ll pay you back by mid february. Pls.",safe_personal,en,UCI SMS Spam Collection,downloaded_public_dataset
uci_sms_02651,safe,"You might want to pull out more just in case and just plan on not spending it if you can, I don't have much confidence in derek and taylor's money management",safe_personal,en,UCI SMS Spam Collection,downloaded_public_dataset
uci_sms_02652,safe,Do you like shaking your booty on the dance floor?,safe_personal,en,UCI SMS Spam Collection,downloaded_public_dataset
uci_sms_02653,safe,"Text me when you get off, don't call, my phones having problems",safe_personal,en,UCI SMS Spam Collection,downloaded_public_dataset
uci_sms_02654,safe,No need for the drug anymore.,safe_personal,en,UCI SMS Spam Collection,downloaded_public_dataset
uci_sms_02655,safe,Sorry da:)i was thought of calling you lot of times:)lil busy.i will call you at noon..,safe_personal,en,UCI SMS Spam Collection,downloaded_public_dataset
uci_sms_02656,safe,Its sarcasm.. .nt scarcasim,safe_personal,en,UCI SMS Spam Collection,downloaded_public_dataset
uci_sms_02657,safe,Great! I have to run now so ttyl!,safe_personal,en,UCI SMS Spam Collection,downloaded_public_dataset
uci_sms_02658,safe,Feel like trying kadeem again? :V,safe_personal,en,UCI SMS Spam Collection,downloaded_public_dataset
uci_sms_02659,safe,Dai &lt;#&gt; naal eruku.,safe_personal,en,UCI SMS Spam Collection,downloaded_public_dataset
uci_sms_02660,safe,Not yet chikku..wat abt u?,safe_personal,en,UCI SMS Spam Collection,downloaded_public_dataset
uci_sms_02662,safe,Want to finally have lunch today?,safe_personal,en,UCI SMS Spam Collection,downloaded_public_dataset
uci_sms_02663,safe,Do you know when dad will be back?,safe_personal,en,UCI SMS Spam Collection,downloaded_public_dataset
uci_sms_02664,scam,"Hello darling how are you today? I would love to have a chat, why dont you tell me what you look like and what you are in to sexy?",spam_or_unspecified,en,UCI SMS Spam Collection,downloaded_public_dataset
uci_sms_02665,scam,8007 FREE for 1st week! No1 Nokia tone 4 ur mob every week just txt NOKIA to 8007 Get txting and tell ur mates www.getzed.co.uk POBox 36504 W4 5WQ norm 150p/tone 16+,spam_or_unspecified,en,UCI SMS Spam Collection,downloaded_public_dataset
uci_sms_02666,safe,He remains a bro amongst bros,safe_personal,en,UCI SMS Spam Collection,downloaded_public_dataset
uci_sms_02667,safe,R u meeting da ge at nite tmr?,safe_personal,en,UCI SMS Spam Collection,downloaded_public_dataset
uci_sms_02668,safe,"* Was a nice day and, impressively, i was sensible, went home early and now feel fine. Or am i just boring?! When's yours, i can't remember.",safe_personal,en,UCI SMS Spam Collection,downloaded_public_dataset
uci_sms_02669,safe,Why de. You looking good only:-)..,safe_personal,en,UCI SMS Spam Collection,downloaded_public_dataset
uci_sms_02670,scam,Wanna get laid 2nite? Want real Dogging locations sent direct to ur mobile? Join the UK's largest Dogging Network. Txt PARK to 69696 now! Nyt. ec2a. 3lp £1.50/msg,spam_or_unspecified,en,UCI SMS Spam Collection,downloaded_public_dataset
uci_sms_02671,scam,we tried to contact you re your response to our offer of a new nokia fone and camcorder hit reply or call 08000930705 for delivery,spam_or_unspecified,en,UCI SMS Spam Collection,downloaded_public_dataset
uci_sms_02672,safe,Yes. They replied my mail. I'm going to the management office later. Plus will in to bank later also.or on wednesday.,safe_personal,en,UCI SMS Spam Collection,downloaded_public_dataset
uci_sms_02673,safe,"That's cool, I'll come by like &lt;#&gt; ish",safe_personal,en,UCI SMS Spam Collection,downloaded_public_dataset
uci_sms_02674,safe,Super msg da:)nalla timing.,safe_personal,en,UCI SMS Spam Collection,downloaded_public_dataset
uci_sms_02675,safe,"Good afternoon, my boytoy ... How are you feeling today ? Better I hope? Are you being my good boy? Are you my obedient, slave? Do you please your Queen?",safe_personal,en,UCI SMS Spam Collection,downloaded_public_dataset
uci_sms_02676,safe,I am 6 ft. We will be a good combination!,safe_personal,en,UCI SMS Spam Collection,downloaded_public_dataset
uci_sms_02677,safe,I'm sick !! I'm needy !! I want you !! *pouts* *stomps feet* Where are you ?! *pouts* *stomps feet* I want my slave !! I want him now !!,safe_personal,en,UCI SMS Spam Collection,downloaded_public_dataset
uci_sms_02678,safe,* Am on a train back from northampton so i'm afraid not!,safe_personal,en,UCI SMS Spam Collection,downloaded_public_dataset
uci_sms_02679,safe,Where in abj are you serving. Are you staying with dad or alone.,safe_personal,en,UCI SMS Spam Collection,downloaded_public_dataset
uci_sms_02680,safe,Was playng 9 doors game and gt racing on phone lol,safe_personal,en,UCI SMS Spam Collection,downloaded_public_dataset
uci_sms_02681,scam,"New Tones This week include: 1)McFly-All Ab.., 2) Sara Jorge-Shock.. 3) Will Smith-Switch.. To order follow instructions on next message",spam_or_unspecified,en,UCI SMS Spam Collection,downloaded_public_dataset
uci_sms_02683,safe,I'm on da bus going home...,safe_personal,en,UCI SMS Spam Collection,downloaded_public_dataset
uci_sms_02684,safe,I got a call from a landline number. . . I am asked to come to anna nagar . . . I will go in the afternoon,safe_personal,en,UCI SMS Spam Collection,downloaded_public_dataset
uci_sms_02685,safe,I'm okay. Chasing the dream. What's good. What are you doing next.,safe_personal,en,UCI SMS Spam Collection,downloaded_public_dataset
uci_sms_02686,safe,Yupz... I've oredi booked slots 4 my weekends liao...,safe_personal,en,UCI SMS Spam Collection,downloaded_public_dataset
uci_sms_02687,scam,URGENT! We are trying to contact U. Todays draw shows that you have won a £800 prize GUARANTEED. Call 09050003091 from land line. Claim C52. Valid 12hrs only,spam_or_unspecified,en,UCI SMS Spam Collection,downloaded_public_dataset
uci_sms_02688,safe,There r many model..sony ericson also der.. &lt;#&gt; ..it luks good bt i forgot modl no,safe_personal,en,UCI SMS Spam Collection,downloaded_public_dataset
uci_sms_02690,safe,Yes I know the cheesy songs from frosty the snowman :),safe_personal,en,UCI SMS Spam Collection,downloaded_public_dataset
uci_sms_02691,safe,"Ya ok, vikky vl c witin &lt;#&gt; mins and il reply u..",safe_personal,en,UCI SMS Spam Collection,downloaded_public_dataset
uci_sms_02692,scam,sports fans - get the latest sports news str* 2 ur mobile 1 wk FREE PLUS a FREE TONE Txt SPORT ON to 8007 www.getzed.co.uk 0870141701216+ norm 4txt/120p,spam_or_unspecified,en,UCI SMS Spam Collection,downloaded_public_dataset
uci_sms_02693,safe,Hey tmr meet at bugis 930 ?,safe_personal,en,UCI SMS Spam Collection,downloaded_public_dataset
uci_sms_02694,scam,"Urgent Urgent! We have 800 FREE flights to Europe to give away, call B4 10th Sept & take a friend 4 FREE. Call now to claim on 09050000555. BA128NNFWFLY150ppm",spam_or_unspecified,en,UCI SMS Spam Collection,downloaded_public_dataset
uci_sms_02695,safe,All these nice new shirts and the only thing I can wear them to is nudist themed ;_; you in mu?,safe_personal,en,UCI SMS Spam Collection,downloaded_public_dataset
uci_sms_02696,safe,Hey sexy buns! What of that day? No word from you this morning on YM ... :-( ... I think of you,safe_personal,en,UCI SMS Spam Collection,downloaded_public_dataset
uci_sms_02697,safe,And whenever you and i see we can still hook up too.,safe_personal,en,UCI SMS Spam Collection,downloaded_public_dataset
uci_sms_02698,safe,Nope but i'm going home now then go pump petrol lor... Like going 2 rain soon...,safe_personal,en,UCI SMS Spam Collection,downloaded_public_dataset
uci_sms_02699,safe,Can you use foreign stamps for whatever you send them off for?,safe_personal,en,UCI SMS Spam Collection,downloaded_public_dataset
uci_sms_02700,scam,FROM 88066 LOST £12 HELP,spam_or_unspecified,en,UCI SMS Spam Collection,downloaded_public_dataset
uci_sms_02701,safe,Oh baby of the house. How come you dont have any new pictures on facebook,safe_personal,en,UCI SMS Spam Collection,downloaded_public_dataset
uci_sms_02702,safe,"Feb &lt;#&gt; is ""I LOVE U"" day. Send dis to all ur ""VALUED FRNDS"" evn me. If 3 comes back u'll gt married d person u luv! If u ignore dis u will lose ur luv 4 Evr",safe_personal,en,UCI SMS Spam Collection,downloaded_public_dataset
uci_sms_02703,safe,"Hiya, sorry didn't hav signal. I haven't seen or heard from and neither has, which is unusual in itself! I'll put on the case and get him to sort it out! Hugs and snogs.",safe_personal,en,UCI SMS Spam Collection,downloaded_public_dataset
uci_sms_02704,safe,"Omw back to tampa from west palm, you hear what happened?",safe_personal,en,UCI SMS Spam Collection,downloaded_public_dataset
uci_sms_02705,safe,Yup no more already... Thanx 4 printing n handing it up.,safe_personal,en,UCI SMS Spam Collection,downloaded_public_dataset
uci_sms_02706,scam,FreeMsg: Fancy a flirt? Reply DATE now & join the UKs fastest growing mobile dating service. Msgs rcvd just 25p to optout txt stop to 83021. Reply DATE now!,spam_or_unspecified,en,UCI SMS Spam Collection,downloaded_public_dataset
uci_sms_02707,safe,What i mean is do they come chase you out when its over or is it stated you can watch as many movies as you want.,safe_personal,en,UCI SMS Spam Collection,downloaded_public_dataset
uci_sms_02708,safe,S now only i took tablets . Reaction morning only.,safe_personal,en,UCI SMS Spam Collection,downloaded_public_dataset
uci_sms_02709,scam,Great NEW Offer - DOUBLE Mins & DOUBLE Txt on best Orange tariffs AND get latest camera phones 4 FREE! Call MobileUpd8 free on 08000839402 NOW! or 2stoptxt T&Cs,spam_or_unspecified,en,UCI SMS Spam Collection,downloaded_public_dataset
uci_sms_02710,safe,"Nah, I'm a perpetual DD",safe_personal,en,UCI SMS Spam Collection,downloaded_public_dataset
uci_sms_02711,safe,Sorry de i went to shop.,safe_personal,en,UCI SMS Spam Collection,downloaded_public_dataset
uci_sms_02712,scam,Hope you enjoyed your new content. text stop to 61610 to unsubscribe. help:08712400602450p Provided by tones2you.co.uk,spam_or_unspecified,en,UCI SMS Spam Collection,downloaded_public_dataset
uci_sms_02714,safe,Hey you still want to go for yogasana? Coz if we end at cine then can go bathe and hav the steam bath,safe_personal,en,UCI SMS Spam Collection,downloaded_public_dataset
uci_sms_02715,safe,Nope i'm not drivin... I neva develop da photos lei...,safe_personal,en,UCI SMS Spam Collection,downloaded_public_dataset
uci_sms_02716,safe,I am thinking of going down to reg for pract lessons.. Flung my advance.. Haha wat time u going?,safe_personal,en,UCI SMS Spam Collection,downloaded_public_dataset
uci_sms_02717,safe,Cool. I am &lt;#&gt; inches long. hope you like them big!,safe_personal,en,UCI SMS Spam Collection,downloaded_public_dataset
uci_sms_02718,safe,"House-Maid is the murderer, coz the man was murdered on &lt;#&gt; th January.. As public holiday all govt.instituitions are closed,including post office..understand?",safe_personal,en,UCI SMS Spam Collection,downloaded_public_dataset
uci_sms_02719,safe,Okie.. Thanx..,safe_personal,en,UCI SMS Spam Collection,downloaded_public_dataset
uci_sms_02721,safe,Go where n buy? Juz buy when we get there lar.,safe_personal,en,UCI SMS Spam Collection,downloaded_public_dataset
uci_sms_02723,safe,I'm working technical support :)voice process.,safe_personal,en,UCI SMS Spam Collection,downloaded_public_dataset
uci_sms_02724,safe,It's justbeen overa week since we broke up and already our brains are going to mush!,safe_personal,en,UCI SMS Spam Collection,downloaded_public_dataset
uci_sms_02725,safe,"Tunde, how are you doing. This is just wishing you a great day. Abiola.",safe_personal,en,UCI SMS Spam Collection,downloaded_public_dataset
uci_sms_02726,safe,Nope... C ü then...,safe_personal,en,UCI SMS Spam Collection,downloaded_public_dataset
uci_sms_02727,safe,No. But we'll do medical missions to nigeria,safe_personal,en,UCI SMS Spam Collection,downloaded_public_dataset
uci_sms_02728,safe,No i am not having not any movies in my laptop,safe_personal,en,UCI SMS Spam Collection,downloaded_public_dataset
uci_sms_02730,scam,Urgent Please call 09066612661 from landline. £5000 cash or a luxury 4* Canary Islands Holiday await collection. T&Cs SAE award. 20M12AQ. 150ppm. 16+ “,spam_or_unspecified,en,UCI SMS Spam Collection,downloaded_public_dataset
uci_sms_02731,scam,"Urgent! Please call 09066612661 from your landline, your complimentary 4* Lux Costa Del Sol holiday or £1000 CASH await collection. ppm 150 SAE T&Cs James 28, EH74RR",spam_or_unspecified,en,UCI SMS Spam Collection,downloaded_public_dataset
uci_sms_02732,safe,I havent lei.. Next mon can?,safe_personal,en,UCI SMS Spam Collection,downloaded_public_dataset
uci_sms_02733,safe,Mm feeling sleepy. today itself i shall get that dear,safe_personal,en,UCI SMS Spam Collection,downloaded_public_dataset
uci_sms_02734,safe,How dare you stupid. I wont tell anything to you. Hear after i wont talk to you:-.,safe_personal,en,UCI SMS Spam Collection,downloaded_public_dataset
uci_sms_02735,safe,Do ü noe if ben is going?,safe_personal,en,UCI SMS Spam Collection,downloaded_public_dataset
uci_sms_02736,safe,Can you do a mag meeting this avo at some point?,safe_personal,en,UCI SMS Spam Collection,downloaded_public_dataset
uci_sms_02737,safe,I meant middle left or right?,safe_personal,en,UCI SMS Spam Collection,downloaded_public_dataset
uci_sms_02738,safe,Really? I crashed out cuddled on my sofa.,safe_personal,en,UCI SMS Spam Collection,downloaded_public_dataset
uci_sms_02739,safe,Hi Chachi tried calling u now unable to reach u .. Pl give me a missed cal once u c tiz msg Kanagu,safe_personal,en,UCI SMS Spam Collection,downloaded_public_dataset
uci_sms_02740,safe,"I sent you the prices and do you mean the &lt;#&gt; g,",safe_personal,en,UCI SMS Spam Collection,downloaded_public_dataset
uci_sms_02742,safe,Nothing. Can...,safe_personal,en,UCI SMS Spam Collection,downloaded_public_dataset
uci_sms_02744,safe,No * am working on the ringing u thing but have whole houseful of screaming brats so * am pulling my hair out! Loving u,safe_personal,en,UCI SMS Spam Collection,downloaded_public_dataset
uci_sms_02745,safe,But my family not responding for anything. Now am in room not went to home for diwali but no one called me and why not coming. It makes me feel like died.,safe_personal,en,UCI SMS Spam Collection,downloaded_public_dataset
uci_sms_02746,safe,"Tick, tick, tick ... Babe",safe_personal,en,UCI SMS Spam Collection,downloaded_public_dataset
uci_sms_02747,safe,R ü going 4 today's meeting?,safe_personal,en,UCI SMS Spam Collection,downloaded_public_dataset
uci_sms_02748,safe,K da:)how many page you want?,safe_personal,en,UCI SMS Spam Collection,downloaded_public_dataset
uci_sms_02749,safe,Ya had just now.onion roast.,safe_personal,en,UCI SMS Spam Collection,downloaded_public_dataset
uci_sms_02750,safe,Send his number and give reply tomorrow morning for why you said that to him like that ok,safe_personal,en,UCI SMS Spam Collection,downloaded_public_dataset
uci_sms_02751,safe,You said not now. No problem. When you can. Let me know.,safe_personal,en,UCI SMS Spam Collection,downloaded_public_dataset
uci_sms_02752,safe,Ok but tell me half an hr b4 u come i need 2 prepare.,safe_personal,en,UCI SMS Spam Collection,downloaded_public_dataset
uci_sms_02753,safe,Play w computer? Aiyah i tok 2 u lor?,safe_personal,en,UCI SMS Spam Collection,downloaded_public_dataset
uci_sms_02754,safe,Sat right? Okay thanks...,safe_personal,en,UCI SMS Spam Collection,downloaded_public_dataset
uci_sms_02755,safe,"Derp. Which is worse, a dude who always wants to party or a dude who files a complaint about the three drug abusers he lives with",safe_personal,en,UCI SMS Spam Collection,downloaded_public_dataset
uci_sms_02756,safe,Ok Chinese food on its way. When I get fat you're paying for my lipo.,safe_personal,en,UCI SMS Spam Collection,downloaded_public_dataset
uci_sms_02757,safe,We r outside already.,safe_personal,en,UCI SMS Spam Collection,downloaded_public_dataset
uci_sms_02758,safe,Have a good trip. Watch out for . Remember when you get back we must decide about easter.,safe_personal,en,UCI SMS Spam Collection,downloaded_public_dataset
uci_sms_02759,safe,Yo we are watching a movie on netflix,safe_personal,en,UCI SMS Spam Collection,downloaded_public_dataset
uci_sms_02760,safe,What time. I‘m out until prob 3 or so,safe_personal,en,UCI SMS Spam Collection,downloaded_public_dataset
uci_sms_02761,safe,"Can meh? Thgt some will clash... Really ah, i dun mind... I dun seen to have lost any weight... Gee...",safe_personal,en,UCI SMS Spam Collection,downloaded_public_dataset
uci_sms_02764,safe,ARR birthday today:) i wish him to get more oscar.,safe_personal,en,UCI SMS Spam Collection,downloaded_public_dataset
uci_sms_02766,safe,"Open rebtel with firefox. When it loads just put plus sign in the user name place, and it will show you two numbers. The lower number is my number. Once you pick that number the pin will display okay!",safe_personal,en,UCI SMS Spam Collection,downloaded_public_dataset
uci_sms_02767,safe,and picking them up from various points,safe_personal,en,UCI SMS Spam Collection,downloaded_public_dataset
uci_sms_02768,scam,Married local women looking for discreet action now! 5 real matches instantly to your phone. Text MATCH to 69969 Msg cost 150p 2 stop txt stop BCMSFWC1N3XX,spam_or_unspecified,en,UCI SMS Spam Collection,downloaded_public_dataset
uci_sms_02769,safe,Wow v v impressed. Have funs shopping!,safe_personal,en,UCI SMS Spam Collection,downloaded_public_dataset
uci_sms_02770,safe,I am on the way to ur home,safe_personal,en,UCI SMS Spam Collection,downloaded_public_dataset
uci_sms_02771,scam,Burger King - Wanna play footy at a top stadium? Get 2 Burger King before 1st Sept and go Large or Super with Coca-Cola and walk out a winner,spam_or_unspecified,en,UCI SMS Spam Collection,downloaded_public_dataset
uci_sms_02772,safe,No problem. Talk to you later,safe_personal,en,UCI SMS Spam Collection,downloaded_public_dataset
uci_sms_02773,safe,Then ur sis how?,safe_personal,en,UCI SMS Spam Collection,downloaded_public_dataset
uci_sms_02774,safe,Still in customer place,safe_personal,en,UCI SMS Spam Collection,downloaded_public_dataset
uci_sms_02775,scam,How come it takes so little time for a child who is afraid of the dark to become a teenager who wants to stay out all night?,spam_or_unspecified,en,UCI SMS Spam Collection,downloaded_public_dataset
uci_sms_02776,safe,"Dude u knw also telugu..thts gud..k, gud nyt..",safe_personal,en,UCI SMS Spam Collection,downloaded_public_dataset
uci_sms_02777,safe,We confirm eating at esplanade?,safe_personal,en,UCI SMS Spam Collection,downloaded_public_dataset
uci_sms_02778,safe,Send me your id and password,safe_personal,en,UCI SMS Spam Collection,downloaded_public_dataset
uci_sms_02779,safe,Kind of. Took it to garage. Centre part of exhaust needs replacing. Part ordered n taking it to be fixed tomo morning.,safe_personal,en,UCI SMS Spam Collection,downloaded_public_dataset
uci_sms_02780,scam,"For ur chance to win a £250 cash every wk TXT: ACTION to 80608. T's&C's www.movietrivia.tv custcare 08712405022, 1x150p/wk.",spam_or_unspecified,en,UCI SMS Spam Collection,downloaded_public_dataset
uci_sms_02781,safe,Well I might not come then...,safe_personal,en,UCI SMS Spam Collection,downloaded_public_dataset
uci_sms_02782,safe,Long after I quit. I get on only like 5 minutes a day as it is.,safe_personal,en,UCI SMS Spam Collection,downloaded_public_dataset
uci_sms_02783,safe,Then its most likely called Mittelschmertz. Google it. If you dont have paracetamol dont worry it will go.,safe_personal,en,UCI SMS Spam Collection,downloaded_public_dataset
uci_sms_02784,safe,Well at this right I'm gonna have to get up and check today's steam sales/pee so text me when you want me to come get you,safe_personal,en,UCI SMS Spam Collection,downloaded_public_dataset
uci_sms_02785,safe,"Just arrived, see you in a couple days &lt;3",safe_personal,en,UCI SMS Spam Collection,downloaded_public_dataset
uci_sms_02786,safe,"K, wat s tht incident?",safe_personal,en,UCI SMS Spam Collection,downloaded_public_dataset
uci_sms_02787,safe,Yeah get the unlimited,safe_personal,en,UCI SMS Spam Collection,downloaded_public_dataset
uci_sms_02788,safe,cThen i thk shd b enuff.. Still got conclusion n contents pg n references.. I'll b doing da contents pg n cover pg..,safe_personal,en,UCI SMS Spam Collection,downloaded_public_dataset
uci_sms_02789,safe,"Forgot it takes me 3 years to shower, sorry. Where you at/your phone dead yet?",safe_personal,en,UCI SMS Spam Collection,downloaded_public_dataset
uci_sms_02790,safe,Ü got wat to buy tell us then ü no need to come in again.,safe_personal,en,UCI SMS Spam Collection,downloaded_public_dataset
uci_sms_02791,safe,When you are big..| God will bring success.,safe_personal,en,UCI SMS Spam Collection,downloaded_public_dataset
uci_sms_02792,scam,U’ve Bin Awarded £50 to Play 4 Instant Cash. Call 08715203028 To Claim. EVERY 9th Player Wins Min £50-£500. OptOut 08718727870,spam_or_unspecified,en,UCI SMS Spam Collection,downloaded_public_dataset
uci_sms_02793,safe,"… we r stayin here an extra week, back next wed. How did we do in the rugby this weekend? Hi to and and , c u soon """,safe_personal,en,UCI SMS Spam Collection,downloaded_public_dataset
uci_sms_02794,safe,Well there's still a bit left if you guys want to tonight,safe_personal,en,UCI SMS Spam Collection,downloaded_public_dataset
uci_sms_02795,safe,Not from this campus. Are you in the library?,safe_personal,en,UCI SMS Spam Collection,downloaded_public_dataset
uci_sms_02796,safe,"The affidavit says &lt;#&gt; E Twiggs St, division g, courtroom &lt;#&gt; , &lt;TIME&gt; AM. I'll double check and text you again tomorrow",safe_personal,en,UCI SMS Spam Collection,downloaded_public_dataset
uci_sms_02797,safe,How will I creep on you now? ;_;,safe_personal,en,UCI SMS Spam Collection,downloaded_public_dataset
uci_sms_02799,safe,If I get there before you after your ten billion calls and texts so help me god,safe_personal,en,UCI SMS Spam Collection,downloaded_public_dataset
uci_sms_02801,safe,I've told him that i've returned it. That should i re order it.,safe_personal,en,UCI SMS Spam Collection,downloaded_public_dataset
uci_sms_02802,safe,"House-Maid is the murderer, coz the man was murdered on &lt;#&gt; th January.. As public holiday all govt.instituitions are closed,including post office..",safe_personal,en,UCI SMS Spam Collection,downloaded_public_dataset
uci_sms_02803,safe,Depends on where u going lor.,safe_personal,en,UCI SMS Spam Collection,downloaded_public_dataset
uci_sms_02804,safe,And smile for me right now as you go and the world will wonder what you are smiling about and think your crazy and keep away from you ... *grins*,safe_personal,en,UCI SMS Spam Collection,downloaded_public_dataset
uci_sms_02805,scam,FreeMsg>FAV XMAS TONES!Reply REAL,spam_or_unspecified,en,UCI SMS Spam Collection,downloaded_public_dataset
uci_sms_02806,safe,Lil fever:) now fine:),safe_personal,en,UCI SMS Spam Collection,downloaded_public_dataset
uci_sms_02807,safe,I think it's all still in my car,safe_personal,en,UCI SMS Spam Collection,downloaded_public_dataset
uci_sms_02808,safe,Can a not?,safe_personal,en,UCI SMS Spam Collection,downloaded_public_dataset
uci_sms_02810,safe,Yes princess! I want to catch you with my big strong hands...,safe_personal,en,UCI SMS Spam Collection,downloaded_public_dataset
uci_sms_02811,safe,Oh yeah I forgot. U can only take 2 out shopping at once.,safe_personal,en,UCI SMS Spam Collection,downloaded_public_dataset
uci_sms_02812,safe,Mm so you asked me not to call radio,safe_personal,en,UCI SMS Spam Collection,downloaded_public_dataset
uci_sms_02813,safe,Thinkin about someone is all good. No drugs for that,safe_personal,en,UCI SMS Spam Collection,downloaded_public_dataset
uci_sms_02815,safe,"Enjoy the showers of possessiveness poured on u by ur loved ones, bcoz in this world of lies, it is a golden gift to be loved truly..",safe_personal,en,UCI SMS Spam Collection,downloaded_public_dataset
uci_sms_02816,safe,"Alright if you're sure, let me know when you're leaving",safe_personal,en,UCI SMS Spam Collection,downloaded_public_dataset
uci_sms_02817,safe,Some are lasting as much as 2 hours. You might get lucky.,safe_personal,en,UCI SMS Spam Collection,downloaded_public_dataset
uci_sms_02818,safe,Genius what's up. How your brother. Pls send his number to my skype.,safe_personal,en,UCI SMS Spam Collection,downloaded_public_dataset
uci_sms_02819,scam,"Gr8 Poly tones 4 ALL mobs direct 2u rply with POLY TITLE to 8007 eg POLY BREATHE1 Titles: CRAZYIN, SLEEPINGWITH, FINEST, YMCA :getzed.co.uk POBox365O4W45WQ 300p",spam_or_unspecified,en,UCI SMS Spam Collection,downloaded_public_dataset
uci_sms_02820,safe,Thk some of em find wtc too far... Weiyi not goin... E rest i dunno yet... R ur goin 4 dinner den i might b able to join...,safe_personal,en,UCI SMS Spam Collection,downloaded_public_dataset
uci_sms_02821,safe,Don't forget who owns you and who's private property you are ... And be my good boy always .. *passionate kiss*,safe_personal,en,UCI SMS Spam Collection,downloaded_public_dataset
uci_sms_02822,scam,INTERFLORA - It's not too late to order Interflora flowers for christmas call 0800 505060 to place your order before Midnight tomorrow.,spam_or_unspecified,en,UCI SMS Spam Collection,downloaded_public_dataset
uci_sms_02823,safe,Oh god..taken the teeth?is it paining,safe_personal,en,UCI SMS Spam Collection,downloaded_public_dataset
uci_sms_02824,scam,ROMCAPspam Everyone around should be responding well to your presence since you are so warm and outgoing. You are bringing in a real breath of sunshine.,spam_or_unspecified,en,UCI SMS Spam Collection,downloaded_public_dataset
uci_sms_02825,safe,Then u ask darren go n pick u lor... But i oso sian tmr haf 2 meet lect...,safe_personal,en,UCI SMS Spam Collection,downloaded_public_dataset
uci_sms_02826,safe,No need to buy lunch for me.. I eat maggi mee..,safe_personal,en,UCI SMS Spam Collection,downloaded_public_dataset
uci_sms_02827,scam,"Congratulations - Thanks to a good friend U have WON the £2,000 Xmas prize. 2 claim is easy, just call 08712103738 NOW! Only 10p per minute. BT-national-rate",spam_or_unspecified,en,UCI SMS Spam Collection,downloaded_public_dataset
uci_sms_02829,safe,"Oh right, ok. I'll make sure that i do loads of work during the day! got a really nasty cough today and is dry n shot so that should really help it!",safe_personal,en,UCI SMS Spam Collection,downloaded_public_dataset
uci_sms_02831,scam,Send a logo 2 ur lover - 2 names joined by a heart. Txt LOVE NAME1 NAME2 MOBNO eg LOVE ADAM EVE 07123456789 to 87077 Yahoo! POBox36504W45WQ TxtNO 4 no ads 150p.,spam_or_unspecified,en,UCI SMS Spam Collection,downloaded_public_dataset
uci_sms_02833,safe,Thanx 4 sending me home...,safe_personal,en,UCI SMS Spam Collection,downloaded_public_dataset
uci_sms_02834,safe,Its normally hot mail. Com you see!,safe_personal,en,UCI SMS Spam Collection,downloaded_public_dataset
uci_sms_02835,scam,"You've won tkts to the EURO2004 CUP FINAL or £800 CASH, to collect CALL 09058099801 b4190604, POBOX 7876150ppm",spam_or_unspecified,en,UCI SMS Spam Collection,downloaded_public_dataset
uci_sms_02836,safe,U sick still can go shopping?,safe_personal,en,UCI SMS Spam Collection,downloaded_public_dataset
uci_sms_02837,safe,"Ya they are well and fine., BBD(pooja) full pimples..even she become quite black..and ur rite here its too cold, wearing sweatter..",safe_personal,en,UCI SMS Spam Collection,downloaded_public_dataset
uci_sms_02838,safe,Nice.nice.how is it working?,safe_personal,en,UCI SMS Spam Collection,downloaded_public_dataset
uci_sms_02839,safe,1's reach home call me.,safe_personal,en,UCI SMS Spam Collection,downloaded_public_dataset
uci_sms_02840,safe,Were trying to find a Chinese food place around here,safe_personal,en,UCI SMS Spam Collection,downloaded_public_dataset
uci_sms_02841,safe,"Easy mate, * guess the quick drink was bit ambitious.",safe_personal,en,UCI SMS Spam Collection,downloaded_public_dataset
uci_sms_02842,safe,BABE !!! I miiiiiiissssssssss you ! I need you !!! I crave you !!! :-( ... Geeee ... I'm so sad without you babe ... I love you ...,safe_personal,en,UCI SMS Spam Collection,downloaded_public_dataset
uci_sms_02843,safe,Ok thanx...,safe_personal,en,UCI SMS Spam Collection,downloaded_public_dataset
uci_sms_02845,safe,"Tunji, how's the queen? how are you doing. This is just wishing you a great day. Abiola.",safe_personal,en,UCI SMS Spam Collection,downloaded_public_dataset
uci_sms_02846,safe,Today iZ Yellow rose day. If u love my frndship give me 1 misscall &amp; send this to ur frndZ &amp; See how many miss calls u get. If u get 6missed U marry ur Lover.,safe_personal,en,UCI SMS Spam Collection,downloaded_public_dataset
uci_sms_02847,safe,Will be out of class in a few hours. Sorry,safe_personal,en,UCI SMS Spam Collection,downloaded_public_dataset
uci_sms_02848,safe,Wat time u finish ur lect today?,safe_personal,en,UCI SMS Spam Collection,downloaded_public_dataset
uci_sms_02849,scam,"Free-message: Jamster!Get the crazy frog sound now! For poly text MAD1, for real text MAD2 to 88888. 6 crazy sounds for just 3 GBP/week! 16+only! T&C's apply",spam_or_unspecified,en,UCI SMS Spam Collection,downloaded_public_dataset
uci_sms_02851,scam,"YOUR CHANCE TO BE ON A REALITY FANTASY SHOW call now = 08707509020 Just 20p per min NTT Ltd, PO Box 1327 Croydon CR9 5WB 0870 is a national = rate call",spam_or_unspecified,en,UCI SMS Spam Collection,downloaded_public_dataset
uci_sms_02852,safe,She's fine. Good to hear from you. How are you my dear? Happy new year oh.,safe_personal,en,UCI SMS Spam Collection,downloaded_public_dataset
uci_sms_02853,safe,Are you going to wipro interview today?,safe_personal,en,UCI SMS Spam Collection,downloaded_public_dataset
uci_sms_02854,safe,how tall are you princess?,safe_personal,en,UCI SMS Spam Collection,downloaded_public_dataset
uci_sms_02855,safe,I doubt you could handle 5 times per night in any case...,safe_personal,en,UCI SMS Spam Collection,downloaded_public_dataset
uci_sms_02856,safe,Haha... Hope ü can hear the receipt sound... Gd luck!,safe_personal,en,UCI SMS Spam Collection,downloaded_public_dataset
uci_sms_02857,safe,Your gonna be the death if me. I'm gonna leave a note that says its all robs fault. Avenge me.,safe_personal,en,UCI SMS Spam Collection,downloaded_public_dataset
uci_sms_02858,safe,"Japanese Proverb: If one Can do it, U too Can do it, If none Can do it,U must do it Indian version: If one Can do it, LET HIM DO it.. If none Can do it,LEAVE it!! And finally Kerala version: If one can do it, Stop him doing it.. If none can do it, Make a strike against it ...",safe_personal,en,UCI SMS Spam Collection,downloaded_public_dataset
uci_sms_02859,safe,Today i'm not workin but not free oso... Gee... Thgt u workin at ur fren's shop ?,safe_personal,en,UCI SMS Spam Collection,downloaded_public_dataset
uci_sms_02860,safe,In life when you face choices Just toss a coin not becoz its settle the question But while the coin in the air U will know what your heart is hoping for. Gudni8,safe_personal,en,UCI SMS Spam Collection,downloaded_public_dataset
uci_sms_02862,safe,I want to be there so i can kiss you and feel you next to me,safe_personal,en,UCI SMS Spam Collection,downloaded_public_dataset
uci_sms_02863,safe,I am not at all happy with what you saying or doing,safe_personal,en,UCI SMS Spam Collection,downloaded_public_dataset
uci_sms_02864,scam,Adult 18 Content Your video will be with you shortly,spam_or_unspecified,en,UCI SMS Spam Collection,downloaded_public_dataset
uci_sms_02865,safe,"Ok that would b lovely, if u r sure. Think about wot u want to do, drinkin, dancin, eatin, cinema, in, out, about... Up to u! Wot about ?",safe_personal,en,UCI SMS Spam Collection,downloaded_public_dataset
uci_sms_02866,safe,What I'm saying is if you haven't explicitly told nora I know someone I'm probably just not gonna bother,safe_personal,en,UCI SMS Spam Collection,downloaded_public_dataset
uci_sms_02868,safe,Smith waste da.i wanna gayle.,safe_personal,en,UCI SMS Spam Collection,downloaded_public_dataset
uci_sms_02869,safe,"Mum, i've sent you many many messages since i got here. I just want to know that you are actually getting them. Do enjoy the rest of your day.",safe_personal,en,UCI SMS Spam Collection,downloaded_public_dataset
uci_sms_02870,safe,"Aight, tomorrow around &lt;#&gt; it is",safe_personal,en,UCI SMS Spam Collection,downloaded_public_dataset
uci_sms_02872,scam,"YOUR CHANCE TO BE ON A REALITY FANTASY SHOW call now = 08707509020 Just 20p per min NTT Ltd, PO Box 1327 Croydon CR9 5WB 0870 is a national = rate call.",spam_or_unspecified,en,UCI SMS Spam Collection,downloaded_public_dataset
uci_sms_02873,safe,I actually did for the first time in a while. I went to bed not too long after i spoke with you. Woke up at 7. How was your night?,safe_personal,en,UCI SMS Spam Collection,downloaded_public_dataset
uci_sms_02874,safe,See you there!,safe_personal,en,UCI SMS Spam Collection,downloaded_public_dataset
uci_sms_02875,safe,I dont understand your message.,safe_personal,en,UCI SMS Spam Collection,downloaded_public_dataset
uci_sms_02876,safe,Crucify is c not s. You should have told me earlier.,safe_personal,en,UCI SMS Spam Collection,downloaded_public_dataset
uci_sms_02877,safe,"Idk. You keep saying that you're not, but since he moved, we keep butting heads over freedom vs. responsibility. And i'm tired. I have so much other shit to deal with that i'm barely keeping myself together once this gets added to it.",safe_personal,en,UCI SMS Spam Collection,downloaded_public_dataset
uci_sms_02878,safe,Fuck cedar key and fuck her (come over anyway tho),safe_personal,en,UCI SMS Spam Collection,downloaded_public_dataset
uci_sms_02879,safe,twenty past five he said will this train have been to durham already or not coz i am in a reserved seat,safe_personal,en,UCI SMS Spam Collection,downloaded_public_dataset
uci_sms_02880,scam,"Hey Boys. Want hot XXX pics sent direct 2 ur phone? Txt PORN to 69855, 24Hrs free and then just 50p per day. To stop text STOPBCM SF WC1N3XX",spam_or_unspecified,en,UCI SMS Spam Collection,downloaded_public_dataset
uci_sms_02881,safe,U still painting ur wall?,safe_personal,en,UCI SMS Spam Collection,downloaded_public_dataset
uci_sms_02883,safe,Printer is cool. I mean groovy. Wine is groovying,safe_personal,en,UCI SMS Spam Collection,downloaded_public_dataset
uci_sms_02884,safe,Hi Harish's rent has been transfred to ur Acnt.,safe_personal,en,UCI SMS Spam Collection,downloaded_public_dataset
uci_sms_02885,safe,Anything lor is she coming?,safe_personal,en,UCI SMS Spam Collection,downloaded_public_dataset
uci_sms_02886,safe,Cbe is really good nowadays:)lot of shop and showrooms:)city is shaping good.,safe_personal,en,UCI SMS Spam Collection,downloaded_public_dataset
uci_sms_02887,safe,Ü still attending da talks?,safe_personal,en,UCI SMS Spam Collection,downloaded_public_dataset
uci_sms_02888,safe,No probs hon! How u doinat the mo?,safe_personal,en,UCI SMS Spam Collection,downloaded_public_dataset
uci_sms_02889,safe,K I'll take care of it,safe_personal,en,UCI SMS Spam Collection,downloaded_public_dataset
uci_sms_02890,safe,I take it we didn't have the phone callon Friday. Can we assume we won't have it this year now?,safe_personal,en,UCI SMS Spam Collection,downloaded_public_dataset
uci_sms_02891,safe,My battery is low babe,safe_personal,en,UCI SMS Spam Collection,downloaded_public_dataset
uci_sms_02892,safe,Shuhui has bought ron's present it's a swatch watch...,safe_personal,en,UCI SMS Spam Collection,downloaded_public_dataset
uci_sms_02893,safe,"Yeah there's quite a bit left, I'll swing by tomorrow when I get up",safe_personal,en,UCI SMS Spam Collection,downloaded_public_dataset
uci_sms_02894,safe,Babe? You said 2 hours and it's been almost 4 ... Is your internet down ?,safe_personal,en,UCI SMS Spam Collection,downloaded_public_dataset
uci_sms_02895,safe,K I'll be sure to get up before noon and see what's what,safe_personal,en,UCI SMS Spam Collection,downloaded_public_dataset
uci_sms_02896,safe,K...k...yesterday i was in cbe .,safe_personal,en,UCI SMS Spam Collection,downloaded_public_dataset
uci_sms_02897,safe,Went to ganesh dress shop,safe_personal,en,UCI SMS Spam Collection,downloaded_public_dataset
uci_sms_02898,scam,"pdate_Now - Double mins and 1000 txts on Orange tariffs. Latest Motorola, SonyEricsson & Nokia & Bluetooth FREE! Call MobileUpd8 on 08000839402 or call2optout/!YHL",spam_or_unspecified,en,UCI SMS Spam Collection,downloaded_public_dataset
uci_sms_02899,safe,Ü collecting ur laptop then going to configure da settings izzit?,safe_personal,en,UCI SMS Spam Collection,downloaded_public_dataset
uci_sms_02901,safe,"Aight, I should be there by 8 at the latest, probably closer to 7. Are jay and tyler down or should we just do two trips?",safe_personal,en,UCI SMS Spam Collection,downloaded_public_dataset
uci_sms_02902,safe,Come aftr &lt;DECIMAL&gt; ..now i m cleaning the house,safe_personal,en,UCI SMS Spam Collection,downloaded_public_dataset
uci_sms_02903,scam,Ur cash-balance is currently 500 pounds - to maximize ur cash-in now send CASH to 86688 only 150p/msg. CC: 08718720201 PO BOX 114/14 TCR/W1,spam_or_unspecified,en,UCI SMS Spam Collection,downloaded_public_dataset
uci_sms_02904,safe,"Bill, as in: Are there any letters for me. i’m expecting one from orange that isn’t a bill but may still say orange on it.",safe_personal,en,UCI SMS Spam Collection,downloaded_public_dataset
uci_sms_02905,safe,Tell me pa. How is pain de.,safe_personal,en,UCI SMS Spam Collection,downloaded_public_dataset
uci_sms_02906,safe,HI DARLIN I HOPE YOU HAD A NICE NIGHT I WISH I HAD COME CANT WAIT TO SEE YOU LOVE FRAN PS I WANT DIRTY ANAL SEX AND I WANT A 10 MAN GANG BANG,safe_personal,en,UCI SMS Spam Collection,downloaded_public_dataset
uci_sms_02907,safe,"Ha. You don‘t know either. I did a a clever but simple thing with pears the other day, perfect for christmas.",safe_personal,en,UCI SMS Spam Collection,downloaded_public_dataset
uci_sms_02908,safe,"Helloooo... Wake up..! ""Sweet"" ""morning"" ""welcomes"" ""You"" ""Enjoy"" ""This Day"" ""with full of joy"".. ""GUD MRNG"".",safe_personal,en,UCI SMS Spam Collection,downloaded_public_dataset
uci_sms_02909,safe,ALRITE,safe_personal,en,UCI SMS Spam Collection,downloaded_public_dataset
uci_sms_02910,safe,Why must we sit around and wait for summer days to celebrate. Such a magical sight when the worlds dressed in white. Oooooh let there be snow.,safe_personal,en,UCI SMS Spam Collection,downloaded_public_dataset
uci_sms_02911,scam,URGENT! Your Mobile number has been awarded with a £2000 prize GUARANTEED. Call 09058094454 from land line. Claim 3030. Valid 12hrs only,spam_or_unspecified,en,UCI SMS Spam Collection,downloaded_public_dataset
uci_sms_02912,safe,How do you guys go to see movies on your side.,safe_personal,en,UCI SMS Spam Collection,downloaded_public_dataset
uci_sms_02914,safe,You didn't have to tell me that...now i'm thinking. Plus he's going to stop all your runs,safe_personal,en,UCI SMS Spam Collection,downloaded_public_dataset
uci_sms_02915,safe,Kindly send some one to our flat before &lt;DECIMAL&gt; today.,safe_personal,en,UCI SMS Spam Collection,downloaded_public_dataset
uci_sms_02916,scam,Sorry! U can not unsubscribe yet. THE MOB offer package has a min term of 54 weeks> pls resubmit request after expiry. Reply THEMOB HELP 4 more info,spam_or_unspecified,en,UCI SMS Spam Collection,downloaded_public_dataset
uci_sms_02917,safe,Nothing lor... A bit bored too... Then y dun u go home early 2 sleep today...,safe_personal,en,UCI SMS Spam Collection,downloaded_public_dataset
uci_sms_02918,safe,What time should I tell my friend to be around?,safe_personal,en,UCI SMS Spam Collection,downloaded_public_dataset
uci_sms_02919,safe,Yes. that will be fine. Love you. Be safe.,safe_personal,en,UCI SMS Spam Collection,downloaded_public_dataset
uci_sms_02920,safe,Thanks chikku..:-) gud nyt:-*,safe_personal,en,UCI SMS Spam Collection,downloaded_public_dataset
uci_sms_02921,safe,Is xy in ur car when u picking me up?,safe_personal,en,UCI SMS Spam Collection,downloaded_public_dataset
uci_sms_02922,safe,"Thanx 4 the time weve spent 2geva, its bin mint! Ur my Baby and all I want is u!xxxx",safe_personal,en,UCI SMS Spam Collection,downloaded_public_dataset
uci_sms_02923,safe,"Yo, any way we could pick something up tonight?",safe_personal,en,UCI SMS Spam Collection,downloaded_public_dataset
uci_sms_02924,safe,I've not sent it. He can send me.,safe_personal,en,UCI SMS Spam Collection,downloaded_public_dataset
uci_sms_02925,safe,Fine am simply sitting.,safe_personal,en,UCI SMS Spam Collection,downloaded_public_dataset
uci_sms_02926,safe,Thts god's gift for birds as humans hav some natural gift frm god..,safe_personal,en,UCI SMS Spam Collection,downloaded_public_dataset
uci_sms_02927,safe,Are you coming to day for class.,safe_personal,en,UCI SMS Spam Collection,downloaded_public_dataset
uci_sms_02928,safe,Im done. Just studyn in library,safe_personal,en,UCI SMS Spam Collection,downloaded_public_dataset
uci_sms_02929,safe,Ok... U enjoy ur shows...,safe_personal,en,UCI SMS Spam Collection,downloaded_public_dataset
uci_sms_02930,safe,Anything...,safe_personal,en,UCI SMS Spam Collection,downloaded_public_dataset
uci_sms_02931,safe,Where wuld I be without my baby? The thought alone mite break me and I dont wanna go crazy but everyboy needs his lady xxxxxxxx,safe_personal,en,UCI SMS Spam Collection,downloaded_public_dataset
uci_sms_02932,safe,Wat's my dear doing? Sleeping ah?,safe_personal,en,UCI SMS Spam Collection,downloaded_public_dataset
uci_sms_02933,safe,Hi' Test on &lt;#&gt; rd ....,safe_personal,en,UCI SMS Spam Collection,downloaded_public_dataset
uci_sms_02934,safe,Only 2% students solved this CAT question in 'xam... 5+3+2= &lt;#&gt; 9+2+4= &lt;#&gt; 8+6+3= &lt;#&gt; then 7+2+5=????? Tell me the answer if u r brilliant...1thing.i got d answr.,safe_personal,en,UCI SMS Spam Collection,downloaded_public_dataset
uci_sms_02935,safe,Yo do you know anyone &lt;#&gt; or otherwise able to buy liquor? Our guy flaked and right now if we don't get a hold of somebody its just 4 loko all night,safe_personal,en,UCI SMS Spam Collection,downloaded_public_dataset
uci_sms_02936,safe,Yup n her fren lor. I'm meeting my fren at 730.,safe_personal,en,UCI SMS Spam Collection,downloaded_public_dataset
uci_sms_02937,safe,"Yeah, we got one lined up for us",safe_personal,en,UCI SMS Spam Collection,downloaded_public_dataset
uci_sms_02938,safe,"And stop wondering ""wow is she ever going to stop tm'ing me ?!"" because I will tm you whenever I want because you are MINE ... *laughs*",safe_personal,en,UCI SMS Spam Collection,downloaded_public_dataset
uci_sms_02939,safe,Lol yep did that yesterday. Already got my fireplace. Now its just another icon sitting there for me.,safe_personal,en,UCI SMS Spam Collection,downloaded_public_dataset
uci_sms_02940,safe,Hey i've booked the pilates and yoga lesson already... Haha,safe_personal,en,UCI SMS Spam Collection,downloaded_public_dataset
uci_sms_02941,safe,Are you ok. What happen to behave like this,safe_personal,en,UCI SMS Spam Collection,downloaded_public_dataset
uci_sms_02942,scam,You have 1 new message. Please call 08712400200.,spam_or_unspecified,en,UCI SMS Spam Collection,downloaded_public_dataset
uci_sms_02943,safe,My supervisor find 4 me one lor i thk his students. I havent ask her yet. Tell u aft i ask her.,safe_personal,en,UCI SMS Spam Collection,downloaded_public_dataset
uci_sms_02944,safe,"Hello. No news on job, they are making me wait a fifth week! Yeah im up for some woozles and weasels... In exeter still, but be home about 3.",safe_personal,en,UCI SMS Spam Collection,downloaded_public_dataset
uci_sms_02946,scam,We currently have a message awaiting your collection. To collect your message just call 08718723815.,spam_or_unspecified,en,UCI SMS Spam Collection,downloaded_public_dataset
uci_sms_02947,safe,"Hey babe, sorry i didn't get sooner. Gary can come and fix it cause he thinks he knows what it is but he doesn't go as far a Ptbo and he says it will cost &lt;#&gt; bucks. I don't know if it might be cheaper to find someone there ? We don't have any second hand machines at all right now, let me know what you want to do babe",safe_personal,en,UCI SMS Spam Collection,downloaded_public_dataset
uci_sms_02948,safe,make that 3! 4 fucks sake?! x,safe_personal,en,UCI SMS Spam Collection,downloaded_public_dataset
uci_sms_02949,safe,Leave it. U will always be ignorant.,safe_personal,en,UCI SMS Spam Collection,downloaded_public_dataset
uci_sms_02950,safe,Nope but i'll b going 2 sch on fri quite early lor cos mys sis got paper in da morn :-),safe_personal,en,UCI SMS Spam Collection,downloaded_public_dataset
uci_sms_02951,safe,at bruce b downs &amp; fletcher now,safe_personal,en,UCI SMS Spam Collection,downloaded_public_dataset
uci_sms_02952,safe,Where are you ? You said you would be here when I woke ... :-(,safe_personal,en,UCI SMS Spam Collection,downloaded_public_dataset
uci_sms_02953,safe,Hey now am free you can call me.,safe_personal,en,UCI SMS Spam Collection,downloaded_public_dataset
uci_sms_02954,safe,Tell me whos this pls:-),safe_personal,en,UCI SMS Spam Collection,downloaded_public_dataset
uci_sms_02955,scam,"URGENT! Your mobile was awarded a £1,500 Bonus Caller Prize on 27/6/03. Our final attempt 2 contact U! Call 08714714011",spam_or_unspecified,en,UCI SMS Spam Collection,downloaded_public_dataset
uci_sms_02956,safe,"Think i might have to give it a miss. Am teaching til twelve, then have lecture at two. Damn this working thing.",safe_personal,en,UCI SMS Spam Collection,downloaded_public_dataset
uci_sms_02957,safe,Id have to check but there's only like 1 bowls worth left,safe_personal,en,UCI SMS Spam Collection,downloaded_public_dataset
uci_sms_02958,safe,Yes there were many sweets,safe_personal,en,UCI SMS Spam Collection,downloaded_public_dataset
uci_sms_02959,safe,I would but I'm still cozy. And exhausted from last night.nobody went to school or work. Everything is closed.,safe_personal,en,UCI SMS Spam Collection,downloaded_public_dataset
uci_sms_02961,safe,Buzzzz! *grins* Did I buzz your ass? Buzz your chest ? Buzz your cock ? Where do you keep your phone ? Is the vibrator on ? Did you feel it shake ?,safe_personal,en,UCI SMS Spam Collection,downloaded_public_dataset
uci_sms_02962,safe,Sir send to group mail check it.,safe_personal,en,UCI SMS Spam Collection,downloaded_public_dataset
uci_sms_02963,safe,I'm doing da intro covers energy trends n pros n cons... Brief description of nuclear fusion n oso brief history of iter n jet got abt 7 n half pages..,safe_personal,en,UCI SMS Spam Collection,downloaded_public_dataset
uci_sms_02964,safe,NONE!NOWHERE IKNO DOESDISCOUNT!SHITINNIT,safe_personal,en,UCI SMS Spam Collection,downloaded_public_dataset
uci_sms_02965,safe,You dont know you jabo me abi.,safe_personal,en,UCI SMS Spam Collection,downloaded_public_dataset
uci_sms_02966,scam,"Do you ever notice that when you're driving, anyone going slower than you is an idiot and everyone driving faster than you is a maniac?",spam_or_unspecified,en,UCI SMS Spam Collection,downloaded_public_dataset
uci_sms_02967,safe,Not yet had..ya sapna aunty manege y'day hogidhe..chinnu full weak and swalpa black agidhane..,safe_personal,en,UCI SMS Spam Collection,downloaded_public_dataset
uci_sms_02968,safe,"Are you being good, baby? :)",safe_personal,en,UCI SMS Spam Collection,downloaded_public_dataset
uci_sms_02970,safe,"Mostly sports type..lyk footbl,crckt..",safe_personal,en,UCI SMS Spam Collection,downloaded_public_dataset
uci_sms_02971,safe,Ma head dey swell oh. Thanks for making my day,safe_personal,en,UCI SMS Spam Collection,downloaded_public_dataset
uci_sms_02972,safe,U should make a fb list,safe_personal,en,UCI SMS Spam Collection,downloaded_public_dataset
uci_sms_02974,safe,Sary just need Tim in the bollox &it hurt him a lot so he tol me!,safe_personal,en,UCI SMS Spam Collection,downloaded_public_dataset
uci_sms_02975,safe,Happy New Year Princess!,safe_personal,en,UCI SMS Spam Collection,downloaded_public_dataset
uci_sms_02976,safe,"I'll text carlos and let you know, hang on",safe_personal,en,UCI SMS Spam Collection,downloaded_public_dataset
uci_sms_02977,safe,"Don't worry, * is easy once have ingredients!",safe_personal,en,UCI SMS Spam Collection,downloaded_public_dataset
uci_sms_02978,safe,I love u 2 my little pocy bell I am sorry but I love u,safe_personal,en,UCI SMS Spam Collection,downloaded_public_dataset
uci_sms_02979,safe,"Ok omw now, you at castor?",safe_personal,en,UCI SMS Spam Collection,downloaded_public_dataset
uci_sms_02980,safe,Yar lor... Keep raining non stop... Or u wan 2 go elsewhere?,safe_personal,en,UCI SMS Spam Collection,downloaded_public_dataset
uci_sms_02981,scam,"Xmas Offer! Latest Motorola, SonyEricsson & Nokia & FREE Bluetooth or DVD! Double Mins & 1000 Txt on Orange. Call MobileUpd8 on 08000839402 or call2optout/4QF2",spam_or_unspecified,en,UCI SMS Spam Collection,downloaded_public_dataset
uci_sms_02982,safe,What u mean u almost done? Done wif sleeping? But i tot u going to take a nap.. Yup i send her liao so i'm picking her up at ard 4 smth lor..,safe_personal,en,UCI SMS Spam Collection,downloaded_public_dataset
uci_sms_02984,safe,"Tonight? Yeah, I'd be down for that",safe_personal,en,UCI SMS Spam Collection,downloaded_public_dataset
uci_sms_02985,safe,What should i eat fo lunch senor,safe_personal,en,UCI SMS Spam Collection,downloaded_public_dataset
uci_sms_02986,safe,"He said that he had a right giggle when he saw u again! You would possibly be the first person2die from NVQ, but think how much you could for!",safe_personal,en,UCI SMS Spam Collection,downloaded_public_dataset
uci_sms_02987,safe,No break time one... How... I come out n get my stuff fr ü?,safe_personal,en,UCI SMS Spam Collection,downloaded_public_dataset
uci_sms_02988,scam,Reply to win £100 weekly! What professional sport does Tiger Woods play? Send STOP to 87239 to end service,spam_or_unspecified,en,UCI SMS Spam Collection,downloaded_public_dataset
uci_sms_02989,safe,"I'm there and I can see you, but you can't see me ? Maybe you should reboot ym ? I seen the buzz",safe_personal,en,UCI SMS Spam Collection,downloaded_public_dataset
uci_sms_02990,safe,Do you still have the grinder?,safe_personal,en,UCI SMS Spam Collection,downloaded_public_dataset
uci_sms_02991,scam,No 1 POLYPHONIC tone 4 ur mob every week! Just txt PT2 to 87575. 1st Tone FREE ! so get txtin now and tell ur friends. 150p/tone. 16 reply HL 4info,spam_or_unspecified,en,UCI SMS Spam Collection,downloaded_public_dataset
uci_sms_02994,safe,K.i did't see you.:)k:)where are you now?,safe_personal,en,UCI SMS Spam Collection,downloaded_public_dataset
uci_sms_02995,safe,So i'm doing a list of buyers.,safe_personal,en,UCI SMS Spam Collection,downloaded_public_dataset
uci_sms_02996,safe,"No idea, I guess we'll work that out an hour after we're supposed to leave since as usual nobody has any interest in figuring shit out before the last second",safe_personal,en,UCI SMS Spam Collection,downloaded_public_dataset
uci_sms_02997,safe,Mm not entirely sure i understood that text but hey. Ho. Which weekend?,safe_personal,en,UCI SMS Spam Collection,downloaded_public_dataset
uci_sms_02998,safe,They released vday shirts and when u put it on it makes your bottom half naked instead of those white underwear.,safe_personal,en,UCI SMS Spam Collection,downloaded_public_dataset
uci_sms_02999,safe,Don know..he is watching film in computer..,safe_personal,en,UCI SMS Spam Collection,downloaded_public_dataset
uci_sms_03000,safe,No b4 Thursday,safe_personal,en,UCI SMS Spam Collection,downloaded_public_dataset
uci_sms_03001,safe,"Oh, then your phone phoned me but it disconnected",safe_personal,en,UCI SMS Spam Collection,downloaded_public_dataset
uci_sms_03002,safe,Id onluy matters when getting on from offcampus,safe_personal,en,UCI SMS Spam Collection,downloaded_public_dataset
uci_sms_03003,scam,This message is free. Welcome to the new & improved Sex & Dogging club! To unsubscribe from this service reply STOP. msgs@150p 18+only,spam_or_unspecified,en,UCI SMS Spam Collection,downloaded_public_dataset
uci_sms_03004,safe,"Excellent, I'll see what riley's plans are",safe_personal,en,UCI SMS Spam Collection,downloaded_public_dataset
uci_sms_03007,safe,Ew are you one of them?,safe_personal,en,UCI SMS Spam Collection,downloaded_public_dataset
uci_sms_03008,safe,Also hi wesley how've you been,safe_personal,en,UCI SMS Spam Collection,downloaded_public_dataset
uci_sms_03009,safe,Ah you see. You have to be in the lingo. I will let you know wot on earth it is when has finished making it!,safe_personal,en,UCI SMS Spam Collection,downloaded_public_dataset
uci_sms_03011,scam,Update_Now - 12Mths Half Price Orange line rental: 400mins...Call MobileUpd8 on 08000839402 or call2optout=J5Q,spam_or_unspecified,en,UCI SMS Spam Collection,downloaded_public_dataset
uci_sms_03012,safe,Imagine Life WITHOUT ME... see.. How fast u are searching me?Don't worry.. l'm always there To disturb U.. Goodnoon..:),safe_personal,en,UCI SMS Spam Collection,downloaded_public_dataset
uci_sms_03013,safe,"Hm good morning, headache anyone? :-)",safe_personal,en,UCI SMS Spam Collection,downloaded_public_dataset
uci_sms_03014,safe,Yeah no probs - last night is obviously catching up with you... Speak soon,safe_personal,en,UCI SMS Spam Collection,downloaded_public_dataset
uci_sms_03015,scam,FREE UNLIMITED HARDCORE PORN direct 2 your mobile Txt PORN to 69200 & get FREE access for 24 hrs then chrgd@50p per day txt Stop 2exit. This msg is free,spam_or_unspecified,en,UCI SMS Spam Collection,downloaded_public_dataset
uci_sms_03016,safe,I might go 2 sch. Yar at e salon now v boring.,safe_personal,en,UCI SMS Spam Collection,downloaded_public_dataset
uci_sms_03017,safe,&lt;#&gt; mins but i had to stop somewhere first.,safe_personal,en,UCI SMS Spam Collection,downloaded_public_dataset
uci_sms_03018,safe,"&lt;#&gt; is fast approaching. So, Wish u a very Happy New Year Happy Sankranti Happy republic day Happy Valentines Day Happy Shivratri Happy Ugadi Happy Fools day Happy May Day Happy Independence Day, Happy Friendship,Mother,Father,Teachers,Childrens Day, &amp; HAPPY BIRTHDAY 4 U. Happy Ganesh festival Happy Dasara Happy Diwali Happy Christmas &lt;#&gt; Good Mornings Afternoons, Evenings Nights. RememberI AM the first to WISHING U ALL THESE...your's Raj",safe_personal,en,UCI SMS Spam Collection,downloaded_public_dataset
uci_sms_03019,safe,One of the joys in lifeis waking up each daywith thoughts that somewhereSomeone cares enough tosend a warm morning greeting.. -,safe_personal,en,UCI SMS Spam Collection,downloaded_public_dataset
uci_sms_03020,safe,I didn't get the second half of that message,safe_personal,en,UCI SMS Spam Collection,downloaded_public_dataset
uci_sms_03021,safe,Wat time do u wan 2 meet me later?,safe_personal,en,UCI SMS Spam Collection,downloaded_public_dataset
uci_sms_03022,safe,I thank you so much for all you do with selflessness. I love you plenty.,safe_personal,en,UCI SMS Spam Collection,downloaded_public_dataset
uci_sms_03023,safe,Am in film ill call you later.,safe_personal,en,UCI SMS Spam Collection,downloaded_public_dataset
uci_sms_03024,safe,How dare you change my ring,safe_personal,en,UCI SMS Spam Collection,downloaded_public_dataset
uci_sms_03025,safe,You are a very very very very bad girl. Or lady.,safe_personal,en,UCI SMS Spam Collection,downloaded_public_dataset
uci_sms_03026,safe,I love ya too but try and budget your money better babe. Gary would freak on me if he knew,safe_personal,en,UCI SMS Spam Collection,downloaded_public_dataset
uci_sms_03027,safe,"What part of ""don't initiate"" don't you understand",safe_personal,en,UCI SMS Spam Collection,downloaded_public_dataset
uci_sms_03028,safe,I finished my lunch already. U wake up already?,safe_personal,en,UCI SMS Spam Collection,downloaded_public_dataset
uci_sms_03029,safe,You still at the game?,safe_personal,en,UCI SMS Spam Collection,downloaded_public_dataset
uci_sms_03030,safe,You have got tallent but you are wasting.,safe_personal,en,UCI SMS Spam Collection,downloaded_public_dataset
uci_sms_03031,safe,What is your record for one night? :),safe_personal,en,UCI SMS Spam Collection,downloaded_public_dataset
uci_sms_03032,safe,"Also sir, i sent you an email about how to log into the usc payment portal. I.ll send you another message that should explain how things are back home. Have a great weekend.",safe_personal,en,UCI SMS Spam Collection,downloaded_public_dataset
uci_sms_03033,safe,gonna let me know cos comes bak from holiday that day. is coming. Don't4get2text me number.,safe_personal,en,UCI SMS Spam Collection,downloaded_public_dataset
uci_sms_03034,safe,Jokin only lar... :-) depends on which phone my father can get lor...,safe_personal,en,UCI SMS Spam Collection,downloaded_public_dataset
uci_sms_03035,safe,"Aight, lemme know what's up",safe_personal,en,UCI SMS Spam Collection,downloaded_public_dataset
uci_sms_03036,safe,Get ready for &lt;#&gt; inches of pleasure...,safe_personal,en,UCI SMS Spam Collection,downloaded_public_dataset
uci_sms_03038,safe,;-) ok. I feel like john lennon.,safe_personal,en,UCI SMS Spam Collection,downloaded_public_dataset
uci_sms_03039,safe,Cos darren say ü considering mah so i ask ü...,safe_personal,en,UCI SMS Spam Collection,downloaded_public_dataset
uci_sms_03040,safe,You are not bothering me but you have to trust my answers. Pls.,safe_personal,en,UCI SMS Spam Collection,downloaded_public_dataset
uci_sms_03042,safe,One day a crab was running on the sea shore..The waves came n cleared the footprints of the crab.. Crab asked: being my frnd y r u clearing my beautiful footprints? Waves replied: A fox was following ur footprints to catch you! thats y i cleared it off:) frndsship never lets u dwn :-) GUD nyt..,safe_personal,en,UCI SMS Spam Collection,downloaded_public_dataset
uci_sms_03043,safe,Aight what time you want me to come up?,safe_personal,en,UCI SMS Spam Collection,downloaded_public_dataset
uci_sms_03044,safe,Slaaaaave ! Where are you ? Must I summon you to me all the time now ? Don't you wish to come to me on your own anymore?,safe_personal,en,UCI SMS Spam Collection,downloaded_public_dataset
uci_sms_03045,safe,Your bill at 3 is £33.65 so thats not bad!,safe_personal,en,UCI SMS Spam Collection,downloaded_public_dataset
uci_sms_03046,safe,Let me know how it changes in the next 6hrs. It can even be appendix but you are out of that age range. However its not impossible. So just chill and let me know in 6hrs,safe_personal,en,UCI SMS Spam Collection,downloaded_public_dataset
uci_sms_03047,safe,"Hello, yeah i've just got out of the bath and need to do my hair so i'll come up when i'm done, yeah?",safe_personal,en,UCI SMS Spam Collection,downloaded_public_dataset
uci_sms_03048,safe,So how's the weather over there?,safe_personal,en,UCI SMS Spam Collection,downloaded_public_dataset
uci_sms_03049,safe,"Ok. Not much to do here though. H&M Friday, cant wait. Dunno wot the hell im gonna do for another 3 weeks! Become a slob- oh wait, already done that!",safe_personal,en,UCI SMS Spam Collection,downloaded_public_dataset
uci_sms_03050,safe,Die... Now i have e toot fringe again...,safe_personal,en,UCI SMS Spam Collection,downloaded_public_dataset
uci_sms_03051,safe,Lol they don't know about my awesome phone. I could click delete right now if I want.,safe_personal,en,UCI SMS Spam Collection,downloaded_public_dataset
uci_sms_03053,safe,"Awesome question with a cute answer: Someone asked a boy ""how is ur life?"" . . He smiled &amp; answered: . . ""She is fine!"" Gudnite",safe_personal,en,UCI SMS Spam Collection,downloaded_public_dataset
uci_sms_03054,safe,Please leave this topic..sorry for telling that..,safe_personal,en,UCI SMS Spam Collection,downloaded_public_dataset
uci_sms_03055,safe,Pls send me the correct name da.,safe_personal,en,UCI SMS Spam Collection,downloaded_public_dataset
uci_sms_03056,safe,What happened to our yo date?,safe_personal,en,UCI SMS Spam Collection,downloaded_public_dataset
uci_sms_03058,safe,Webpage s not available!,safe_personal,en,UCI SMS Spam Collection,downloaded_public_dataset
uci_sms_03059,safe,Just woke up. Yeesh its late. But I didn't fall asleep til &lt;#&gt; am :/,safe_personal,en,UCI SMS Spam Collection,downloaded_public_dataset
uci_sms_03060,scam,You are now unsubscribed all services. Get tons of sexy babes or hunks straight to your phone! go to http://gotbabes.co.uk. No subscriptions.,spam_or_unspecified,en,UCI SMS Spam Collection,downloaded_public_dataset
uci_sms_03061,safe,"Dear all, as we know &lt;#&gt; th is the &lt;#&gt; th birthday of our loving Gopalettan. We are planning to give a small gift on that day. Those who like to participate in that you are welcome. Please contact our admin team for more details",safe_personal,en,UCI SMS Spam Collection,downloaded_public_dataset
uci_sms_03062,safe,K..k...from tomorrow onwards started ah?,safe_personal,en,UCI SMS Spam Collection,downloaded_public_dataset
uci_sms_03063,safe,What u talking bout early morning? It's almost noon where your at!,safe_personal,en,UCI SMS Spam Collection,downloaded_public_dataset
uci_sms_03064,safe,Fine. Do you remember me.,safe_personal,en,UCI SMS Spam Collection,downloaded_public_dataset
uci_sms_03065,scam,"Hi babe its Jordan, how r u? Im home from abroad and lonely, text me back if u wanna chat xxSP visionsms.com Text stop to stopCost 150p 08712400603",spam_or_unspecified,en,UCI SMS Spam Collection,downloaded_public_dataset
uci_sms_03066,safe,Ok. How many should i buy.,safe_personal,en,UCI SMS Spam Collection,downloaded_public_dataset
uci_sms_03067,safe,"Sounds good, keep me posted",safe_personal,en,UCI SMS Spam Collection,downloaded_public_dataset
uci_sms_03068,scam,Get a brand new mobile phone by being an agent of The Mob! Plus loads more goodies! For more info just text MAT to 87021.,spam_or_unspecified,en,UCI SMS Spam Collection,downloaded_public_dataset
uci_sms_03069,safe,Ok. So april. Cant wait,safe_personal,en,UCI SMS Spam Collection,downloaded_public_dataset
uci_sms_03070,safe,Boy you best get yo ass out here quick,safe_personal,en,UCI SMS Spam Collection,downloaded_public_dataset
uci_sms_03071,safe,Ay wana meet on sat?ü wkg on sat?,safe_personal,en,UCI SMS Spam Collection,downloaded_public_dataset
uci_sms_03072,safe,I'm now but have to wait till 2 for the bus to pick me.,safe_personal,en,UCI SMS Spam Collection,downloaded_public_dataset
uci_sms_03073,safe,Apart from the one i told you about yesterday?,safe_personal,en,UCI SMS Spam Collection,downloaded_public_dataset
uci_sms_03074,safe,Ok lor... But buy wat?,safe_personal,en,UCI SMS Spam Collection,downloaded_public_dataset
uci_sms_03075,safe,Somebody should go to andros and steal ice,safe_personal,en,UCI SMS Spam Collection,downloaded_public_dataset
uci_sms_03076,safe,Don know. I did't msg him recently.,safe_personal,en,UCI SMS Spam Collection,downloaded_public_dataset
uci_sms_03077,safe,Take us out shopping and Mark will distract Isaiah.=D,safe_personal,en,UCI SMS Spam Collection,downloaded_public_dataset
uci_sms_03078,safe,"Mum, hope you are having a great day. Hoping this text meets you well and full of life. Have a great day. Abiola",safe_personal,en,UCI SMS Spam Collection,downloaded_public_dataset
uci_sms_03079,safe,There is no sense in my foot and penis.,safe_personal,en,UCI SMS Spam Collection,downloaded_public_dataset
uci_sms_03080,safe,Okay but i thought you were the expert,safe_personal,en,UCI SMS Spam Collection,downloaded_public_dataset
uci_sms_03081,safe,*deep sigh* ... I miss you :-( ... I am really surprised you haven't gone to the net cafe yet to get to me ... Don't you miss me?,safe_personal,en,UCI SMS Spam Collection,downloaded_public_dataset
uci_sms_03082,safe,S.s:)i thinl role is like sachin.just standing. Others have to hit.,safe_personal,en,UCI SMS Spam Collection,downloaded_public_dataset
uci_sms_03083,safe,Have a great trip to India. And bring the light to everyone not just with the project but with everyone that is lucky to see you smile. Bye. Abiola,safe_personal,en,UCI SMS Spam Collection,downloaded_public_dataset
uci_sms_03084,safe,"And very importantly, all we discuss is between u and i only.",safe_personal,en,UCI SMS Spam Collection,downloaded_public_dataset
uci_sms_03085,safe,K..k:)how about your training process?,safe_personal,en,UCI SMS Spam Collection,downloaded_public_dataset
uci_sms_03086,safe,Ok lor. I ned 2 go toa payoh 4 a while 2 return smth u wan 2 send me there or wat?,safe_personal,en,UCI SMS Spam Collection,downloaded_public_dataset
uci_sms_03087,safe,In da car park,safe_personal,en,UCI SMS Spam Collection,downloaded_public_dataset
uci_sms_03088,safe,I wish that I was with you. Holding you tightly. Making you see how important you are. How much you mean to me ... How much I need you ... In my life ...,safe_personal,en,UCI SMS Spam Collection,downloaded_public_dataset
uci_sms_03089,safe,So i asked how's anthony. Dad. And your bf,safe_personal,en,UCI SMS Spam Collection,downloaded_public_dataset
uci_sms_03090,safe,"'Wnevr i wana fal in luv vth my books, My bed fals in luv vth me..!'' . Yen madodu, nav pretsorginta, nammanna pretsovru important alwa....!!:) Gud eveB-).",safe_personal,en,UCI SMS Spam Collection,downloaded_public_dataset
uci_sms_03092,safe,Am going to take bath ill place the key in window:-),safe_personal,en,UCI SMS Spam Collection,downloaded_public_dataset
uci_sms_03093,scam,LORD OF THE RINGS:RETURN OF THE KING in store NOW!REPLY LOTR by 2 June 4 Chance 2 WIN LOTR soundtrack CDs StdTxtRate. Reply STOP to end txts,spam_or_unspecified,en,UCI SMS Spam Collection,downloaded_public_dataset
uci_sms_03094,safe,"Dear, take care. I am just reaching home.love u a lot.",safe_personal,en,UCI SMS Spam Collection,downloaded_public_dataset
uci_sms_03095,safe,staff.science.nus.edu.sg/~phyhcmk/teaching/pc1323,safe_personal,en,UCI SMS Spam Collection,downloaded_public_dataset
uci_sms_03096,safe,Have you emigrated or something? Ok maybe 5.30 was a bit hopeful...,safe_personal,en,UCI SMS Spam Collection,downloaded_public_dataset
uci_sms_03097,safe,Olol i printed out a forum post by a guy with the exact same prob which was fixed with a gpu replacement. Hopefully they dont ignore that.,safe_personal,en,UCI SMS Spam Collection,downloaded_public_dataset
uci_sms_03098,safe,We walked from my moms. Right on stagwood pass right on winterstone left on victors hill. Address is &lt;#&gt;,safe_personal,en,UCI SMS Spam Collection,downloaded_public_dataset
uci_sms_03099,safe,"Yo, you at jp and hungry like a mofo?",safe_personal,en,UCI SMS Spam Collection,downloaded_public_dataset
uci_sms_03100,safe,This is all just creepy and crazy to me.,safe_personal,en,UCI SMS Spam Collection,downloaded_public_dataset
uci_sms_03101,safe,Ok... I din get ur msg...,safe_personal,en,UCI SMS Spam Collection,downloaded_public_dataset
uci_sms_03103,safe,Pathaya enketa maraikara pa',safe_personal,en,UCI SMS Spam Collection,downloaded_public_dataset
uci_sms_03104,safe,Even if he my friend he is a priest call him now,safe_personal,en,UCI SMS Spam Collection,downloaded_public_dataset
uci_sms_03105,safe,"U so lousy, run already come back then half dead... Hee...",safe_personal,en,UCI SMS Spam Collection,downloaded_public_dataset
uci_sms_03106,safe,That's y i said it's bad dat all e gals know u... Wat u doing now?,safe_personal,en,UCI SMS Spam Collection,downloaded_public_dataset
uci_sms_03107,safe,Or remind me in a few hrs.,safe_personal,en,UCI SMS Spam Collection,downloaded_public_dataset
uci_sms_03108,safe,"I had been hoping i would not have to send you this message. My rent is due and i dont have enough for it. My reserves are completely gone. Its a loan i need and was hoping you could her. The balance is &lt;#&gt; . Is there a way i could get that from you, till mid march when i hope to pay back.",safe_personal,en,UCI SMS Spam Collection,downloaded_public_dataset
uci_sms_03109,safe,Hi. Happy New Year. I dont mean to intrude but can you pls let me know how much tuition you paid last semester and how much this semester is. Thanks,safe_personal,en,UCI SMS Spam Collection,downloaded_public_dataset
uci_sms_03110,safe,Hello hun how ru? Its here by the way. Im good. Been on 2 dates with that guy i met in walkabout so far. We have to meet up soon. Hows everyone else?,safe_personal,en,UCI SMS Spam Collection,downloaded_public_dataset
uci_sms_03111,safe,Lol I was gonna last month. I cashed some in but I left &lt;#&gt; just in case. I was collecting more during the week cause they announced it on the blog.,safe_personal,en,UCI SMS Spam Collection,downloaded_public_dataset
uci_sms_03112,scam,Good Luck! Draw takes place 28th Feb 06. Good Luck! For removal send STOP to 87239 customer services 08708034412,spam_or_unspecified,en,UCI SMS Spam Collection,downloaded_public_dataset
uci_sms_03113,safe,"Short But Cute : "" Be a good person , but dont try to prove"" ..... Gud mrng...",safe_personal,en,UCI SMS Spam Collection,downloaded_public_dataset
uci_sms_03114,safe,Just haven't decided where yet eh ?,safe_personal,en,UCI SMS Spam Collection,downloaded_public_dataset
uci_sms_03115,safe,"Wat time liao, where still got.",safe_personal,en,UCI SMS Spam Collection,downloaded_public_dataset
uci_sms_03116,safe,Yes watching footie but worried we're going to blow it - Phil Neville?,safe_personal,en,UCI SMS Spam Collection,downloaded_public_dataset
uci_sms_03117,safe,I wait 4 ü inside da car park...,safe_personal,en,UCI SMS Spam Collection,downloaded_public_dataset
uci_sms_03118,safe,Uncle Abbey! Happy New Year. Abiola,safe_personal,en,UCI SMS Spam Collection,downloaded_public_dataset
uci_sms_03119,safe,Now am free call me pa.,safe_personal,en,UCI SMS Spam Collection,downloaded_public_dataset
uci_sms_03120,safe,R u saying i should re order the slippers cos i had to pay for returning it.,safe_personal,en,UCI SMS Spam Collection,downloaded_public_dataset
uci_sms_03121,safe,Stop knowing me so well!,safe_personal,en,UCI SMS Spam Collection,downloaded_public_dataset
uci_sms_03122,safe,Good evening! this is roger. How are you?,safe_personal,en,UCI SMS Spam Collection,downloaded_public_dataset
uci_sms_03123,safe,Small problem in auction:)punj now asking tiwary,safe_personal,en,UCI SMS Spam Collection,downloaded_public_dataset
uci_sms_03125,safe,He telling not to tell any one. If so treat for me hi hi hi,safe_personal,en,UCI SMS Spam Collection,downloaded_public_dataset
uci_sms_03127,scam,1st wk FREE! Gr8 tones str8 2 u each wk. Txt NOKIA ON to 8007 for Classic Nokia tones or HIT ON to 8007 for Polys. Nokia/150p Poly/200p 16+,spam_or_unspecified,en,UCI SMS Spam Collection,downloaded_public_dataset
uci_sms_03128,safe,U coming 2 pick me?,safe_personal,en,UCI SMS Spam Collection,downloaded_public_dataset
uci_sms_03129,safe,Thats cool. i liked your photos. You are very sexy!,safe_personal,en,UCI SMS Spam Collection,downloaded_public_dataset
uci_sms_03130,safe,would u fuckin believe it they didnt know i had thurs pre booked off so they re cancelled me AGAIN! that needs to b sacked,safe_personal,en,UCI SMS Spam Collection,downloaded_public_dataset
uci_sms_03131,safe,"Haha better late than ever, any way I could swing by?",safe_personal,en,UCI SMS Spam Collection,downloaded_public_dataset
uci_sms_03132,safe,Ok. But i finish at 6.,safe_personal,en,UCI SMS Spam Collection,downloaded_public_dataset
uci_sms_03133,scam,"LookAtMe!: Thanks for your purchase of a video clip from LookAtMe!, you've been charged 35p. Think you can do better? Why not send a video in a MMSto 32323.",spam_or_unspecified,en,UCI SMS Spam Collection,downloaded_public_dataset
uci_sms_03134,safe,I've been barred from all B and Q stores for life!?This twat in orange dungerees came up to me and asked if I wanted decking? So I got the first punch in!!,safe_personal,en,UCI SMS Spam Collection,downloaded_public_dataset
uci_sms_03135,safe,So no messages. Had food?,safe_personal,en,UCI SMS Spam Collection,downloaded_public_dataset
uci_sms_03136,safe,Ok going to sleep. Hope i can meet her.,safe_personal,en,UCI SMS Spam Collection,downloaded_public_dataset
uci_sms_03138,safe,Can you let me know details of fri when u find out cos I'm not in tom or fri. mentionned chinese. Thanks,safe_personal,en,UCI SMS Spam Collection,downloaded_public_dataset
uci_sms_03139,safe,You're right I have now that I think about it,safe_personal,en,UCI SMS Spam Collection,downloaded_public_dataset
uci_sms_03140,safe,Wat r u doing now?,safe_personal,en,UCI SMS Spam Collection,downloaded_public_dataset
uci_sms_03141,safe,Is ur lecture over?,safe_personal,en,UCI SMS Spam Collection,downloaded_public_dataset
uci_sms_03142,scam,sexy sexy cum and text me im wet and warm and ready for some porn! u up for some fun? THIS MSG IS FREE RECD MSGS 150P INC VAT 2 CANCEL TEXT STOP,spam_or_unspecified,en,UCI SMS Spam Collection,downloaded_public_dataset
uci_sms_03143,safe,Customer place i will call you,safe_personal,en,UCI SMS Spam Collection,downloaded_public_dataset
uci_sms_03144,safe,Not planned yet :)going to join company on jan 5 only.don know what will happen after that.,safe_personal,en,UCI SMS Spam Collection,downloaded_public_dataset
uci_sms_03145,safe,Boy; I love u Grl: Hogolo Boy: gold chain kodstini Grl: Agalla Boy: necklace madstini Grl: agalla Boy: Hogli 1 mutai eerulli kodthini! Grl: I love U kano;-),safe_personal,en,UCI SMS Spam Collection,downloaded_public_dataset
uci_sms_03146,safe,"Haha I heard that, text me when you're around",safe_personal,en,UCI SMS Spam Collection,downloaded_public_dataset
uci_sms_03147,safe,I.ll get there tomorrow and send it to you,safe_personal,en,UCI SMS Spam Collection,downloaded_public_dataset
uci_sms_03148,safe,"SHIT BABE.. THASA BIT MESSED UP.YEH, SHE SHUDVETOLD U. DID URGRAN KNOW?NEWAY, ILLSPEAK 2 U2MORO WEN IM NOT ASLEEP...",safe_personal,en,UCI SMS Spam Collection,downloaded_public_dataset
uci_sms_03149,safe,Oh thats late! Well have a good night and i will give u a call tomorrow. Iam now going to go to sleep night night,safe_personal,en,UCI SMS Spam Collection,downloaded_public_dataset
uci_sms_03150,safe,CHEERS U TEX MECAUSE U WEREBORED! YEAH OKDEN HUNNY R UIN WK SAT?SOUNDS LIKEYOUR HAVIN GR8FUN J! KEEP UPDAT COUNTINLOTS OF LOVEME XXXXX.,safe_personal,en,UCI SMS Spam Collection,downloaded_public_dataset
uci_sms_03151,safe,"Sorry, in meeting I'll call you later",safe_personal,en,UCI SMS Spam Collection,downloaded_public_dataset
uci_sms_03152,safe,Yo! Howz u? girls never rang after india. L,safe_personal,en,UCI SMS Spam Collection,downloaded_public_dataset
uci_sms_03153,safe,Yeah but which is worse for i,safe_personal,en,UCI SMS Spam Collection,downloaded_public_dataset
uci_sms_03155,safe,I tagged MY friends that you seemed to count as YOUR friends.,safe_personal,en,UCI SMS Spam Collection,downloaded_public_dataset
uci_sms_03158,safe,Long time. You remember me today.,safe_personal,en,UCI SMS Spam Collection,downloaded_public_dataset
uci_sms_03159,safe,Havent shopping now lor i juz arrive only,safe_personal,en,UCI SMS Spam Collection,downloaded_public_dataset
uci_sms_03160,safe,Thank u. IT BETTER WORK OUT CAUSE I WILL FEEL USED OTHERWISE,safe_personal,en,UCI SMS Spam Collection,downloaded_public_dataset
uci_sms_03161,safe,Are you up for the challenge? I know i am :),safe_personal,en,UCI SMS Spam Collection,downloaded_public_dataset
uci_sms_03162,safe,How much did ur hdd casing cost.,safe_personal,en,UCI SMS Spam Collection,downloaded_public_dataset
uci_sms_03163,safe,Mystery solved! Just opened my email and he's sent me another batch! Isn't he a sweetie,safe_personal,en,UCI SMS Spam Collection,downloaded_public_dataset
uci_sms_03164,safe,I can't describe how lucky you are that I'm actually awake by noon,safe_personal,en,UCI SMS Spam Collection,downloaded_public_dataset
uci_sms_03165,scam,This is the 2nd time we have tried to contact u. U have won the £1450 prize to claim just call 09053750005 b4 310303. T&Cs/stop SMS 08718725756. 140ppm,spam_or_unspecified,en,UCI SMS Spam Collection,downloaded_public_dataset
uci_sms_03167,safe,Cheers for the card ... Is it that time of year already?,safe_personal,en,UCI SMS Spam Collection,downloaded_public_dataset
uci_sms_03170,safe,Ugh hopefully the asus ppl dont randomly do a reformat.,safe_personal,en,UCI SMS Spam Collection,downloaded_public_dataset
uci_sms_03171,safe,"Haven't seen my facebook, huh? Lol!",safe_personal,en,UCI SMS Spam Collection,downloaded_public_dataset
uci_sms_03172,safe,"Mah b, I'll pick it up tomorrow",safe_personal,en,UCI SMS Spam Collection,downloaded_public_dataset
uci_sms_03173,safe,Still otside le..u come 2morrow maga..,safe_personal,en,UCI SMS Spam Collection,downloaded_public_dataset
uci_sms_03174,safe,Do u still have plumbers tape and a wrench we could borrow?,safe_personal,en,UCI SMS Spam Collection,downloaded_public_dataset
uci_sms_03175,scam,"Dear Voucher Holder, To claim this weeks offer, at you PC please go to http://www.e-tlp.co.uk/reward. Ts&Cs apply.",spam_or_unspecified,en,UCI SMS Spam Collection,downloaded_public_dataset
uci_sms_03176,safe,It vl bcum more difficult..,safe_personal,en,UCI SMS Spam Collection,downloaded_public_dataset
uci_sms_03178,safe,Havent still waitin as usual... Ü come back sch oredi?,safe_personal,en,UCI SMS Spam Collection,downloaded_public_dataset
uci_sms_03179,safe,In meeting da. I will call you,safe_personal,en,UCI SMS Spam Collection,downloaded_public_dataset
uci_sms_03180,safe,K k :-):-) then watch some films.,safe_personal,en,UCI SMS Spam Collection,downloaded_public_dataset
uci_sms_03181,safe,Does cinema plus drink appeal tomo? * Is a fr thriller by director i like on at mac at 8.30.,safe_personal,en,UCI SMS Spam Collection,downloaded_public_dataset
uci_sms_03182,safe,There the size of elephant tablets & u shove um up ur ass!!,safe_personal,en,UCI SMS Spam Collection,downloaded_public_dataset
uci_sms_03183,safe,"So many people seems to be special at first sight, But only very few will remain special to you till your last sight.. Maintain them till life ends.. take cr da",safe_personal,en,UCI SMS Spam Collection,downloaded_public_dataset
uci_sms_03184,safe,"My Parents, My Kidz, My Friends n My Colleagues. All screaming.. SURPRISE !! and I was waiting on the sofa.. ... ..... ' NAKED...!",safe_personal,en,UCI SMS Spam Collection,downloaded_public_dataset
uci_sms_03185,safe,Dunno i juz askin cos i got a card got 20% off 4 a salon called hair sense so i tot it's da one ü cut ur hair.,safe_personal,en,UCI SMS Spam Collection,downloaded_public_dataset
uci_sms_03186,safe,Good morning pookie pie! Lol hope I didn't wake u up,safe_personal,en,UCI SMS Spam Collection,downloaded_public_dataset
uci_sms_03187,safe,MAYBE IF YOU WOKE UP BEFORE FUCKING 3 THIS WOULDN'T BE A PROBLEM.,safe_personal,en,UCI SMS Spam Collection,downloaded_public_dataset
uci_sms_03188,safe,Happy birthday to you....dear.with lots of love.rakhesh NRI,safe_personal,en,UCI SMS Spam Collection,downloaded_public_dataset
uci_sms_03190,scam,"This is the 2nd time we have tried 2 contact u. U have won the 750 Pound prize. 2 claim is easy, call 08712101358 NOW! Only 10p per min. BT-national-rate",spam_or_unspecified,en,UCI SMS Spam Collection,downloaded_public_dataset
uci_sms_03191,safe,X2 &lt;#&gt; . Are you going to get that,safe_personal,en,UCI SMS Spam Collection,downloaded_public_dataset
uci_sms_03192,safe,Hi neva worry bout da truth coz the truth will lead me 2 ur heart. Its the least a unique person like u deserve. Sleep tight or morning,safe_personal,en,UCI SMS Spam Collection,downloaded_public_dataset
uci_sms_03193,scam,UR awarded a City Break and could WIN a £200 Summer Shopping spree every WK. Txt STORE to 88039.SkilGme.TsCs087147403231Winawk!Age16+£1.50perWKsub,spam_or_unspecified,en,UCI SMS Spam Collection,downloaded_public_dataset
uci_sms_03194,safe,Is ur paper today in e morn or aft?,safe_personal,en,UCI SMS Spam Collection,downloaded_public_dataset
uci_sms_03195,safe,I will lick up every drop :) are you ready to use your mouth as well?,safe_personal,en,UCI SMS Spam Collection,downloaded_public_dataset
uci_sms_03196,safe,And you! Will expect you whenever you text! Hope all goes well tomo,safe_personal,en,UCI SMS Spam Collection,downloaded_public_dataset
uci_sms_03197,safe,Great. P diddy is my neighbor and comes for toothpaste every morning,safe_personal,en,UCI SMS Spam Collection,downloaded_public_dataset
uci_sms_03198,safe,"I av a new number, . Wil u only use this one,ta.",safe_personal,en,UCI SMS Spam Collection,downloaded_public_dataset
uci_sms_03199,safe,So its to be poking man everyday that they teach you in canada abi! How are you. Just saying hi.,safe_personal,en,UCI SMS Spam Collection,downloaded_public_dataset
uci_sms_03200,safe,7 lor... Change 2 suntec... Wat time u coming?,safe_personal,en,UCI SMS Spam Collection,downloaded_public_dataset
uci_sms_03201,safe,No de.am seeing in online shop so that i asked.,safe_personal,en,UCI SMS Spam Collection,downloaded_public_dataset
uci_sms_03202,safe,Just curious because my cuz asked what I was up to,safe_personal,en,UCI SMS Spam Collection,downloaded_public_dataset
uci_sms_03204,safe,Okay lor... Wah... like that def they wont let us go... Haha... What did they say in the terms and conditions?,safe_personal,en,UCI SMS Spam Collection,downloaded_public_dataset
uci_sms_03205,safe,Haha... Yup hopefully we will lose a few kg by mon. after hip hop can go orchard and weigh again,safe_personal,en,UCI SMS Spam Collection,downloaded_public_dataset
uci_sms_03206,safe,She's good. How are you. Where r u working now,safe_personal,en,UCI SMS Spam Collection,downloaded_public_dataset
uci_sms_03207,safe,"Oh, yes, I've just been a little under the weather so i've kind of been coccooning at home",safe_personal,en,UCI SMS Spam Collection,downloaded_public_dataset
uci_sms_03208,safe,At home also.,safe_personal,en,UCI SMS Spam Collection,downloaded_public_dataset
uci_sms_03209,safe,This phone has the weirdest auto correct.,safe_personal,en,UCI SMS Spam Collection,downloaded_public_dataset
uci_sms_03210,safe,Oops my phone died and I didn't even know. Yeah I like it better.,safe_personal,en,UCI SMS Spam Collection,downloaded_public_dataset
uci_sms_03211,safe,Havent mus ask if u can 1st wat. Of meet 4 lunch den u n him meet can already lor. Or u wan 2 go ask da ge 1st then confirm w me asap?,safe_personal,en,UCI SMS Spam Collection,downloaded_public_dataset
uci_sms_03212,safe,"She said,'' do u mind if I go into the bedroom for a minute ? '' ''OK'', I sed in a sexy mood. She came out 5 minuts latr wid a cake...n My Wife,",safe_personal,en,UCI SMS Spam Collection,downloaded_public_dataset
uci_sms_03213,safe,"OH YEAH,AND HAV A GREAT TIME IN NEWQUAY-SEND ME A POSTCARD !1 LOOK AFTER ALL THE GIRLS WHILE IM GONE(U KNOW THE 1IM TALKIN BOUT!)xx",safe_personal,en,UCI SMS Spam Collection,downloaded_public_dataset
uci_sms_03214,safe,We got a divorce. Lol. She.s here,safe_personal,en,UCI SMS Spam Collection,downloaded_public_dataset
uci_sms_03215,safe,What's ur pin?,safe_personal,en,UCI SMS Spam Collection,downloaded_public_dataset
uci_sms_03216,safe,"Babe, have you got enough money to pick up bread and milk ? And I'll give you it back when you get home ?",safe_personal,en,UCI SMS Spam Collection,downloaded_public_dataset
uci_sms_03217,safe,I want snow. It's just freezing and windy.,safe_personal,en,UCI SMS Spam Collection,downloaded_public_dataset
uci_sms_03218,scam,URGENT! We are trying to contact U. Todays draw shows that you have won a £2000 prize GUARANTEED. Call 09066358361 from land line. Claim Y87. Valid 12hrs only,spam_or_unspecified,en,UCI SMS Spam Collection,downloaded_public_dataset
uci_sms_03219,safe,Come to mahal bus stop.. &lt;DECIMAL&gt;,safe_personal,en,UCI SMS Spam Collection,downloaded_public_dataset
uci_sms_03220,safe,Don know:)this week i'm going to tirunelvai da.,safe_personal,en,UCI SMS Spam Collection,downloaded_public_dataset
uci_sms_03221,safe,Me too baby! I promise to treat you well! I bet you will take good care of me...,safe_personal,en,UCI SMS Spam Collection,downloaded_public_dataset
uci_sms_03222,safe,Its like that hotel dusk game i think. You solve puzzles in a area thing,safe_personal,en,UCI SMS Spam Collection,downloaded_public_dataset
uci_sms_03223,scam,"Thanks for your ringtone order, reference number X29. Your mobile will be charged 4.50. Should your tone not arrive please call customer services 09065989180",spam_or_unspecified,en,UCI SMS Spam Collection,downloaded_public_dataset
uci_sms_03224,safe,"Hi, my love! How goes that day? Fuck, this morning I woke and dropped my cell on the way down the stairs but it seems alright ... *phews* I miss you !",safe_personal,en,UCI SMS Spam Collection,downloaded_public_dataset
uci_sms_03225,safe,Well that must be a pain to catch,safe_personal,en,UCI SMS Spam Collection,downloaded_public_dataset
uci_sms_03226,safe,Sorry da thangam.it's my mistake.,safe_personal,en,UCI SMS Spam Collection,downloaded_public_dataset
uci_sms_03227,safe,I need... Coz i never go before,safe_personal,en,UCI SMS Spam Collection,downloaded_public_dataset
uci_sms_03228,safe,"Rose for red,red for blood,blood for heart,heart for u. But u for me.... Send tis to all ur friends.. Including me.. If u like me.. If u get back, 1-u r poor in relation! 2-u need some 1 to support 3-u r frnd 2 many 4-some1 luvs u 5+- some1 is praying god to marry u.:-) try it....",safe_personal,en,UCI SMS Spam Collection,downloaded_public_dataset
uci_sms_03231,scam,Ur cash-balance is currently 500 pounds - to maximize ur cash-in now send COLLECT to 83600 only 150p/msg. CC: 08718720201 PO BOX 114/14 TCR/W1,spam_or_unspecified,en,UCI SMS Spam Collection,downloaded_public_dataset
uci_sms_03232,safe,"I feel like a dick because I keep sleeping through your texts and facebook messages. Sup, you in town?",safe_personal,en,UCI SMS Spam Collection,downloaded_public_dataset
uci_sms_03233,safe,No plm i will come da. On the way.,safe_personal,en,UCI SMS Spam Collection,downloaded_public_dataset
uci_sms_03234,safe,Guess he wants alone time. We could just show up and watch when they do..,safe_personal,en,UCI SMS Spam Collection,downloaded_public_dataset
uci_sms_03235,safe,Height of recycling: Read twice- People spend time for earning money and the same money is spent for spending time!;-) Good morning.. keep smiling:-),safe_personal,en,UCI SMS Spam Collection,downloaded_public_dataset
uci_sms_03236,safe,Yup ü not comin :-(,safe_personal,en,UCI SMS Spam Collection,downloaded_public_dataset
uci_sms_03237,safe,"Yes, princess. Toledo.",safe_personal,en,UCI SMS Spam Collection,downloaded_public_dataset
uci_sms_03238,safe,"Aight text me when you're back at mu and I'll swing by, need somebody to get the door for me",safe_personal,en,UCI SMS Spam Collection,downloaded_public_dataset
uci_sms_03239,safe,Ron say fri leh. N he said ding tai feng cant make reservations. But he said wait lor.,safe_personal,en,UCI SMS Spam Collection,downloaded_public_dataset
uci_sms_03240,safe,Good. No swimsuit allowed :),safe_personal,en,UCI SMS Spam Collection,downloaded_public_dataset
uci_sms_03241,safe,Am okay. Will soon be over. All the best,safe_personal,en,UCI SMS Spam Collection,downloaded_public_dataset
uci_sms_03242,safe,"A cute thought for friendship: ""Its not necessary to share every secret with ur close Frnd, but watever u shared should be true""....",safe_personal,en,UCI SMS Spam Collection,downloaded_public_dataset
uci_sms_03243,safe,Ok i've sent u da latest version of da project.,safe_personal,en,UCI SMS Spam Collection,downloaded_public_dataset
uci_sms_03245,safe,Pls accept me for one day. Or am begging you change the number.,safe_personal,en,UCI SMS Spam Collection,downloaded_public_dataset
uci_sms_03246,safe,Squeeeeeze!! This is christmas hug.. If u lik my frndshp den hug me back.. If u get 3 u r cute:) 6 u r luvd:* 9 u r so lucky;) None? People hate u:,safe_personal,en,UCI SMS Spam Collection,downloaded_public_dataset
uci_sms_03247,safe,"Its ok, if anybody asks abt me, u tel them..:-P",safe_personal,en,UCI SMS Spam Collection,downloaded_public_dataset
uci_sms_03248,safe,"Funny fact Nobody teaches volcanoes 2 erupt, tsunamis 2 arise, hurricanes 2 sway aroundn no 1 teaches hw 2 choose a wife Natural disasters just happens",safe_personal,en,UCI SMS Spam Collection,downloaded_public_dataset
uci_sms_03249,safe,* You gonna ring this weekend or wot?,safe_personal,en,UCI SMS Spam Collection,downloaded_public_dataset
uci_sms_03250,safe,Also track down any lighters you can find,safe_personal,en,UCI SMS Spam Collection,downloaded_public_dataset
uci_sms_03252,safe,"Babe, I need your advice",safe_personal,en,UCI SMS Spam Collection,downloaded_public_dataset
uci_sms_03253,safe,"I‘ll leave around four, ok?",safe_personal,en,UCI SMS Spam Collection,downloaded_public_dataset
uci_sms_03254,safe,Come to medical college at 7pm ......forward it da,safe_personal,en,UCI SMS Spam Collection,downloaded_public_dataset
uci_sms_03255,safe,K:)k..its good:)when are you going?,safe_personal,en,UCI SMS Spam Collection,downloaded_public_dataset
uci_sms_03256,safe,I can make lasagna for you... vodka...,safe_personal,en,UCI SMS Spam Collection,downloaded_public_dataset
uci_sms_03257,safe,HI ITS KATE CAN U GIVE ME A RING ASAP XXX,safe_personal,en,UCI SMS Spam Collection,downloaded_public_dataset
uci_sms_03258,safe,Who were those people ? Were you in a tour ? I thought you were doing that sofa thing you sent me ? Your curious sugar,safe_personal,en,UCI SMS Spam Collection,downloaded_public_dataset
uci_sms_03259,safe,"No, but you told me you were going, before you got drunk!",safe_personal,en,UCI SMS Spam Collection,downloaded_public_dataset
uci_sms_03260,safe,He fucking chickened out. He messaged me he would be late and woould buzz me and then I didn't hear a word from him,safe_personal,en,UCI SMS Spam Collection,downloaded_public_dataset
uci_sms_03261,scam,"Congratulations! Thanks to a good friend U have WON the £2,000 Xmas prize. 2 claim is easy, just call 08718726978 NOW! Only 10p per minute. BT-national-rate",spam_or_unspecified,en,UCI SMS Spam Collection,downloaded_public_dataset
uci_sms_03262,safe,I'm always looking for an excuse to be in the city.,safe_personal,en,UCI SMS Spam Collection,downloaded_public_dataset
uci_sms_03263,safe,Yup i'm still having coffee wif my frens... My fren drove she'll give me a lift...,safe_personal,en,UCI SMS Spam Collection,downloaded_public_dataset
uci_sms_03264,safe,O shore are you takin the bus,safe_personal,en,UCI SMS Spam Collection,downloaded_public_dataset
uci_sms_03265,safe,So u gonna get deus ex?,safe_personal,en,UCI SMS Spam Collection,downloaded_public_dataset
uci_sms_03266,safe,I will send them to your email. Do you mind &lt;#&gt; times per night?,safe_personal,en,UCI SMS Spam Collection,downloaded_public_dataset
uci_sms_03267,scam,"44 7732584351, Do you want a New Nokia 3510i colour phone DeliveredTomorrow? With 300 free minutes to any mobile + 100 free texts + Free Camcorder reply or call 08000930705.",spam_or_unspecified,en,UCI SMS Spam Collection,downloaded_public_dataset
uci_sms_03268,safe,tap & spile at seven. * Is that pub on gas st off broad st by canal. Ok?,safe_personal,en,UCI SMS Spam Collection,downloaded_public_dataset
uci_sms_03269,safe,Ok then i come n pick u at engin?,safe_personal,en,UCI SMS Spam Collection,downloaded_public_dataset
uci_sms_03270,safe,Which is why i never wanted to tell you any of this. Which is why i'm so short with you and on-edge as of late.,safe_personal,en,UCI SMS Spam Collection,downloaded_public_dataset
uci_sms_03271,safe,Raviyog Peripherals bhayandar east,safe_personal,en,UCI SMS Spam Collection,downloaded_public_dataset
uci_sms_03272,safe,K actually can you guys meet me at the sunoco on howard? It should be right on the way,safe_personal,en,UCI SMS Spam Collection,downloaded_public_dataset
uci_sms_03274,safe,"MOON has come to color your dreams, STARS to make them musical and my SMS to give you warm and Peaceful Sleep. Good Night",safe_personal,en,UCI SMS Spam Collection,downloaded_public_dataset
uci_sms_03275,safe,Just finished eating. Got u a plate. NOT leftovers this time.,safe_personal,en,UCI SMS Spam Collection,downloaded_public_dataset
uci_sms_03276,safe,Thanx a lot...,safe_personal,en,UCI SMS Spam Collection,downloaded_public_dataset
uci_sms_03277,safe,Hurry home u big butt. Hang up on your last caller if u have to. Food is done and I'm starving. Don't ask what I cooked.,safe_personal,en,UCI SMS Spam Collection,downloaded_public_dataset
uci_sms_03278,safe,Lol your right. What diet? Everyday I cheat anyway. I'm meant to be a fatty :(,safe_personal,en,UCI SMS Spam Collection,downloaded_public_dataset
uci_sms_03279,safe,Its a great day. Do have yourself a beautiful one.,safe_personal,en,UCI SMS Spam Collection,downloaded_public_dataset
uci_sms_03280,safe,What happened in interview?,safe_personal,en,UCI SMS Spam Collection,downloaded_public_dataset
uci_sms_03282,safe,Badrith is only for chennai:)i will surely pick for us:)no competition for him.,safe_personal,en,UCI SMS Spam Collection,downloaded_public_dataset
uci_sms_03283,safe,I tot it's my group mate... Lucky i havent reply... Wat time do ü need to leave...,safe_personal,en,UCI SMS Spam Collection,downloaded_public_dataset
uci_sms_03284,safe,Hey you around? I've got enough for a half + the ten I owe you,safe_personal,en,UCI SMS Spam Collection,downloaded_public_dataset
uci_sms_03285,safe,Hey tmr maybe can meet you at yck,safe_personal,en,UCI SMS Spam Collection,downloaded_public_dataset
uci_sms_03286,safe,ALRITE SAM ITS NIC JUST CHECKIN THAT THIS IS UR NUMBER-SO IS IT?T.B*,safe_personal,en,UCI SMS Spam Collection,downloaded_public_dataset
uci_sms_03287,safe,They are just making it easy to pay back. I have &lt;#&gt; yrs to say but i can pay back earlier. You get?,safe_personal,en,UCI SMS Spam Collection,downloaded_public_dataset
uci_sms_03288,safe,Not to worry. I'm sure you'll get it.,safe_personal,en,UCI SMS Spam Collection,downloaded_public_dataset
uci_sms_03289,safe,"The gas station is like a block away from my house, you'll drive right by it since armenia ends at swann and you have to take howard",safe_personal,en,UCI SMS Spam Collection,downloaded_public_dataset
uci_sms_03290,scam,"Someone U know has asked our dating service 2 contact you! Cant Guess who? CALL 09058097189 NOW all will be revealed. POBox 6, LS15HB 150p",spam_or_unspecified,en,UCI SMS Spam Collection,downloaded_public_dataset
uci_sms_03291,scam,Camera - You are awarded a SiPix Digital Camera! call 09061221066 fromm landline. Delivery within 28 days,spam_or_unspecified,en,UCI SMS Spam Collection,downloaded_public_dataset
uci_sms_03292,safe,My tuition is at 330. Hm we go for the 1120 to 1205 one? Do you mind?,safe_personal,en,UCI SMS Spam Collection,downloaded_public_dataset
uci_sms_03293,safe,"I'm not smoking while people use ""wylie smokes too much"" to justify ruining my shit",safe_personal,en,UCI SMS Spam Collection,downloaded_public_dataset
uci_sms_03294,safe,Dear good morning how you feeling dear,safe_personal,en,UCI SMS Spam Collection,downloaded_public_dataset
uci_sms_03295,safe,A little. Meds say take once every 8 hours. It's only been 5 but pain is back. So I took another. Hope I don't die,safe_personal,en,UCI SMS Spam Collection,downloaded_public_dataset
uci_sms_03296,safe,"Beautiful tomorrow never comes.. When it comes, it's already TODAY.. In the hunt of beautiful tomorrow don't waste your wonderful TODAY.. GOODMORNING:)",safe_personal,en,UCI SMS Spam Collection,downloaded_public_dataset
uci_sms_03297,safe,Dunno lei ü all decide lor. How abt leona? Oops i tot ben is going n i msg him.,safe_personal,en,UCI SMS Spam Collection,downloaded_public_dataset
uci_sms_03298,safe,Hi there. We have now moved in2 our pub . Would be great 2 c u if u cud come up.,safe_personal,en,UCI SMS Spam Collection,downloaded_public_dataset
uci_sms_03299,scam,Todays Voda numbers ending 5226 are selected to receive a ?350 award. If you hava a match please call 08712300220 quoting claim code 1131 standard rates app,spam_or_unspecified,en,UCI SMS Spam Collection,downloaded_public_dataset
uci_sms_03300,scam,This message is free. Welcome to the new & improved Sex & Dogging club! To unsubscribe from this service reply STOP. msgs@150p 18 only,spam_or_unspecified,en,UCI SMS Spam Collection,downloaded_public_dataset
uci_sms_03302,safe,Just do what ever is easier for you,safe_personal,en,UCI SMS Spam Collection,downloaded_public_dataset
uci_sms_03303,scam,RCT' THNQ Adrian for U text. Rgds Vatian,spam_or_unspecified,en,UCI SMS Spam Collection,downloaded_public_dataset
uci_sms_03304,safe,Stop calling everyone saying I might have cancer. My throat hurts to talk. I can't be answering everyones calls. If I get one more call I'm not babysitting on Monday,safe_personal,en,UCI SMS Spam Collection,downloaded_public_dataset
uci_sms_03305,safe,"It'll be tough, but I'll do what I have to",safe_personal,en,UCI SMS Spam Collection,downloaded_public_dataset
uci_sms_03306,safe,IM GONNAMISSU SO MUCH!!I WOULD SAY IL SEND U A POSTCARD BUTTHERES ABOUTAS MUCH CHANCE OF MEREMEMBERIN ASTHERE IS OFSI NOT BREAKIN HIS CONTRACT!! LUV Yaxx,safe_personal,en,UCI SMS Spam Collection,downloaded_public_dataset
uci_sms_03307,safe,Ee msg na poortiyagi odalebeku: Hanumanji 7 name 1-Hanuman 2-Bajarangabali 3-Maruti 4-Pavanaputra 5-Sankatmochan 6-Ramaduth 7-Mahaveer ee 7 name &lt;#&gt; janarige ivatte kalisidare next saturday olage ondu good news keluviri...! Maretare inde 1 dodda problum nalli siguviri idu matra &lt;#&gt; % true.. Don't neglet.,safe_personal,en,UCI SMS Spam Collection,downloaded_public_dataset
uci_sms_03308,safe,HI DARLIN I FINISH AT 3 DO U 1 2 PICK ME UP OR MEET ME? TEXT BACK ON THIS NUMBER LUV KATE XXX,safe_personal,en,UCI SMS Spam Collection,downloaded_public_dataset
uci_sms_03309,safe,"Set a place for me in your heart and not in your mind, as the mind easily forgets but the heart will always remember. Wish you Happy Valentines Day!",safe_personal,en,UCI SMS Spam Collection,downloaded_public_dataset
uci_sms_03310,safe,But i'm surprised she still can guess right lor...,safe_personal,en,UCI SMS Spam Collection,downloaded_public_dataset
uci_sms_03311,safe,Okie ü wan meet at bishan? Cos me at bishan now. I'm not driving today.,safe_personal,en,UCI SMS Spam Collection,downloaded_public_dataset
uci_sms_03313,safe,HI DARLIN HOW WAS WORK DID U GET INTO TROUBLE? IJUST TALKED TO YOUR MUM ALL MORNING! I HAD A REALLY GOOD TIME LAST NIGHT IM GOIN OUT SOON BUT CALL ME IF U CAN,safe_personal,en,UCI SMS Spam Collection,downloaded_public_dataset
uci_sms_03314,safe,I know you are serving. I mean what are you doing now.,safe_personal,en,UCI SMS Spam Collection,downloaded_public_dataset
uci_sms_03315,safe,"Huh... Hyde park not in mel ah, opps, got confused... Anyway, if tt's e best choice den we juz have to take it...",safe_personal,en,UCI SMS Spam Collection,downloaded_public_dataset
uci_sms_03316,safe,Oh gei. That happend to me in tron. Maybe ill dl it in 3d when its out,safe_personal,en,UCI SMS Spam Collection,downloaded_public_dataset
uci_sms_03318,safe,I know girls always safe and selfish know i got it pa. Thank you. good night.,safe_personal,en,UCI SMS Spam Collection,downloaded_public_dataset
uci_sms_03319,safe,"No worries, hope photo shoot went well. have a spiffing fun at workage.",safe_personal,en,UCI SMS Spam Collection,downloaded_public_dataset
uci_sms_03320,safe,I'm freezing and craving ice. Fml,safe_personal,en,UCI SMS Spam Collection,downloaded_public_dataset
uci_sms_03321,safe,Kay... Since we are out already,safe_personal,en,UCI SMS Spam Collection,downloaded_public_dataset
uci_sms_03322,safe,Eh sorry leh... I din c ur msg. Not sad already lar. Me watching tv now. U still in office?,safe_personal,en,UCI SMS Spam Collection,downloaded_public_dataset
uci_sms_03323,safe,Yo im right by yo work,safe_personal,en,UCI SMS Spam Collection,downloaded_public_dataset
uci_sms_03324,safe,Ok darlin i supose it was ok i just worry too much.i have to do some film stuff my mate and then have to babysit again! But you can call me there.xx,safe_personal,en,UCI SMS Spam Collection,downloaded_public_dataset
uci_sms_03326,safe,I don wake since. I checked that stuff and saw that its true no available spaces. Pls call the embassy or send a mail to them.,safe_personal,en,UCI SMS Spam Collection,downloaded_public_dataset
uci_sms_03327,safe,Nope... Juz off from work...,safe_personal,en,UCI SMS Spam Collection,downloaded_public_dataset
uci_sms_03328,safe,Huh so fast... Dat means u havent finished painting?,safe_personal,en,UCI SMS Spam Collection,downloaded_public_dataset
uci_sms_03329,safe,what number do u live at? Is it 11?,safe_personal,en,UCI SMS Spam Collection,downloaded_public_dataset
uci_sms_03330,safe,"No we put party 7 days a week and study lightly, I think we need to draw in some custom checkboxes so they know we're hardcore",safe_personal,en,UCI SMS Spam Collection,downloaded_public_dataset
uci_sms_03331,safe,Sac will score big hundred.he is set batsman:-),safe_personal,en,UCI SMS Spam Collection,downloaded_public_dataset
uci_sms_03332,safe,Send me yetty's number pls.,safe_personal,en,UCI SMS Spam Collection,downloaded_public_dataset
uci_sms_03333,safe,How much it will cost approx . Per month.,safe_personal,en,UCI SMS Spam Collection,downloaded_public_dataset
uci_sms_03334,safe,Ok... The theory test? when are ü going to book? I think it's on 21 may. Coz thought wanna go out with jiayin. But she isnt free,safe_personal,en,UCI SMS Spam Collection,downloaded_public_dataset
uci_sms_03335,scam,"You are being contacted by our dating service by someone you know! To find out who it is, call from a land line 09050000928. PoBox45W2TG150P",spam_or_unspecified,en,UCI SMS Spam Collection,downloaded_public_dataset
uci_sms_03336,safe,"That's fine, have him give me a call if he knows what he wants or has any questions",safe_personal,en,UCI SMS Spam Collection,downloaded_public_dataset
uci_sms_03337,safe,"Sorry, got a late start, we're on the way",safe_personal,en,UCI SMS Spam Collection,downloaded_public_dataset
uci_sms_03338,safe,Then u go back urself lor...,safe_personal,en,UCI SMS Spam Collection,downloaded_public_dataset
uci_sms_03339,safe,I AM AT THE GAS STATION. GO THERE.,safe_personal,en,UCI SMS Spam Collection,downloaded_public_dataset
uci_sms_03340,safe,"K, if u bored up just come to my home..",safe_personal,en,UCI SMS Spam Collection,downloaded_public_dataset
uci_sms_03341,safe,Babe !!!! I LOVE YOU !!!! *covers your face in kisses*,safe_personal,en,UCI SMS Spam Collection,downloaded_public_dataset
uci_sms_03342,safe,"Like I made him throw up when we were smoking in our friend's car one time, it was awesome",safe_personal,en,UCI SMS Spam Collection,downloaded_public_dataset
uci_sms_03343,safe,Still i have not checked it da. . .,safe_personal,en,UCI SMS Spam Collection,downloaded_public_dataset
uci_sms_03344,safe,You will go to walmart. I.ll stay.,safe_personal,en,UCI SMS Spam Collection,downloaded_public_dataset
uci_sms_03345,safe,"I haven't forgotten you, i might have a couple bucks to send you tomorrow, k? I love ya too",safe_personal,en,UCI SMS Spam Collection,downloaded_public_dataset
uci_sms_03346,safe,Oh great. I.ll disturb him more so that we can talk.,safe_personal,en,UCI SMS Spam Collection,downloaded_public_dataset
uci_sms_03347,safe,Reverse is cheating. That is not mathematics.,safe_personal,en,UCI SMS Spam Collection,downloaded_public_dataset
uci_sms_03348,safe,U're welcome... Caught u using broken english again...,safe_personal,en,UCI SMS Spam Collection,downloaded_public_dataset
uci_sms_03349,safe,No problem baby. Is this is a good time to talk? I called and left a message.,safe_personal,en,UCI SMS Spam Collection,downloaded_public_dataset
uci_sms_03351,safe,Oh is it! Which brand?,safe_personal,en,UCI SMS Spam Collection,downloaded_public_dataset
uci_sms_03352,safe,Sorry i cant take your call right now. It so happens that there r 2waxsto do wat you want. She can come and ill get her medical insurance. And she'll be able to deliver and have basic care. I'm currently shopping for the right medical insurance for her. So just give me til friday morning. Thats when i.ll see the major person that can guide me to the right insurance.,safe_personal,en,UCI SMS Spam Collection,downloaded_public_dataset
uci_sms_03353,safe,At what time are you coming.,safe_personal,en,UCI SMS Spam Collection,downloaded_public_dataset
uci_sms_03354,safe,Call him and say you not coming today ok and tell them not to fool me like this ok,safe_personal,en,UCI SMS Spam Collection,downloaded_public_dataset
uci_sms_03355,safe,I emailed yifeng my part oredi.. Can ü get it fr him..,safe_personal,en,UCI SMS Spam Collection,downloaded_public_dataset
uci_sms_03356,safe,R u sure they'll understand that! Wine * good idea just had a slurp!,safe_personal,en,UCI SMS Spam Collection,downloaded_public_dataset
uci_sms_03357,safe,Minimum walk is 3miles a day.,safe_personal,en,UCI SMS Spam Collection,downloaded_public_dataset
uci_sms_03358,safe,Ok not a problem will get them a taxi. C ing tomorrow and tuesday. On tuesday think we r all going to the cinema.,safe_personal,en,UCI SMS Spam Collection,downloaded_public_dataset
uci_sms_03359,safe,"Brainless Baby Doll..:-D;-), vehicle sariyag drive madoke barolla..",safe_personal,en,UCI SMS Spam Collection,downloaded_public_dataset
uci_sms_03361,scam,Sorry I missed your call let's talk when you have the time. I'm on 07090201529,spam_or_unspecified,en,UCI SMS Spam Collection,downloaded_public_dataset
uci_sms_03362,safe,Please attend the phone:),safe_personal,en,UCI SMS Spam Collection,downloaded_public_dataset
uci_sms_03363,safe,You only hate me. You can call any but you didnt accept even a single call of mine. Or even you messaged,safe_personal,en,UCI SMS Spam Collection,downloaded_public_dataset
uci_sms_03364,safe,No messages on her phone. I'm holding it now,safe_personal,en,UCI SMS Spam Collection,downloaded_public_dataset
uci_sms_03365,safe,Can... I'm free...,safe_personal,en,UCI SMS Spam Collection,downloaded_public_dataset
uci_sms_03366,safe,"Yo my trip got postponed, you still stocked up?",safe_personal,en,UCI SMS Spam Collection,downloaded_public_dataset
uci_sms_03368,safe,I am waiting for your call sir.,safe_personal,en,UCI SMS Spam Collection,downloaded_public_dataset
uci_sms_03369,safe,Hey what are you doing. Y no reply pa..,safe_personal,en,UCI SMS Spam Collection,downloaded_public_dataset
uci_sms_03370,safe,"Hey elaine, is today's meeting still on?",safe_personal,en,UCI SMS Spam Collection,downloaded_public_dataset
uci_sms_03371,safe,Sorry i've not gone to that place. I.ll do so tomorrow. Really sorry.,safe_personal,en,UCI SMS Spam Collection,downloaded_public_dataset
uci_sms_03372,safe,Most of the tiime when i don't let you hug me it's so i don't break into tears.,safe_personal,en,UCI SMS Spam Collection,downloaded_public_dataset
uci_sms_03373,safe,Tomorrow i am not going to theatre. . . So i can come wherever u call me. . . Tell me where and when to come tomorrow,safe_personal,en,UCI SMS Spam Collection,downloaded_public_dataset
uci_sms_03374,safe,And now electricity just went out fml.,safe_personal,en,UCI SMS Spam Collection,downloaded_public_dataset
uci_sms_03375,safe,"Looks like you found something to do other than smoke, great job!",safe_personal,en,UCI SMS Spam Collection,downloaded_public_dataset
uci_sms_03376,safe,Also andros ice etc etc,safe_personal,en,UCI SMS Spam Collection,downloaded_public_dataset
uci_sms_03377,safe,:),safe_personal,en,UCI SMS Spam Collection,downloaded_public_dataset
uci_sms_03378,safe,"Good afternon, my love. How are today? I hope your good and maybe have some interviews. I wake and miss you babe. A passionate kiss from across the sea",safe_personal,en,UCI SMS Spam Collection,downloaded_public_dataset
uci_sms_03379,safe,Yup. Wun believe wat? U really neva c e msg i sent shuhui?,safe_personal,en,UCI SMS Spam Collection,downloaded_public_dataset
uci_sms_03380,safe,Hows that watch resizing,safe_personal,en,UCI SMS Spam Collection,downloaded_public_dataset
uci_sms_03381,safe,Dear umma she called me now :-),safe_personal,en,UCI SMS Spam Collection,downloaded_public_dataset
uci_sms_03382,safe,Just finished. Missing you plenty,safe_personal,en,UCI SMS Spam Collection,downloaded_public_dataset
uci_sms_03383,scam,"complimentary 4 STAR Ibiza Holiday or £10,000 cash needs your URGENT collection. 09066364349 NOW from Landline not to lose out! Box434SK38WP150PPM18+",spam_or_unspecified,en,UCI SMS Spam Collection,downloaded_public_dataset
uci_sms_03384,safe,"Well, I meant as opposed to my drunken night of before",safe_personal,en,UCI SMS Spam Collection,downloaded_public_dataset
uci_sms_03385,safe,K... Must book a not huh? so going for yoga basic on sunday?,safe_personal,en,UCI SMS Spam Collection,downloaded_public_dataset
uci_sms_03386,scam,FREE MSG:We billed your mobile number by mistake from shortcode 83332.Please call 08081263000 to have charges refunded.This call will be free from a BT landline,spam_or_unspecified,en,UCI SMS Spam Collection,downloaded_public_dataset
uci_sms_03387,safe,Ok can...,safe_personal,en,UCI SMS Spam Collection,downloaded_public_dataset
uci_sms_03388,safe,"Oops - am at my mum's in somerset... Bit far! Back tomo, see you soon x",safe_personal,en,UCI SMS Spam Collection,downloaded_public_dataset
uci_sms_03389,safe,So u workin overtime nigpun?,safe_personal,en,UCI SMS Spam Collection,downloaded_public_dataset
uci_sms_03390,safe,Same as kallis dismissial in 2nd test:-).,safe_personal,en,UCI SMS Spam Collection,downloaded_public_dataset
uci_sms_03391,safe,O. Guess they both got screwd,safe_personal,en,UCI SMS Spam Collection,downloaded_public_dataset
uci_sms_03392,scam,Please CALL 08712402972 immediately as there is an urgent message waiting for you,spam_or_unspecified,en,UCI SMS Spam Collection,downloaded_public_dataset
uci_sms_03394,safe,What r u cooking me for dinner?,safe_personal,en,UCI SMS Spam Collection,downloaded_public_dataset
uci_sms_03396,safe,Bull. Your plan was to go floating off to IKEA with me without a care in the world. So i have to live with your mess another day.,safe_personal,en,UCI SMS Spam Collection,downloaded_public_dataset
uci_sms_03397,safe,Then i buy.,safe_personal,en,UCI SMS Spam Collection,downloaded_public_dataset
uci_sms_03398,scam,URGENT! Your Mobile number has been awarded with a £2000 Bonus Caller Prize. Call 09058095201 from land line. Valid 12hrs only,spam_or_unspecified,en,UCI SMS Spam Collection,downloaded_public_dataset
uci_sms_03399,safe,Heehee that was so funny tho,safe_personal,en,UCI SMS Spam Collection,downloaded_public_dataset
uci_sms_03400,safe,It only does simple arithmetic not percentages.,safe_personal,en,UCI SMS Spam Collection,downloaded_public_dataset
uci_sms_03401,safe,"Yeah we wouldn't leave for an hour at least, how's 4 sound?",safe_personal,en,UCI SMS Spam Collection,downloaded_public_dataset
uci_sms_03403,safe,Thanks honey. Have a great day.,safe_personal,en,UCI SMS Spam Collection,downloaded_public_dataset
uci_sms_03404,safe,"'An Amazing Quote'' - ""Sometimes in life its difficult to decide whats wrong!! a lie that brings a smile or the truth that brings a tear....""",safe_personal,en,UCI SMS Spam Collection,downloaded_public_dataset
uci_sms_03406,safe,Then ü ask dad to pick ü up lar... Ü wan 2 stay until 6 meh...,safe_personal,en,UCI SMS Spam Collection,downloaded_public_dataset
uci_sms_03407,safe,"Jus chillaxin, what up",safe_personal,en,UCI SMS Spam Collection,downloaded_public_dataset
uci_sms_03408,safe,HEY DAS COOL... IKNOW ALL 2 WELLDA PERIL OF STUDENTFINANCIAL CRISIS!SPK 2 U L8R.,safe_personal,en,UCI SMS Spam Collection,downloaded_public_dataset
uci_sms_03410,scam,Do you want a New Nokia 3510i colour phone DeliveredTomorrow? With 300 free minutes to any mobile + 100 free texts + Free Camcorder reply or call 08000930705,spam_or_unspecified,en,UCI SMS Spam Collection,downloaded_public_dataset
uci_sms_03411,safe,"Whats that coming over the hill..... Is it a monster! Hope you have a great day. Things r going fine here, busy though!",safe_personal,en,UCI SMS Spam Collection,downloaded_public_dataset
uci_sms_03412,safe,Joy's father is John. Then John is the ____ of Joy's father. If u ans ths you hav &lt;#&gt; IQ. Tis s IAS question try to answer.,safe_personal,en,UCI SMS Spam Collection,downloaded_public_dataset
uci_sms_03413,safe,Only once then after ill obey all yours.,safe_personal,en,UCI SMS Spam Collection,downloaded_public_dataset
uci_sms_03414,safe,No she didnt. I will search online and let you know.,safe_personal,en,UCI SMS Spam Collection,downloaded_public_dataset
uci_sms_03415,safe,Where do you need to go to get it?,safe_personal,en,UCI SMS Spam Collection,downloaded_public_dataset
uci_sms_03416,safe,No pic. Please re-send.,safe_personal,en,UCI SMS Spam Collection,downloaded_public_dataset
uci_sms_03418,safe,Uhhhhrmm isnt having tb test bad when youre sick,safe_personal,en,UCI SMS Spam Collection,downloaded_public_dataset
uci_sms_03419,safe,But i haf enuff space got like 4 mb...,safe_personal,en,UCI SMS Spam Collection,downloaded_public_dataset
uci_sms_03420,scam,LIFE has never been this much fun and great until you came in. You made it truly special for me. I won't forget you! enjoy @ one gbp/sms,spam_or_unspecified,en,UCI SMS Spam Collection,downloaded_public_dataset
uci_sms_03421,scam,Do you want a new Video phone? 600 anytime any network mins 400 Inclusive Video calls AND downloads 5 per week Free delTOMORROW call 08002888812 or reply NOW,spam_or_unspecified,en,UCI SMS Spam Collection,downloaded_public_dataset
uci_sms_03422,scam,"As a valued customer, I am pleased to advise you that following recent review of your Mob No. you are awarded with a £1500 Bonus Prize, call 09066368470",spam_or_unspecified,en,UCI SMS Spam Collection,downloaded_public_dataset
uci_sms_03423,scam,Welcome! Please reply with your AGE and GENDER to begin. e.g 24M,spam_or_unspecified,en,UCI SMS Spam Collection,downloaded_public_dataset
uci_sms_03424,scam,Freemsg: 1-month unlimited free calls! Activate SmartCall Txt: CALL to No: 68866. Subscriptn3gbp/wk unlimited calls Help: 08448714184 Stop?txt stop landlineonly,spam_or_unspecified,en,UCI SMS Spam Collection,downloaded_public_dataset
uci_sms_03425,scam,Had your mobile 10 mths? Update to latest Orange camera/video phones for FREE. Save £s with Free texts/weekend calls. Text YES for a callback orno to opt out,spam_or_unspecified,en,UCI SMS Spam Collection,downloaded_public_dataset
uci_sms_03426,scam,Am new 2 club & dont fink we met yet Will B gr8 2 C U Please leave msg 2day wiv ur area 09099726553 reply promised CARLIE x Calls£1/minMobsmore LKPOBOX177HP51FL,spam_or_unspecified,en,UCI SMS Spam Collection,downloaded_public_dataset
uci_sms_03427,safe,True. Its easier with her here.,safe_personal,en,UCI SMS Spam Collection,downloaded_public_dataset
uci_sms_03428,safe,Sure but since my parents will be working on Tuesday I don't really need a cover story,safe_personal,en,UCI SMS Spam Collection,downloaded_public_dataset
uci_sms_03429,safe,Haha okay... Today weekend leh...,safe_personal,en,UCI SMS Spam Collection,downloaded_public_dataset
uci_sms_03430,safe,Hi darlin did youPhone me? Im atHome if youwanna chat.,safe_personal,en,UCI SMS Spam Collection,downloaded_public_dataset
uci_sms_03431,safe,I don't know jack shit about anything or i'd say/ask something helpful but if you want you can pretend that I did and just text me whatever in response to the hypotheticalhuagauahahuagahyuhagga,safe_personal,en,UCI SMS Spam Collection,downloaded_public_dataset
uci_sms_03432,safe,You've always been the brainy one.,safe_personal,en,UCI SMS Spam Collection,downloaded_public_dataset
uci_sms_03433,safe,Yeah if we do have to get a random dude we need to change our info sheets to PARTY &lt;#&gt; /7 NEVER STUDY just to be safe,safe_personal,en,UCI SMS Spam Collection,downloaded_public_dataset
uci_sms_03434,scam,Camera - You are awarded a SiPix Digital Camera! call 09061221066 fromm landline. Delivery within 28 days.,spam_or_unspecified,en,UCI SMS Spam Collection,downloaded_public_dataset
uci_sms_03435,safe,"Christmas is An occasion that is Celebrated as a Reflection of UR... Values..., Desires..., Affections...&amp; Traditions.... Have an ideal Christmas...",safe_personal,en,UCI SMS Spam Collection,downloaded_public_dataset
uci_sms_03436,safe,Sending you greetings of joy and happiness. Do have a gr8 evening,safe_personal,en,UCI SMS Spam Collection,downloaded_public_dataset
uci_sms_03437,safe,Hi darlin i cantdo anythingtomorrow as myparents aretaking me outfor a meal. when are u free? Katexxx,safe_personal,en,UCI SMS Spam Collection,downloaded_public_dataset
uci_sms_03438,safe,If india win or level series means this is record:),safe_personal,en,UCI SMS Spam Collection,downloaded_public_dataset
uci_sms_03439,safe,Then what about further plan?,safe_personal,en,UCI SMS Spam Collection,downloaded_public_dataset
uci_sms_03440,safe,Its good to hear from you,safe_personal,en,UCI SMS Spam Collection,downloaded_public_dataset
uci_sms_03441,safe,"awesome, how do I deal with the gate? Charles told me last night but, uh, yeah",safe_personal,en,UCI SMS Spam Collection,downloaded_public_dataset
uci_sms_03442,safe,What time you thinkin of goin?,safe_personal,en,UCI SMS Spam Collection,downloaded_public_dataset
uci_sms_03443,scam,Get a FREE mobile video player FREE movie. To collect text GO to 89105. Its free! Extra films can be ordered t's and c's apply. 18 yrs only,spam_or_unspecified,en,UCI SMS Spam Collection,downloaded_public_dataset
uci_sms_03444,scam,Save money on wedding lingerie at www.bridal.petticoatdreams.co.uk Choose from a superb selection with national delivery. Brought to you by WeddingFriend,spam_or_unspecified,en,UCI SMS Spam Collection,downloaded_public_dataset
uci_sms_03445,safe,Your board is working fine. The issue of overheating is also reslove. But still software inst is pending. I will come around 8'o clock.,safe_personal,en,UCI SMS Spam Collection,downloaded_public_dataset
uci_sms_03446,safe,Yes but I don't care cause I know its there!,safe_personal,en,UCI SMS Spam Collection,downloaded_public_dataset
uci_sms_03448,safe,"Mon okie lor... Haha, best is cheap n gd food la, ex oso okie... Depends on whether wana eat western or chinese food... Den which u prefer...",safe_personal,en,UCI SMS Spam Collection,downloaded_public_dataset
uci_sms_03449,safe,Sitting ard nothing to do lor. U leh busy w work?,safe_personal,en,UCI SMS Spam Collection,downloaded_public_dataset
uci_sms_03450,safe,Its &lt;#&gt; k here oh. Should i send home for sale.,safe_personal,en,UCI SMS Spam Collection,downloaded_public_dataset
uci_sms_03451,safe,Sorry. || mail? ||,safe_personal,en,UCI SMS Spam Collection,downloaded_public_dataset
uci_sms_03452,safe,Ya just telling abt tht incident..,safe_personal,en,UCI SMS Spam Collection,downloaded_public_dataset
uci_sms_03453,safe,Yes we were outside for like 2 hours. And I called my whole family to wake them up cause it started at 1 am,safe_personal,en,UCI SMS Spam Collection,downloaded_public_dataset
uci_sms_03454,safe,Ugh just got outta class,safe_personal,en,UCI SMS Spam Collection,downloaded_public_dataset
uci_sms_03455,safe,"Nowadays people are notixiquating the laxinorficated opportunity for bambling of entropication.... Have you ever oblisingately opted ur books for the masteriastering amplikater of fidalfication? It is very champlaxigating, i think it is atrocious.. Wotz Ur Opinion???? Junna",safe_personal,en,UCI SMS Spam Collection,downloaded_public_dataset
uci_sms_03457,safe,No need lar. Jus testing e phone card. Dunno network not gd i thk. Me waiting 4 my sis 2 finish bathing so i can bathe. Dun disturb u liao u cleaning ur room.,safe_personal,en,UCI SMS Spam Collection,downloaded_public_dataset
uci_sms_03458,safe,Ok. I.ll do you right later.,safe_personal,en,UCI SMS Spam Collection,downloaded_public_dataset
uci_sms_03460,safe,Have your lunch and come quickly and open the door:),safe_personal,en,UCI SMS Spam Collection,downloaded_public_dataset
uci_sms_03461,scam,Not heard from U4 a while. Call me now am here all night with just my knickers on. Make me beg for it like U did last time 01223585236 XX Luv Nikiyu4.net,spam_or_unspecified,en,UCI SMS Spam Collection,downloaded_public_dataset
uci_sms_03462,safe,I am back. Bit long cos of accident on a30. Had to divert via wadebridge.I had a brilliant weekend thanks. Speak soon. Lots of love,safe_personal,en,UCI SMS Spam Collection,downloaded_public_dataset
uci_sms_03463,safe,"K.. I yan jiu liao... Sat we can go 4 bugis vill one frm 10 to 3 den hop to parco 4 nb. Sun can go cine frm 1030 to 2, den hop to orc mrt 4 hip hop at 4...",safe_personal,en,UCI SMS Spam Collection,downloaded_public_dataset
uci_sms_03464,scam,Bloomberg -Message center +447797706009 Why wait? Apply for your future http://careers. bloomberg.com,spam_or_unspecified,en,UCI SMS Spam Collection,downloaded_public_dataset
uci_sms_03465,safe,i am seeking a lady in the street and a freak in the sheets. Is that you?,safe_personal,en,UCI SMS Spam Collection,downloaded_public_dataset
uci_sms_03466,safe,My phone,safe_personal,en,UCI SMS Spam Collection,downloaded_public_dataset
uci_sms_03467,safe,"Haha figures, well I found the piece and priscilla's bowl",safe_personal,en,UCI SMS Spam Collection,downloaded_public_dataset
uci_sms_03468,safe,"Actually fuck that, just do whatever, do find an excuse to be in tampa at some point before january though",safe_personal,en,UCI SMS Spam Collection,downloaded_public_dataset
uci_sms_03470,safe,yay! finally lol. i missed our cinema trip last week :-(,safe_personal,en,UCI SMS Spam Collection,downloaded_public_dataset
uci_sms_03471,safe,All day working day:)except saturday and sunday..,safe_personal,en,UCI SMS Spam Collection,downloaded_public_dataset
uci_sms_03473,safe,Heart is empty without love.. Mind is empty without wisdom.. Eyes r empty without dreams &amp; Life is empty without frnds.. So Alwys Be In Touch. Good night &amp; sweet dreams,safe_personal,en,UCI SMS Spam Collection,downloaded_public_dataset
uci_sms_03474,safe,"I think I‘m waiting for the same bus! Inform me when you get there, if you ever get there.",safe_personal,en,UCI SMS Spam Collection,downloaded_public_dataset
uci_sms_03475,safe,You getting back any time soon?,safe_personal,en,UCI SMS Spam Collection,downloaded_public_dataset
uci_sms_03476,safe,", how's things? Just a quick question.",safe_personal,en,UCI SMS Spam Collection,downloaded_public_dataset
uci_sms_03478,safe,"I can probably come by, everybody's done around &lt;#&gt; right?",safe_personal,en,UCI SMS Spam Collection,downloaded_public_dataset
uci_sms_03479,safe,I got it before the new year cos yetunde said she wanted to surprise you with it but when i didnt see money i returned it mid january before the &lt;#&gt; day return period ended.,safe_personal,en,UCI SMS Spam Collection,downloaded_public_dataset
uci_sms_03480,safe,I can ask around but there's not a lot in terms of mids up here,safe_personal,en,UCI SMS Spam Collection,downloaded_public_dataset
uci_sms_03481,safe,Be sure to check your yahoo email. We sent photos yesterday,safe_personal,en,UCI SMS Spam Collection,downloaded_public_dataset
uci_sms_03482,safe,What was she looking for?,safe_personal,en,UCI SMS Spam Collection,downloaded_public_dataset
uci_sms_03483,safe,Wherre's my boytoy ? :-(,safe_personal,en,UCI SMS Spam Collection,downloaded_public_dataset
uci_sms_03484,scam,Do you want a NEW video phone750 anytime any network mins 150 text for only five pounds per week call 08000776320 now or reply for delivery tomorrow,spam_or_unspecified,en,UCI SMS Spam Collection,downloaded_public_dataset
uci_sms_03485,safe,"Hello, my love! How goes that day ? I wish your well and fine babe and hope that you find some job prospects. I miss you, boytoy ... *a teasing kiss*",safe_personal,en,UCI SMS Spam Collection,downloaded_public_dataset
uci_sms_03486,safe,Tell my bad character which u Dnt lik in me. I'll try to change in &lt;#&gt; . I ll add tat 2 my new year resolution. Waiting for ur reply.Be frank...good morning.,safe_personal,en,UCI SMS Spam Collection,downloaded_public_dataset
uci_sms_03488,safe,"Yeah, probably earlier than that",safe_personal,en,UCI SMS Spam Collection,downloaded_public_dataset
uci_sms_03489,safe,Change windows logoff sound..,safe_personal,en,UCI SMS Spam Collection,downloaded_public_dataset
uci_sms_03491,safe,I'm also came to room.,safe_personal,en,UCI SMS Spam Collection,downloaded_public_dataset
uci_sms_03492,safe,Huh but i got lesson at 4 lei n i was thinkin of going to sch earlier n i tot of parkin at kent vale...,safe_personal,en,UCI SMS Spam Collection,downloaded_public_dataset
uci_sms_03494,safe,I will reach office around &lt;DECIMAL&gt; . &amp; my mobile have problem. You cann't get my voice. So call you asa i'll free,safe_personal,en,UCI SMS Spam Collection,downloaded_public_dataset
uci_sms_03495,safe,"Cool, text me when you head out",safe_personal,en,UCI SMS Spam Collection,downloaded_public_dataset
uci_sms_03496,scam,"You are being contacted by our dating service by someone you know! To find out who it is, call from a land line 09050000878. PoBox45W2TG150P",spam_or_unspecified,en,UCI SMS Spam Collection,downloaded_public_dataset
uci_sms_03497,scam,"Wan2 win a Meet+Greet with Westlife 4 U or a m8? They are currently on what tour? 1)Unbreakable, 2)Untamed, 3)Unkempt. Text 1,2 or 3 to 83049. Cost 50p +std text",spam_or_unspecified,en,UCI SMS Spam Collection,downloaded_public_dataset
uci_sms_03498,safe,Happy birthday... May u find ur prince charming soon n dun work too hard...,safe_personal,en,UCI SMS Spam Collection,downloaded_public_dataset
uci_sms_03499,safe,"Oh, the grand is having a bit of a party but it doesn't mention any cover charge so it's probably first come first served",safe_personal,en,UCI SMS Spam Collection,downloaded_public_dataset
uci_sms_03500,safe,You said to me before i went back to bed that you can't sleep for anything.,safe_personal,en,UCI SMS Spam Collection,downloaded_public_dataset
uci_sms_03501,safe,I hope you arnt pissed off but id would really like to see you tomorrow. Love me xxxxxxxxxxxxxX,safe_personal,en,UCI SMS Spam Collection,downloaded_public_dataset
uci_sms_03502,scam,Dorothy@kiefer.com (Bank of Granite issues Strong-Buy) EXPLOSIVE PICK FOR OUR MEMBERS *****UP OVER 300% *********** Nasdaq Symbol CDGT That is a $5.00 per..,spam_or_unspecified,en,UCI SMS Spam Collection,downloaded_public_dataset
uci_sms_03503,safe,says the &lt;#&gt; year old with a man and money. I'm down to my last &lt;#&gt; . Still waiting for that check.,safe_personal,en,UCI SMS Spam Collection,downloaded_public_dataset
uci_sms_03504,safe,I will come to ur home now,safe_personal,en,UCI SMS Spam Collection,downloaded_public_dataset
uci_sms_03505,safe,Free any day but i finish at 6 on mon n thurs...,safe_personal,en,UCI SMS Spam Collection,downloaded_public_dataset
uci_sms_03506,safe,Will you be here for food,safe_personal,en,UCI SMS Spam Collection,downloaded_public_dataset
uci_sms_03507,safe,"life alle mone,eppolum oru pole allalo",safe_personal,en,UCI SMS Spam Collection,downloaded_public_dataset
uci_sms_03508,safe,Nite...,safe_personal,en,UCI SMS Spam Collection,downloaded_public_dataset
uci_sms_03509,safe,"Two fundamentals of cool life: ""Walk, like you are the KING""...! OR ""Walk like you Dont care,whoever is the KING""!... Gud nyt",safe_personal,en,UCI SMS Spam Collection,downloaded_public_dataset
uci_sms_03510,safe,"Camera quite good, 10.1mega pixels, 3optical and 5digital dooms. Have a lovely holiday, be safe and i hope you hav a good journey! Happy new year to you both! See you in a couple of weeks!",safe_personal,en,UCI SMS Spam Collection,downloaded_public_dataset
uci_sms_03511,safe,Hi Petey!noim ok just wanted 2 chat coz avent spoken 2 u 4 a long time-hope ur doin alrite.have good nit at js love ya am.x,safe_personal,en,UCI SMS Spam Collection,downloaded_public_dataset
uci_sms_03512,safe,I just saw ron burgundy captaining a party boat so yeah,safe_personal,en,UCI SMS Spam Collection,downloaded_public_dataset
uci_sms_03513,safe,I'm serious. You are in the money base,safe_personal,en,UCI SMS Spam Collection,downloaded_public_dataset
uci_sms_03514,safe,Already one guy loving you:-.,safe_personal,en,UCI SMS Spam Collection,downloaded_public_dataset
uci_sms_03515,safe,Staff of placement training in Amrita college.,safe_personal,en,UCI SMS Spam Collection,downloaded_public_dataset
uci_sms_03516,safe,I always chat with you. In fact i need money can you raise me?,safe_personal,en,UCI SMS Spam Collection,downloaded_public_dataset
uci_sms_03517,safe,I'm job profile seems like bpo..,safe_personal,en,UCI SMS Spam Collection,downloaded_public_dataset
uci_sms_03518,safe,"Well, I was about to give up cos they all said no they didn‘t do one nighters. I persevered and found one but it is very cheap so i apologise in advance. It is just somewhere to sleep isnt it?",safe_personal,en,UCI SMS Spam Collection,downloaded_public_dataset
uci_sms_03519,safe,"So you think i should actually talk to him? Not call his boss in the morning? I went to this place last year and he told me where i could go and get my car fixed cheaper. He kept telling me today how much he hoped i would come back in, how he always regretted not getting my number, etc.",safe_personal,en,UCI SMS Spam Collection,downloaded_public_dataset
uci_sms_03520,safe,Are you willing to go for apps class.,safe_personal,en,UCI SMS Spam Collection,downloaded_public_dataset
uci_sms_03521,safe,Hanging out with my brother and his family,safe_personal,en,UCI SMS Spam Collection,downloaded_public_dataset
uci_sms_03522,safe,No it will reach by 9 only. She telling she will be there. I dont know,safe_personal,en,UCI SMS Spam Collection,downloaded_public_dataset
uci_sms_03523,safe,Hey... are you going to quit soon? Xuhui and i working till end of the month,safe_personal,en,UCI SMS Spam Collection,downloaded_public_dataset
uci_sms_03524,safe,"Im sorry bout last nite it wasnt ur fault it was me, spouse it was pmt or sumthin! U 4give me? I think u shldxxxx",safe_personal,en,UCI SMS Spam Collection,downloaded_public_dataset
uci_sms_03525,safe,Try neva mate!!,safe_personal,en,UCI SMS Spam Collection,downloaded_public_dataset
uci_sms_03526,safe,Yeah that'd pretty much be the best case scenario,safe_personal,en,UCI SMS Spam Collection,downloaded_public_dataset
uci_sms_03527,safe,I not free today i haf 2 pick my parents up tonite...,safe_personal,en,UCI SMS Spam Collection,downloaded_public_dataset
uci_sms_03528,safe,"HEY BABE! FAR 2 SPUN-OUT 2 SPK AT DA MO... DEAD 2 DA WRLD. BEEN SLEEPING ON DA SOFA ALL DAY, HAD A COOL NYTHO, TX 4 FONIN HON, CALL 2MWEN IM BK FRMCLOUD 9! J X",safe_personal,en,UCI SMS Spam Collection,downloaded_public_dataset
uci_sms_03529,safe,Should i send you naughty pix? :),safe_personal,en,UCI SMS Spam Collection,downloaded_public_dataset
uci_sms_03530,scam,"You are a £1000 winner or Guaranteed Caller Prize, this is our Final attempt to contact you! To Claim Call 09071517866 Now! 150ppmPOBox10183BhamB64XE",spam_or_unspecified,en,UCI SMS Spam Collection,downloaded_public_dataset
uci_sms_03531,scam,"Xmas & New Years Eve tickets are now on sale from the club, during the day from 10am till 8pm, and on Thurs, Fri & Sat night this week. They're selling fast!",spam_or_unspecified,en,UCI SMS Spam Collection,downloaded_public_dataset
uci_sms_03532,safe,"Tyler (getting an 8th) has to leave not long after 9, can you get here in like an hour?",safe_personal,en,UCI SMS Spam Collection,downloaded_public_dataset
uci_sms_03533,safe,Prepare to be pounded every night...,safe_personal,en,UCI SMS Spam Collection,downloaded_public_dataset
uci_sms_03534,safe,"Actually, my mobile is full of msg. And i m doing a work online, where i need to send them &lt;#&gt; sent msg i wil explain u later.",safe_personal,en,UCI SMS Spam Collection,downloaded_public_dataset
uci_sms_03536,safe,Good evening! How are you?,safe_personal,en,UCI SMS Spam Collection,downloaded_public_dataset
uci_sms_03537,safe,I'm at home. Please call,safe_personal,en,UCI SMS Spam Collection,downloaded_public_dataset
uci_sms_03538,safe,Oic cos me n my sis got no lunch today my dad went out... So dunno whether 2 eat in sch or wat...,safe_personal,en,UCI SMS Spam Collection,downloaded_public_dataset
uci_sms_03539,safe,"Mmmmm ... It was sooooo good to wake to your words this morning, my Love!! Mmmm fuck ... I love you too, my Lion ... *devouring kiss from across the sea*",safe_personal,en,UCI SMS Spam Collection,downloaded_public_dataset
uci_sms_03540,safe,We are pleased to inform that your application for Airtel Broadband is processed successfully. Your installation will happen within 3 days.,safe_personal,en,UCI SMS Spam Collection,downloaded_public_dataset
uci_sms_03541,safe,What happen dear. Why you silent. I am tensed,safe_personal,en,UCI SMS Spam Collection,downloaded_public_dataset
uci_sms_03542,safe,"I'll get there at 3, unless you guys want me to come some time sooner",safe_personal,en,UCI SMS Spam Collection,downloaded_public_dataset
uci_sms_03543,safe,If you are not coughing then its nothing,safe_personal,en,UCI SMS Spam Collection,downloaded_public_dataset
uci_sms_03544,safe,Ü come lt 25 n pass to me lar,safe_personal,en,UCI SMS Spam Collection,downloaded_public_dataset
uci_sms_03545,safe,I'm e person who's doing e sms survey...,safe_personal,en,UCI SMS Spam Collection,downloaded_public_dataset
uci_sms_03546,safe,Lol ok ill try to send. Be warned Sprint is dead slow. You'll prolly get it tomorrow,safe_personal,en,UCI SMS Spam Collection,downloaded_public_dataset
uci_sms_03547,safe,Thank You meet you monday,safe_personal,en,UCI SMS Spam Collection,downloaded_public_dataset
uci_sms_03548,safe,SO IS TH GOWER MATE WHICH IS WHERE I AM!?! HOW R U MAN? ALL IS GOOD IN WALES ILL B BACK MORROW. C U THIS WK? WHO WAS THE MSG 4?  RANDOM!,safe_personal,en,UCI SMS Spam Collection,downloaded_public_dataset
uci_sms_03549,scam,"Rock yr chik. Get 100's of filthy films &XXX pics on yr phone now. rply FILTH to 69669. Saristar Ltd, E14 9YT 08701752560. 450p per 5 days. Stop2 cancel",spam_or_unspecified,en,UCI SMS Spam Collection,downloaded_public_dataset
uci_sms_03551,safe,"I got like $ &lt;#&gt; , I can get some more later though. Get whatever you feel like",safe_personal,en,UCI SMS Spam Collection,downloaded_public_dataset
uci_sms_03552,safe,"Dad wanted to talk about the apartment so I got a late start, omw now",safe_personal,en,UCI SMS Spam Collection,downloaded_public_dataset
uci_sms_03553,safe,I love you both too :-),safe_personal,en,UCI SMS Spam Collection,downloaded_public_dataset
uci_sms_03554,safe,Lol u still feeling sick?,safe_personal,en,UCI SMS Spam Collection,downloaded_public_dataset
uci_sms_03555,safe,Din i tell u jus now 420,safe_personal,en,UCI SMS Spam Collection,downloaded_public_dataset
uci_sms_03556,safe,am up to my eyes in philosophy,safe_personal,en,UCI SMS Spam Collection,downloaded_public_dataset
uci_sms_03557,scam,From next month get upto 50% More Calls 4 Ur standard network charge 2 activate Call 9061100010 C Wire3.net 1st4Terms PoBox84 M26 3UZ Cost £1.50 min MobcudB more,spam_or_unspecified,en,UCI SMS Spam Collection,downloaded_public_dataset
uci_sms_03558,safe,Ok lor. I'm in town now lei.,safe_personal,en,UCI SMS Spam Collection,downloaded_public_dataset
uci_sms_03559,safe,I had it already..sabarish asked me to go..,safe_personal,en,UCI SMS Spam Collection,downloaded_public_dataset
uci_sms_03560,safe,No da. . Vijay going to talk in jaya tv,safe_personal,en,UCI SMS Spam Collection,downloaded_public_dataset
uci_sms_03561,scam,URGENT! We are trying to contact U Todays draw shows that you have won a £800 prize GUARANTEED. Call 09050000460 from land line. Claim J89. po box245c2150pm,spam_or_unspecified,en,UCI SMS Spam Collection,downloaded_public_dataset
uci_sms_03562,safe,Lol I know! Hey someone did a great inpersonation of flea on the forums. I love it!,safe_personal,en,UCI SMS Spam Collection,downloaded_public_dataset
uci_sms_03563,scam,Text BANNEDUK to 89555 to see! cost 150p textoperator g696ga 18+ XXX,spam_or_unspecified,en,UCI SMS Spam Collection,downloaded_public_dataset
uci_sms_03564,safe,Still chance there. If you search hard you will get it..let have a try :),safe_personal,en,UCI SMS Spam Collection,downloaded_public_dataset
uci_sms_03565,scam,"Auction round 4. The highest bid is now £54. Next maximum bid is £71. To bid, send BIDS e. g. 10 (to bid £10) to 83383. Good luck.",spam_or_unspecified,en,UCI SMS Spam Collection,downloaded_public_dataset
uci_sms_03566,safe,Do you always celebrate NY's with your family ?,safe_personal,en,UCI SMS Spam Collection,downloaded_public_dataset
uci_sms_03567,safe,"We know TAJ MAHAL as symbol of love. But the other lesser known facts 1. Mumtaz was Shahjahan's 4th wife, out of his 7 wifes. 2. Shahjahan killed Mumtaz's husband to marry her. 3. Mumtaz died in her &lt;#&gt; th delivery. 4. He then married Mumtaz's sister. Question arises where the Hell is the LOVE?:-| -The Great Hari-",safe_personal,en,UCI SMS Spam Collection,downloaded_public_dataset
uci_sms_03568,safe,Its ok..come to my home it vl nice to meet and v can chat..,safe_personal,en,UCI SMS Spam Collection,downloaded_public_dataset
uci_sms_03569,scam,Collect your VALENTINE'S weekend to PARIS inc Flight & Hotel + £200 Prize guaranteed! Text: PARIS to No: 69101. www.rtf.sphosting.com,spam_or_unspecified,en,UCI SMS Spam Collection,downloaded_public_dataset
uci_sms_03570,safe,Sent me de webadres for geting salary slip,safe_personal,en,UCI SMS Spam Collection,downloaded_public_dataset
uci_sms_03571,safe,She's fine. Sends her greetings,safe_personal,en,UCI SMS Spam Collection,downloaded_public_dataset
uci_sms_03572,scam,Customer Loyalty Offer:The NEW Nokia6650 Mobile from ONLY £10 at TXTAUCTION! Txt word: START to No: 81151 & get yours Now! 4T&Ctxt TC 150p/MTmsg,spam_or_unspecified,en,UCI SMS Spam Collection,downloaded_public_dataset
uci_sms_03573,safe,But you dint in touch with me.,safe_personal,en,UCI SMS Spam Collection,downloaded_public_dataset
uci_sms_03574,safe,"Yup, leaving right now, be back soon",safe_personal,en,UCI SMS Spam Collection,downloaded_public_dataset
uci_sms_03575,scam,You won't believe it but it's true. It's Incredible Txts! Reply G now to learn truly amazing things that will blow your mind. From O2FWD only 18p/txt,spam_or_unspecified,en,UCI SMS Spam Collection,downloaded_public_dataset
uci_sms_03576,safe,Yeah sure I'll leave in a min,safe_personal,en,UCI SMS Spam Collection,downloaded_public_dataset
uci_sms_03577,safe,And do you have any one that can teach me how to ship cars.,safe_personal,en,UCI SMS Spam Collection,downloaded_public_dataset
uci_sms_03578,safe,"The sign of maturity is not when we start saying big things.. But actually it is, when we start understanding small things... *HAVE A NICE EVENING* BSLVYL",safe_personal,en,UCI SMS Spam Collection,downloaded_public_dataset
uci_sms_03579,safe,Yeah confirmed for you staying at that weekend,safe_personal,en,UCI SMS Spam Collection,downloaded_public_dataset
uci_sms_03580,safe,They said ü dun haf passport or smth like dat.. Or ü juz send to my email account..,safe_personal,en,UCI SMS Spam Collection,downloaded_public_dataset
uci_sms_03581,safe,"Multiply the numbers independently and count decimal points then, for the division, push the decimal places like i showed you.",safe_personal,en,UCI SMS Spam Collection,downloaded_public_dataset
uci_sms_03582,safe,"Have a lovely night and when you wake up to see this message, i hope you smile knowing all is as should be. Have a great morning",safe_personal,en,UCI SMS Spam Collection,downloaded_public_dataset
uci_sms_03583,safe,Ard 4 lor...,safe_personal,en,UCI SMS Spam Collection,downloaded_public_dataset
uci_sms_03584,safe,You are right. Meanwhile how's project twins comin up,safe_personal,en,UCI SMS Spam Collection,downloaded_public_dataset
uci_sms_03585,safe,I sent your maga that money yesterday oh.,safe_personal,en,UCI SMS Spam Collection,downloaded_public_dataset
uci_sms_03588,scam,I am hot n horny and willing I live local to you - text a reply to hear strt back from me 150p per msg Netcollex LtdHelpDesk: 02085076972 reply Stop to end,spam_or_unspecified,en,UCI SMS Spam Collection,downloaded_public_dataset
uci_sms_03589,safe,Our ride equally uneventful - not too many of those pesky cyclists around at that time of night ;).,safe_personal,en,UCI SMS Spam Collection,downloaded_public_dataset
uci_sms_03590,safe,If you were/are free i can give. Otherwise nalla adi entey nattil kittum,safe_personal,en,UCI SMS Spam Collection,downloaded_public_dataset
uci_sms_03591,safe,I've sent my wife your text. After we buy them she'll tell you what to do. So just relax. We should go get them this wkend.,safe_personal,en,UCI SMS Spam Collection,downloaded_public_dataset
uci_sms_03592,safe,I am in escape theatre now. . Going to watch KAVALAN in a few minutes,safe_personal,en,UCI SMS Spam Collection,downloaded_public_dataset
uci_sms_03593,safe,How much would it cost to hire a hitman,safe_personal,en,UCI SMS Spam Collection,downloaded_public_dataset
uci_sms_03594,safe,I anything lor...,safe_personal,en,UCI SMS Spam Collection,downloaded_public_dataset
uci_sms_03596,scam,Do you want a New Nokia 3510i Colour Phone Delivered Tomorrow? With 200 FREE minutes to any mobile + 100 FREE text + FREE camcorder Reply or Call 08000930705,spam_or_unspecified,en,UCI SMS Spam Collection,downloaded_public_dataset
uci_sms_03597,safe,Huh but i cant go 2 ur house empty handed right?,safe_personal,en,UCI SMS Spam Collection,downloaded_public_dataset
uci_sms_03598,safe,Good morning princess! Happy New Year!,safe_personal,en,UCI SMS Spam Collection,downloaded_public_dataset
uci_sms_03599,scam,Congratulations YOU'VE Won. You're a Winner in our August £1000 Prize Draw. Call 09066660100 NOW. Prize Code 2309.,spam_or_unspecified,en,UCI SMS Spam Collection,downloaded_public_dataset
uci_sms_03600,safe,"Aight, we'll head out in a few",safe_personal,en,UCI SMS Spam Collection,downloaded_public_dataset
uci_sms_03601,safe,Then wat r u doing now? Busy wif work?,safe_personal,en,UCI SMS Spam Collection,downloaded_public_dataset
uci_sms_03602,safe,I know you mood off today,safe_personal,en,UCI SMS Spam Collection,downloaded_public_dataset
uci_sms_03603,safe,"Jay told me already, will do",safe_personal,en,UCI SMS Spam Collection,downloaded_public_dataset
uci_sms_03604,safe,Cps is causing the outages to conserve energy.,safe_personal,en,UCI SMS Spam Collection,downloaded_public_dataset
uci_sms_03605,safe,"I'm not sure, I was just checking out what was happening around the area",safe_personal,en,UCI SMS Spam Collection,downloaded_public_dataset
uci_sms_03606,safe,Hey morning what you come to ask:-) pa...,safe_personal,en,UCI SMS Spam Collection,downloaded_public_dataset
uci_sms_03607,safe,Jordan got voted out last nite!,safe_personal,en,UCI SMS Spam Collection,downloaded_public_dataset
uci_sms_03608,safe,"That means you got an A in epi, she.s fine. She.s here now.",safe_personal,en,UCI SMS Spam Collection,downloaded_public_dataset
uci_sms_03609,safe,I have no idea where you are,safe_personal,en,UCI SMS Spam Collection,downloaded_public_dataset
uci_sms_03610,safe,Pls come quick cant bare this.,safe_personal,en,UCI SMS Spam Collection,downloaded_public_dataset
uci_sms_03612,safe,"Call me. I m unable to cal. Lets meet bhaskar, and deep",safe_personal,en,UCI SMS Spam Collection,downloaded_public_dataset
uci_sms_03613,safe,No. I.ll meet you in the library,safe_personal,en,UCI SMS Spam Collection,downloaded_public_dataset
uci_sms_03614,safe,"K, my roommate also wants a dubsack and another friend may also want some so plan on bringing extra, I'll tell you when they know for sure",safe_personal,en,UCI SMS Spam Collection,downloaded_public_dataset
uci_sms_03615,safe,Depends on individual lor e hair dresser say pretty but my parents say look gong. U kaypoh.. I also dunno wat she collecting.,safe_personal,en,UCI SMS Spam Collection,downloaded_public_dataset
uci_sms_03616,safe,Ok c ü then.,safe_personal,en,UCI SMS Spam Collection,downloaded_public_dataset
uci_sms_03617,safe,I enjoy watching and playing football and basketball. Anything outdoors. And you?,safe_personal,en,UCI SMS Spam Collection,downloaded_public_dataset
uci_sms_03618,safe,"Can you please ask macho what his price range is, does he want something new or used plus it he only interfued in the blackberry bold &lt;#&gt; or any bb",safe_personal,en,UCI SMS Spam Collection,downloaded_public_dataset
uci_sms_03619,safe,Sorry sent blank msg again. Yup but trying 2 do some serious studying now.,safe_personal,en,UCI SMS Spam Collection,downloaded_public_dataset
uci_sms_03620,safe,Hey check it da. I have listed da.,safe_personal,en,UCI SMS Spam Collection,downloaded_public_dataset
uci_sms_03621,scam,8007 25p 4 Alfie Moon's Children in Need song on ur mob. Tell ur m8s. Txt TONE CHARITY to 8007 for nokias or POLY CHARITY for polys :zed 08701417012 profit 2 charity,spam_or_unspecified,en,UCI SMS Spam Collection,downloaded_public_dataset
uci_sms_03622,safe,I meant as an apology from me for texting you to get me drugs at &lt;#&gt; at night,safe_personal,en,UCI SMS Spam Collection,downloaded_public_dataset
uci_sms_03623,safe,That means from february to april i'll be getting a place to stay down there so i don't have to hustle back and forth during audition season as i have since my sister moved away from harlem.,safe_personal,en,UCI SMS Spam Collection,downloaded_public_dataset
uci_sms_03624,safe,Goin to workout lor... Muz lose e fats...,safe_personal,en,UCI SMS Spam Collection,downloaded_public_dataset
uci_sms_03625,safe,"Damn, poor zac doesn't stand a chance",safe_personal,en,UCI SMS Spam Collection,downloaded_public_dataset
uci_sms_03627,safe,I want to tel u one thing u should not mistake me k THIS IS THE MESSAGE THAT YOU SENT:),safe_personal,en,UCI SMS Spam Collection,downloaded_public_dataset
uci_sms_03628,safe,Yeah right! I'll bring my tape measure fri!,safe_personal,en,UCI SMS Spam Collection,downloaded_public_dataset
uci_sms_03631,safe,Should I head straight there or what,safe_personal,en,UCI SMS Spam Collection,downloaded_public_dataset
uci_sms_03632,scam,Get the official ENGLAND poly ringtone or colour flag on yer mobile for tonights game! Text TONE or FLAG to 84199. Optout txt ENG STOP Box39822 W111WX £1.50,spam_or_unspecified,en,UCI SMS Spam Collection,downloaded_public_dataset
uci_sms_03633,safe,Thank you princess! You are so sexy...,safe_personal,en,UCI SMS Spam Collection,downloaded_public_dataset
uci_sms_03634,safe,Oooh I got plenty of those!,safe_personal,en,UCI SMS Spam Collection,downloaded_public_dataset
uci_sms_03635,safe,Hui xin is in da lib.,safe_personal,en,UCI SMS Spam Collection,downloaded_public_dataset
uci_sms_03636,safe,Its a big difference. &lt;#&gt; versus &lt;#&gt; every &lt;#&gt; hrs,safe_personal,en,UCI SMS Spam Collection,downloaded_public_dataset
uci_sms_03637,safe,"It's not that you make me cry. It's just that when all our stuff happens on top of everything else, it pushes me over the edge. You don't underdtand how often i cry over my sorry, sorry life.",safe_personal,en,UCI SMS Spam Collection,downloaded_public_dataset
uci_sms_03638,safe,ME 2 BABE I FEEL THE SAME LETS JUST 4GET ABOUT IT+BOTH TRY +CHEER UP+NOT FIT SOO MUCHXXLOVE U LOCAXX,safe_personal,en,UCI SMS Spam Collection,downloaded_public_dataset
uci_sms_03639,safe,You know what hook up means right?,safe_personal,en,UCI SMS Spam Collection,downloaded_public_dataset
uci_sms_03640,scam,"Customer service announcement. We recently tried to make a delivery to you but were unable to do so, please call 07090298926 to re-schedule. Ref:9307622",spam_or_unspecified,en,UCI SMS Spam Collection,downloaded_public_dataset
uci_sms_03641,safe,Wat's da model num of ur phone?,safe_personal,en,UCI SMS Spam Collection,downloaded_public_dataset
uci_sms_03642,safe,He's really into skateboarding now despite the fact that he gets thrown off of it and winds up with bandages and shit all over his arms every five minutes,safe_personal,en,UCI SMS Spam Collection,downloaded_public_dataset
uci_sms_03643,scam,"You can stop further club tones by replying ""STOP MIX"" See my-tone.com/enjoy. html for terms. Club tones cost GBP4.50/week. MFL, PO Box 1146 MK45 2WT (2/3)",spam_or_unspecified,en,UCI SMS Spam Collection,downloaded_public_dataset
uci_sms_03644,safe,My house here e sky quite dark liao... If raining then got excuse not 2 run already rite... Hee...,safe_personal,en,UCI SMS Spam Collection,downloaded_public_dataset
uci_sms_03645,safe,"Sorry, left phone upstairs. OK, might be hectic but would be all my birds with one fell swoop. It's a date.",safe_personal,en,UCI SMS Spam Collection,downloaded_public_dataset
uci_sms_03646,safe,* Thought I didn't see you.,safe_personal,en,UCI SMS Spam Collection,downloaded_public_dataset
uci_sms_03647,scam,wamma get laid?want real doggin locations sent direct to your mobile? join the UKs largest dogging network. txt dogs to 69696 now!nyt. ec2a. 3lp £1.50/msg.,spam_or_unspecified,en,UCI SMS Spam Collection,downloaded_public_dataset
uci_sms_03648,safe,Carlos says we can pick up from him later so yeah we're set,safe_personal,en,UCI SMS Spam Collection,downloaded_public_dataset
uci_sms_03649,safe,"Hey babe, my friend had to cancel, still up for a visit ?",safe_personal,en,UCI SMS Spam Collection,downloaded_public_dataset
uci_sms_03651,safe,Hmm ill have to think about it... ok you're forgiven! =D,safe_personal,en,UCI SMS Spam Collection,downloaded_public_dataset
uci_sms_03652,safe,"We are hoping to get away by 7, from Langport. You still up for town tonight?",safe_personal,en,UCI SMS Spam Collection,downloaded_public_dataset
uci_sms_03653,safe,Want to send me a virtual hug?... I need one,safe_personal,en,UCI SMS Spam Collection,downloaded_public_dataset
uci_sms_03654,safe,"Probably not, still going over some stuff here",safe_personal,en,UCI SMS Spam Collection,downloaded_public_dataset
uci_sms_03655,safe,It has issues right now. Ill fix for her by tomorrow.,safe_personal,en,UCI SMS Spam Collection,downloaded_public_dataset
uci_sms_03656,safe,Why i come in between you people,safe_personal,en,UCI SMS Spam Collection,downloaded_public_dataset
uci_sms_03657,safe,Senthil group company Apnt 5pm.,safe_personal,en,UCI SMS Spam Collection,downloaded_public_dataset
uci_sms_03658,safe,Oh really?? Did you make it on air? What's your talent?,safe_personal,en,UCI SMS Spam Collection,downloaded_public_dataset
uci_sms_03659,safe,Studying. But i.ll be free next weekend.,safe_personal,en,UCI SMS Spam Collection,downloaded_public_dataset
uci_sms_03660,safe,R u here yet? I'm wearing blue shirt n black pants.,safe_personal,en,UCI SMS Spam Collection,downloaded_public_dataset
uci_sms_03661,safe,Wait.i will come out.. &lt;#&gt; min:),safe_personal,en,UCI SMS Spam Collection,downloaded_public_dataset
uci_sms_03662,safe,I will reach ur home in &lt;#&gt; minutes,safe_personal,en,UCI SMS Spam Collection,downloaded_public_dataset
uci_sms_03663,safe,Well then you have a great weekend!,safe_personal,en,UCI SMS Spam Collection,downloaded_public_dataset
uci_sms_03664,safe,"What are you doing in langport? Sorry, but I'll probably be in bed by 9pm. It sucks being ill at xmas! When do you and go2sri lanka?",safe_personal,en,UCI SMS Spam Collection,downloaded_public_dataset
uci_sms_03665,safe,"Frnd s not juz a word.....not merely a relationship.....its a silent promise which says ... "" I will be with YOU "" Wherevr.. Whenevr.. Forevr... Gudnyt dear..",safe_personal,en,UCI SMS Spam Collection,downloaded_public_dataset
uci_sms_03666,safe,Huh? 6 also cannot? Then only how many mistakes?,safe_personal,en,UCI SMS Spam Collection,downloaded_public_dataset
uci_sms_03667,safe,Ha... U jus ate honey ar? So sweet...,safe_personal,en,UCI SMS Spam Collection,downloaded_public_dataset
uci_sms_03668,safe,I'm turning off my phone. My moms telling everyone I have cancer. And my sister won't stop calling. It hurts to talk. Can't put up with it. See u when u get home. Love u,safe_personal,en,UCI SMS Spam Collection,downloaded_public_dataset
uci_sms_03669,safe,"Honey ? Sweetheart ? Darling ? Sexy buns ? Sugar plum ? Loverboy ? I miss you, boytoy ... *smacks your ass* Did you go to the gym too ?",safe_personal,en,UCI SMS Spam Collection,downloaded_public_dataset
uci_sms_03670,safe,Thanks for loving me so. You rock,safe_personal,en,UCI SMS Spam Collection,downloaded_public_dataset
uci_sms_03671,safe,Yeah imma come over cause jay wants to do some drugs,safe_personal,en,UCI SMS Spam Collection,downloaded_public_dataset
uci_sms_03672,safe,Ok thanx... Take care then...,safe_personal,en,UCI SMS Spam Collection,downloaded_public_dataset
uci_sms_03673,safe,Yup. Thk of u oso boring wat.,safe_personal,en,UCI SMS Spam Collection,downloaded_public_dataset
uci_sms_03674,safe,"came to look at the flat, seems ok, in his 50s? * Is away alot wiv work. Got woman coming at 6.30 too.",safe_personal,en,UCI SMS Spam Collection,downloaded_public_dataset
uci_sms_03675,safe,Moji just informed me that you saved our lives. Thanks.,safe_personal,en,UCI SMS Spam Collection,downloaded_public_dataset
uci_sms_03677,safe,Whos this am in class:-),safe_personal,en,UCI SMS Spam Collection,downloaded_public_dataset
uci_sms_03678,safe,Hey r ü still online? I've finished the formatting...,safe_personal,en,UCI SMS Spam Collection,downloaded_public_dataset
uci_sms_03679,safe,Great! So what attracts you to the brothas?,safe_personal,en,UCI SMS Spam Collection,downloaded_public_dataset
uci_sms_03680,scam,Promotion Number: 8714714 - UR awarded a City Break and could WIN a £200 Summer Shopping spree every WK. Txt STORE to 88039 . SkilGme. TsCs087147403231Winawk!Age16 £1.50perWKsub,spam_or_unspecified,en,UCI SMS Spam Collection,downloaded_public_dataset
uci_sms_03683,safe,LOL what happens in Vegas stays in vegas,safe_personal,en,UCI SMS Spam Collection,downloaded_public_dataset
uci_sms_03684,safe,"Hello, hello, hi lou sorry it took so long 2 reply- I left mobile at friends in Lancaster, just got it bak Neway im sorry I couldnt make ur bday 2 hun!",safe_personal,en,UCI SMS Spam Collection,downloaded_public_dataset
uci_sms_03685,safe,When did i use soc... I use it only at home... Ü dunno how 2 type it in word ar...,safe_personal,en,UCI SMS Spam Collection,downloaded_public_dataset
uci_sms_03686,safe,Dad says hurry the hell up,safe_personal,en,UCI SMS Spam Collection,downloaded_public_dataset
uci_sms_03687,safe,Wake me up at &lt;#&gt; am morning:),safe_personal,en,UCI SMS Spam Collection,downloaded_public_dataset
uci_sms_03688,safe,"I get out of class in bsn in like &lt;#&gt; minutes, you know where advising is?",safe_personal,en,UCI SMS Spam Collection,downloaded_public_dataset
uci_sms_03689,safe,Great! I shoot big loads so get ready!,safe_personal,en,UCI SMS Spam Collection,downloaded_public_dataset
uci_sms_03690,safe,I'll meet you in the lobby,safe_personal,en,UCI SMS Spam Collection,downloaded_public_dataset
uci_sms_03691,safe,You still coming tonight?,safe_personal,en,UCI SMS Spam Collection,downloaded_public_dataset
uci_sms_03692,safe,What happen dear tell me,safe_personal,en,UCI SMS Spam Collection,downloaded_public_dataset
uci_sms_03693,safe,"Sir, i am waiting for your call, once free please call me.",safe_personal,en,UCI SMS Spam Collection,downloaded_public_dataset
uci_sms_03695,safe,I was about to do it when i texted. I finished a long time ago and showered and er'ything!,safe_personal,en,UCI SMS Spam Collection,downloaded_public_dataset
uci_sms_03696,safe,Ok im not sure what time i finish tomorrow but i wanna spend the evening with you cos that would be vewy vewy lubly! Love me xxx,safe_personal,en,UCI SMS Spam Collection,downloaded_public_dataset
uci_sms_03697,safe,"Hello, As per request from &lt;#&gt; Rs.5 has been transfered to you",safe_personal,en,UCI SMS Spam Collection,downloaded_public_dataset
uci_sms_03698,safe,I am in tirupur. call you da.,safe_personal,en,UCI SMS Spam Collection,downloaded_public_dataset
uci_sms_03699,scam,You are a winner you have been specially selected to receive £1000 cash or a £2000 award. Speak to a live operator to claim call 087147123779am-7pm. Cost 10p,spam_or_unspecified,en,UCI SMS Spam Collection,downloaded_public_dataset
uci_sms_03700,safe,S:)but he had some luck.2 catches put down:),safe_personal,en,UCI SMS Spam Collection,downloaded_public_dataset
uci_sms_03701,safe,How i noe... Did ü specify da domain as nusstu... Ü still in sch...,safe_personal,en,UCI SMS Spam Collection,downloaded_public_dataset
uci_sms_03702,safe,Oh...i asked for fun. Haha...take care. ü,safe_personal,en,UCI SMS Spam Collection,downloaded_public_dataset
uci_sms_03703,safe,Shall i get my pouch?,safe_personal,en,UCI SMS Spam Collection,downloaded_public_dataset
uci_sms_03704,safe,Hey loverboy! I love you !! I had to tell ... I look at your picture and ache to feel you between my legs ... Fuck I want you ... I need you ... I crave you .,safe_personal,en,UCI SMS Spam Collection,downloaded_public_dataset
uci_sms_03705,safe,"How is my boy? No sweet words left for me this morning ... *sighs* ... How goes you day, my love ? Did you start your studying?",safe_personal,en,UCI SMS Spam Collection,downloaded_public_dataset
uci_sms_03706,safe,Kent vale lor... Ü wait 4 me there ar?,safe_personal,en,UCI SMS Spam Collection,downloaded_public_dataset
uci_sms_03707,safe,Ok. Very good. Its all about making that money.,safe_personal,en,UCI SMS Spam Collection,downloaded_public_dataset
uci_sms_03708,safe,Reading gud habit.. Nan bari hudgi yorge pataistha ertini kano:-),safe_personal,en,UCI SMS Spam Collection,downloaded_public_dataset
uci_sms_03709,safe,Aight do you still want to get money,safe_personal,en,UCI SMS Spam Collection,downloaded_public_dataset
uci_sms_03712,safe,ARE YOU IN TOWN? THIS IS V. IMPORTANT,safe_personal,en,UCI SMS Spam Collection,downloaded_public_dataset
uci_sms_03713,safe,"Sorry pa, i dont knw who ru pa?",safe_personal,en,UCI SMS Spam Collection,downloaded_public_dataset
uci_sms_03714,safe,Wat u doing there?,safe_personal,en,UCI SMS Spam Collection,downloaded_public_dataset
uci_sms_03715,safe,If i not meeting ü all rite then i'll go home lor. If ü dun feel like comin it's ok.,safe_personal,en,UCI SMS Spam Collection,downloaded_public_dataset
uci_sms_03716,safe,"Oh, i will get paid. The most outstanding one is for a commercial i did for Hasbro...in AUGUST! They made us jump through so many hoops to get paid. Still not.",safe_personal,en,UCI SMS Spam Collection,downloaded_public_dataset
uci_sms_03717,safe,"I am late,so call you tomorrow morning.take care sweet dreams....u and me...ummifying...bye.",safe_personal,en,UCI SMS Spam Collection,downloaded_public_dataset
uci_sms_03718,safe,Networking technical support associate.,safe_personal,en,UCI SMS Spam Collection,downloaded_public_dataset
uci_sms_03719,safe,I'm gonna rip out my uterus.,safe_personal,en,UCI SMS Spam Collection,downloaded_public_dataset
uci_sms_03720,safe,Cool. Do you like swimming? I have a pool and jacuzzi at my house.,safe_personal,en,UCI SMS Spam Collection,downloaded_public_dataset
uci_sms_03721,scam,"Thanks for your ringtone order, reference number X49. Your mobile will be charged 4.50. Should your tone not arrive please call customer services 09065989182. From: [colour=red]text[/colour]TXTstar",spam_or_unspecified,en,UCI SMS Spam Collection,downloaded_public_dataset
uci_sms_03722,safe,"Yeah why not, is the gang all ready",safe_personal,en,UCI SMS Spam Collection,downloaded_public_dataset
uci_sms_03723,safe,Blank is Blank. But wat is blank? Lol,safe_personal,en,UCI SMS Spam Collection,downloaded_public_dataset
uci_sms_03724,safe,I'm in a movie... Collect car oredi...,safe_personal,en,UCI SMS Spam Collection,downloaded_public_dataset
uci_sms_03725,safe,We left already we at orchard now.,safe_personal,en,UCI SMS Spam Collection,downloaded_public_dataset
uci_sms_03726,scam,"Hi there, 2nights ur lucky night! Uve been invited 2 XCHAT, the Uks wildest chat! Txt CHAT to 86688 now! 150p/MsgrcvdHG/Suite342/2Lands/Row/W1J6HL LDN 18yrs",spam_or_unspecified,en,UCI SMS Spam Collection,downloaded_public_dataset
uci_sms_03727,safe,Nothing spl..wat abt u and whr ru?,safe_personal,en,UCI SMS Spam Collection,downloaded_public_dataset
uci_sms_03728,safe,No chikku nt yet.. Ya i'm free,safe_personal,en,UCI SMS Spam Collection,downloaded_public_dataset
uci_sms_03729,safe,"Aldrine, rakhesh ex RTM here.pls call.urgent.",safe_personal,en,UCI SMS Spam Collection,downloaded_public_dataset
uci_sms_03730,safe,The search 4 happiness is 1 of d main sources of unhappiness! Accept life the way it comes! U will find happiness in every moment u live.,safe_personal,en,UCI SMS Spam Collection,downloaded_public_dataset
uci_sms_03732,safe,"I guess you could be as good an excuse as any, lol.",safe_personal,en,UCI SMS Spam Collection,downloaded_public_dataset
uci_sms_03733,safe,"Isn't frnd a necesity in life? imagine urself witout a frnd.. hw'd u feel at ur colleg? wat'll u do wth ur cell? wat abt functions? thnk abt events espe'll cared, missed &amp; irritated u? 4wrd it to all those dear-loving frnds wthout whom u cant live.. I jst did it.. Takecare..:) GOODMORNING",safe_personal,en,UCI SMS Spam Collection,downloaded_public_dataset
uci_sms_03735,safe,Old Orchard near univ. How about you?,safe_personal,en,UCI SMS Spam Collection,downloaded_public_dataset
uci_sms_03736,safe,"4 tacos + 1 rajas burrito, right?",safe_personal,en,UCI SMS Spam Collection,downloaded_public_dataset
uci_sms_03737,safe,"It‘s £6 to get in, is that ok?",safe_personal,en,UCI SMS Spam Collection,downloaded_public_dataset
uci_sms_03738,safe,Hows the street where the end of library walk is?,safe_personal,en,UCI SMS Spam Collection,downloaded_public_dataset
uci_sms_03739,safe,"Plz note: if anyone calling from a mobile Co. &amp; asks u to type # &lt;#&gt; or # &lt;#&gt; . Do not do so. Disconnect the call,coz it iz an attempt of 'terrorist' to make use of the sim card no. Itz confirmd by nokia n motorola n has been verified by CNN IBN.",safe_personal,en,UCI SMS Spam Collection,downloaded_public_dataset
uci_sms_03740,safe,We stopped to get ice cream and will go back after,safe_personal,en,UCI SMS Spam Collection,downloaded_public_dataset
uci_sms_03741,safe,Did you stitch his trouser,safe_personal,en,UCI SMS Spam Collection,downloaded_public_dataset
uci_sms_03743,scam,2/2 146tf150p,spam_or_unspecified,en,UCI SMS Spam Collection,downloaded_public_dataset
uci_sms_03744,safe,Hey i'm bored... So i'm thinking of u... So wat r u doing?,safe_personal,en,UCI SMS Spam Collection,downloaded_public_dataset
uci_sms_03745,safe,"Nah, Wednesday. When should I bring the mini cheetos bag over?",safe_personal,en,UCI SMS Spam Collection,downloaded_public_dataset
uci_sms_03746,safe,Nobody names their penis a girls name this story doesn't add up at all,safe_personal,en,UCI SMS Spam Collection,downloaded_public_dataset
uci_sms_03747,safe,"Aight, let me know when you're gonna be around usf",safe_personal,en,UCI SMS Spam Collection,downloaded_public_dataset
uci_sms_03748,safe,I'm not. She lip synced with shangela.,safe_personal,en,UCI SMS Spam Collection,downloaded_public_dataset
uci_sms_03749,safe,Ü neva tell me how i noe... I'm not at home in da aft wat...,safe_personal,en,UCI SMS Spam Collection,downloaded_public_dataset
uci_sms_03750,safe,"A bit of Ur smile is my hppnss, a drop of Ur tear is my sorrow, a part of Ur heart is my life, a heart like mine wil care for U, forevr as my GOODFRIEND",safe_personal,en,UCI SMS Spam Collection,downloaded_public_dataset
uci_sms_03751,scam,Dear Voucher Holder 2 claim your 1st class airport lounge passes when using Your holiday voucher call 08704439680. When booking quote 1st class x 2,spam_or_unspecified,en,UCI SMS Spam Collection,downloaded_public_dataset
uci_sms_03752,safe,"Buzz! Hey, my Love ! I think of you and hope your day goes well. Did you sleep in ? I miss you babe. I long for the moment we are together again*loving smile*",safe_personal,en,UCI SMS Spam Collection,downloaded_public_dataset
uci_sms_03753,safe,"Haha... Sounds crazy, dunno can tahan anot...",safe_personal,en,UCI SMS Spam Collection,downloaded_public_dataset
uci_sms_03754,safe,Why are u up so early?,safe_personal,en,UCI SMS Spam Collection,downloaded_public_dataset
uci_sms_03755,safe,Ya that one is slow as poo,safe_personal,en,UCI SMS Spam Collection,downloaded_public_dataset
uci_sms_03757,safe,Im on gloucesterroad what are uup to later?,safe_personal,en,UCI SMS Spam Collection,downloaded_public_dataset
uci_sms_03760,safe,Lol no ouch but wish i'd stayed out a bit longer,safe_personal,en,UCI SMS Spam Collection,downloaded_public_dataset
uci_sms_03761,safe,"GOD ASKED, ""What is forgiveness?"" A little child gave lovely reply, ""It is d wonderful fruit that a tree gives when it is being hurt by a stone.. Good night......",safe_personal,en,UCI SMS Spam Collection,downloaded_public_dataset
uci_sms_03762,safe,We'll join the &lt;#&gt; bus,safe_personal,en,UCI SMS Spam Collection,downloaded_public_dataset
uci_sms_03763,safe,Was just about to ask. Will keep this one. Maybe that's why you didn't get all the messages we sent you on glo,safe_personal,en,UCI SMS Spam Collection,downloaded_public_dataset
uci_sms_03765,safe,K.i will send in &lt;#&gt; min:),safe_personal,en,UCI SMS Spam Collection,downloaded_public_dataset
uci_sms_03766,safe,Would me smoking you out help us work through this difficult time,safe_personal,en,UCI SMS Spam Collection,downloaded_public_dataset
uci_sms_03767,scam,"Someone U know has asked our dating service 2 contact you! Cant guess who? CALL 09058095107 NOW all will be revealed. POBox 7, S3XY 150p",spam_or_unspecified,en,UCI SMS Spam Collection,downloaded_public_dataset
uci_sms_03768,safe,Yes.mum lookin strong:),safe_personal,en,UCI SMS Spam Collection,downloaded_public_dataset
uci_sms_03769,safe,"Sir Goodmorning, Once free call me.",safe_personal,en,UCI SMS Spam Collection,downloaded_public_dataset
uci_sms_03770,safe,Where are you call me.,safe_personal,en,UCI SMS Spam Collection,downloaded_public_dataset
uci_sms_03772,safe,Love it! The girls at the office may wonder why you are smiling but sore...,safe_personal,en,UCI SMS Spam Collection,downloaded_public_dataset
uci_sms_03773,safe,"Hi, wlcome back, did wonder if you got eaten by a lion or something, nothing much",safe_personal,en,UCI SMS Spam Collection,downloaded_public_dataset
uci_sms_03774,safe,Does uncle timi help in clearing cars,safe_personal,en,UCI SMS Spam Collection,downloaded_public_dataset
uci_sms_03775,safe,I came hostel. I m going to sleep. Plz call me up before class. Hrishi.,safe_personal,en,UCI SMS Spam Collection,downloaded_public_dataset
uci_sms_03776,safe,Ok... But bag again..,safe_personal,en,UCI SMS Spam Collection,downloaded_public_dataset
uci_sms_03778,safe,Ok lor. Msg me b4 u call.,safe_personal,en,UCI SMS Spam Collection,downloaded_public_dataset
uci_sms_03779,scam,"Mila, age23, blonde, new in UK. I look sex with UK guys. if u like fun with me. Text MTALK to 69866.18 . 30pp/txt 1st 5free. £1.50 increments. Help08718728876",spam_or_unspecified,en,UCI SMS Spam Collection,downloaded_public_dataset
uci_sms_03780,safe,"Once a fishrman woke early in d mrng. It was very dark. He waited a while &amp; found a sack ful of stones. He strtd throwin thm in2 d sea 2 pass time. Atlast he had jus 1stone, sun rose up &amp; he found out tht those r nt stones, those were diamonds. Moral:""Dont wake up early in d mrng'' GOOD night",safe_personal,en,UCI SMS Spam Collection,downloaded_public_dataset
uci_sms_03781,scam,"Claim a 200 shopping spree, just call 08717895698 now! Have you won! MobStoreQuiz10ppm",spam_or_unspecified,en,UCI SMS Spam Collection,downloaded_public_dataset
uci_sms_03782,safe,Then ur physics get a-?,safe_personal,en,UCI SMS Spam Collection,downloaded_public_dataset
uci_sms_03783,safe,"Dear friends, sorry for the late information. Today is the birthday of our loving Ar.Praveesh. for more details log on to face book and see. Its his number + &lt;#&gt; . Dont miss a delicious treat.",safe_personal,en,UCI SMS Spam Collection,downloaded_public_dataset
uci_sms_03784,safe,How r ü going to send it to me?,safe_personal,en,UCI SMS Spam Collection,downloaded_public_dataset
uci_sms_03785,safe,Can you do online transaction?,safe_personal,en,UCI SMS Spam Collection,downloaded_public_dataset
uci_sms_03786,safe,Dear got train and seat mine lower seat,safe_personal,en,UCI SMS Spam Collection,downloaded_public_dataset
uci_sms_03787,safe,Let me know if you need anything else. Salad or desert or something... How many beers shall i get?,safe_personal,en,UCI SMS Spam Collection,downloaded_public_dataset
uci_sms_03789,safe,WHORE YOU ARE UNBELIEVABLE.,safe_personal,en,UCI SMS Spam Collection,downloaded_public_dataset
uci_sms_03790,scam,"Want to funk up ur fone with a weekly new tone reply TONES2U 2 this text. www.ringtones.co.uk, the original n best. Tones 3GBP network operator rates apply",spam_or_unspecified,en,UCI SMS Spam Collection,downloaded_public_dataset
uci_sms_03791,safe,"Are you sure you don't mean ""get here, we made you hold all the weed""",safe_personal,en,UCI SMS Spam Collection,downloaded_public_dataset
uci_sms_03792,safe,"I love you !!! You know? Can you feel it? Does it make your belly warm? I wish it does, my love ... I shall meet you in your dreams, Ahmad ... *adoring kiss*",safe_personal,en,UCI SMS Spam Collection,downloaded_public_dataset
uci_sms_03793,scam,"Twinks, bears, scallies, skins and jocks are calling now. Don't miss the weekend's fun. Call 08712466669 at 10p/min. 2 stop texts call 08712460324(nat rate)",spam_or_unspecified,en,UCI SMS Spam Collection,downloaded_public_dataset
uci_sms_03794,safe,Love it! I want to flood that pretty pussy with cum...,safe_personal,en,UCI SMS Spam Collection,downloaded_public_dataset
uci_sms_03795,safe,Hey are you angry with me. Reply me dr.,safe_personal,en,UCI SMS Spam Collection,downloaded_public_dataset
uci_sms_03796,safe,"Short But Cute: ""Be a good person, but dont try to prove it.."" .Gud noon....",safe_personal,en,UCI SMS Spam Collection,downloaded_public_dataset
uci_sms_03797,safe,Also remember the beads don't come off. Ever.,safe_personal,en,UCI SMS Spam Collection,downloaded_public_dataset
uci_sms_03798,safe,They have a thread on the wishlist section of the forums where ppl post nitro requests. Start from the last page and collect from the bottom up.,safe_personal,en,UCI SMS Spam Collection,downloaded_public_dataset
uci_sms_03799,safe,For The First Time In The History 'Need' 'Comfort' And 'Luxury' Are Sold At Same Price In India..!! Onion-Rs. &lt;#&gt; Petrol-Rs. &lt;#&gt; Beer-Rs. &lt;#&gt; SHESIL &lt;#&gt;,safe_personal,en,UCI SMS Spam Collection,downloaded_public_dataset
uci_sms_03801,safe,"Actually nvm, got hella cash, we still on for &lt;#&gt; ish?",safe_personal,en,UCI SMS Spam Collection,downloaded_public_dataset
uci_sms_03802,scam,We tried to contact you re your reply to our offer of a Video Handset? 750 anytime any networks mins? UNLIMITED TEXT? Camcorder? Reply or call 08000930705 NOW,spam_or_unspecified,en,UCI SMS Spam Collection,downloaded_public_dataset
uci_sms_03803,safe,"It's ok, at least armand's still around",safe_personal,en,UCI SMS Spam Collection,downloaded_public_dataset
uci_sms_03804,safe,No da. I am happy that we sit together na,safe_personal,en,UCI SMS Spam Collection,downloaded_public_dataset
uci_sms_03805,safe,Yup song bro. No creative. Neva test quality. He said check review online.,safe_personal,en,UCI SMS Spam Collection,downloaded_public_dataset
uci_sms_03806,safe,"No dude, its not fake..my frnds got money, thts y i'm reffering u..if u member wit my mail link, u vl be credited &lt;#&gt; rs and il be getiing &lt;#&gt; rs..i can draw my acc wen it is &lt;#&gt; rs..",safe_personal,en,UCI SMS Spam Collection,downloaded_public_dataset
uci_sms_03807,safe,Dude while were makin those weirdy brownies my sister made awesome cookies. I took pics.,safe_personal,en,UCI SMS Spam Collection,downloaded_public_dataset
uci_sms_03808,scam,URGENT! We are trying to contact you. Last weekends draw shows that you have won a £900 prize GUARANTEED. Call 09061701851. Claim code K61. Valid 12hours only,spam_or_unspecified,en,UCI SMS Spam Collection,downloaded_public_dataset
uci_sms_03809,safe,Pls dont restrict her from eating anythin she likes for the next two days.,safe_personal,en,UCI SMS Spam Collection,downloaded_public_dataset
uci_sms_03810,safe,Mm you ask him to come its enough :-),safe_personal,en,UCI SMS Spam Collection,downloaded_public_dataset
uci_sms_03811,safe,At the funeral home with Audrey and dad,safe_personal,en,UCI SMS Spam Collection,downloaded_public_dataset
uci_sms_03812,safe,"Aight, can you text me the address?",safe_personal,en,UCI SMS Spam Collection,downloaded_public_dataset
uci_sms_03813,safe,Excellent! Wish we were together right now!,safe_personal,en,UCI SMS Spam Collection,downloaded_public_dataset
uci_sms_03814,safe,Yep then is fine 7.30 or 8.30 for ice age.,safe_personal,en,UCI SMS Spam Collection,downloaded_public_dataset
uci_sms_03815,safe,Pls i wont belive god.not only jesus.,safe_personal,en,UCI SMS Spam Collection,downloaded_public_dataset
uci_sms_03816,safe,Can. Dunno wat to get 4 her...,safe_personal,en,UCI SMS Spam Collection,downloaded_public_dataset
uci_sms_03817,safe,"Not yet chikku..k, then wat abt tht guy did he stopped irritating or msging to u..",safe_personal,en,UCI SMS Spam Collection,downloaded_public_dataset
uci_sms_03818,safe,How long does it take to get it.,safe_personal,en,UCI SMS Spam Collection,downloaded_public_dataset
uci_sms_03819,safe,This is my number by vivek..,safe_personal,en,UCI SMS Spam Collection,downloaded_public_dataset
uci_sms_03820,scam,74355 XMAS iscoming & ur awarded either £500 CD gift vouchers & free entry 2 r £100 weekly draw txt MUSIC to 87066 TnC,spam_or_unspecified,en,UCI SMS Spam Collection,downloaded_public_dataset
uci_sms_03821,safe,"sorry brah, just finished the last of my exams, what up",safe_personal,en,UCI SMS Spam Collection,downloaded_public_dataset
uci_sms_03822,safe,"I got arrested for possession at, I shit you not, &lt;TIME&gt; pm",safe_personal,en,UCI SMS Spam Collection,downloaded_public_dataset
uci_sms_03823,safe,You are right though. I can't give you the space you want and need. This is really starting to become an issue. I was going to suggest setting a definite move out--if i'm still there-- after greece. But maybe you are ready and should do it now.,safe_personal,en,UCI SMS Spam Collection,downloaded_public_dataset
uci_sms_03824,safe,Just normal only here :),safe_personal,en,UCI SMS Spam Collection,downloaded_public_dataset
uci_sms_03825,safe,"Please protect yourself from e-threats. SIB never asks for sensitive information like Passwords,ATM/SMS PIN thru email. Never share your password with anybody.",safe_personal,en,UCI SMS Spam Collection,downloaded_public_dataset
uci_sms_03826,safe,I miss you so much I'm so desparate I have recorded the message you left for me the other day and listen to it just to hear the sound of your voice. I love you,safe_personal,en,UCI SMS Spam Collection,downloaded_public_dataset
uci_sms_03827,safe,Hi. I'm always online on yahoo and would like to chat with you someday,safe_personal,en,UCI SMS Spam Collection,downloaded_public_dataset
uci_sms_03828,safe,"Goodmorning,my grandfather expired..so am on leave today.",safe_personal,en,UCI SMS Spam Collection,downloaded_public_dataset
uci_sms_03829,scam,Congratulations U can claim 2 VIP row A Tickets 2 C Blu in concert in November or Blu gift guaranteed Call 09061104276 to claim TS&Cs www.smsco.net cost£3.75max,spam_or_unspecified,en,UCI SMS Spam Collection,downloaded_public_dataset
uci_sms_03830,safe,Where are you ? What are you doing ? Are yuou working on getting the pc to your mom's ? Did you find a spot that it would work ? I need you,safe_personal,en,UCI SMS Spam Collection,downloaded_public_dataset
uci_sms_03831,safe,"Sure, I'll see if I can come by in a bit",safe_personal,en,UCI SMS Spam Collection,downloaded_public_dataset
uci_sms_03832,safe,I agree. So i can stop thinkin about ipad. Can you please ask macho the same question.,safe_personal,en,UCI SMS Spam Collection,downloaded_public_dataset
uci_sms_03833,safe,Let's pool our money together and buy a bunch of lotto tickets. If we win I get &lt;#&gt; % u get &lt;#&gt; %. Deal?,safe_personal,en,UCI SMS Spam Collection,downloaded_public_dataset
uci_sms_03836,safe,Watching tv lor. Nice one then i like lor.,safe_personal,en,UCI SMS Spam Collection,downloaded_public_dataset
uci_sms_03837,safe,I'm thinking that chennai forgot to come for auction..,safe_personal,en,UCI SMS Spam Collection,downloaded_public_dataset
uci_sms_03838,safe,Then ü come n pick me at 530 ar?,safe_personal,en,UCI SMS Spam Collection,downloaded_public_dataset
uci_sms_03839,safe,Early bird! Any purchases yet?,safe_personal,en,UCI SMS Spam Collection,downloaded_public_dataset
uci_sms_03840,safe,Went to pay rent. So i had to go to the bank to authorise the payment.,safe_personal,en,UCI SMS Spam Collection,downloaded_public_dataset
uci_sms_03841,safe,"Erm … ill pick you up at about 6.45pm. That'll give enough time to get there, park and that.",safe_personal,en,UCI SMS Spam Collection,downloaded_public_dataset
uci_sms_03842,safe,HEY MATE! HOWS U HONEY?DID U AVE GOOD HOLIDAY? GIMMI DE GOSS!x,safe_personal,en,UCI SMS Spam Collection,downloaded_public_dataset
uci_sms_03843,safe,Howz pain.it will come down today.do as i said ystrday.ice and medicine.,safe_personal,en,UCI SMS Spam Collection,downloaded_public_dataset
uci_sms_03844,safe,"chile, please! It's only a &lt;DECIMAL&gt; hour drive for me. I come down all the time and will be subletting feb-april for audition season.",safe_personal,en,UCI SMS Spam Collection,downloaded_public_dataset
uci_sms_03845,safe,Yes ammae....life takes lot of turns you can only sit and try to hold the steering...,safe_personal,en,UCI SMS Spam Collection,downloaded_public_dataset
uci_sms_03846,safe,"Yeah that's what I thought, lemme know if anything's goin on later",safe_personal,en,UCI SMS Spam Collection,downloaded_public_dataset
uci_sms_03847,safe,Mmmm.... I cant wait to lick it!,safe_personal,en,UCI SMS Spam Collection,downloaded_public_dataset
uci_sms_03848,safe,Pls go there today &lt;#&gt; . I dont want any excuses,safe_personal,en,UCI SMS Spam Collection,downloaded_public_dataset
uci_sms_03850,safe,Can you plz tell me the ans. BSLVYL sent via fullonsms.com,safe_personal,en,UCI SMS Spam Collection,downloaded_public_dataset
uci_sms_03851,safe,U in town alone?,safe_personal,en,UCI SMS Spam Collection,downloaded_public_dataset
uci_sms_03852,safe,I to am looking forward to all the sex cuddling.. Only two more sleeps,safe_personal,en,UCI SMS Spam Collection,downloaded_public_dataset
uci_sms_03853,safe,We have all rounder:)so not required:),safe_personal,en,UCI SMS Spam Collection,downloaded_public_dataset
uci_sms_03854,safe,"No, its true..k,Do u knw dis no. &lt;#&gt; ?",safe_personal,en,UCI SMS Spam Collection,downloaded_public_dataset
uci_sms_03855,safe,"Dont worry, 1 day very big lambu ji vl come..til then enjoy batchlor party:-)",safe_personal,en,UCI SMS Spam Collection,downloaded_public_dataset
uci_sms_03856,safe,oh ya... Got hip hop open. Haha i was thinking can go for jazz then zoom to cine... Actually tonight i'm free leh... And there's a kb lesson tonight,safe_personal,en,UCI SMS Spam Collection,downloaded_public_dataset
uci_sms_03857,scam,Free msg: Single? Find a partner in your area! 1000s of real people are waiting to chat now!Send CHAT to 62220Cncl send STOPCS 08717890890£1.50 per msg,spam_or_unspecified,en,UCI SMS Spam Collection,downloaded_public_dataset
uci_sms_03858,safe,I'm ok. Will do my part tomorrow,safe_personal,en,UCI SMS Spam Collection,downloaded_public_dataset
uci_sms_03859,safe,"No! But we found a diff farm shop to buy some cheese. On way back now, can i call in?",safe_personal,en,UCI SMS Spam Collection,downloaded_public_dataset
uci_sms_03860,safe,R u still working now?,safe_personal,en,UCI SMS Spam Collection,downloaded_public_dataset
uci_sms_03861,scam,"Win the newest Harry Potter and the Order of the Phoenix (Book 5) reply HARRY, answer 5 questions - chance to be the first among readers!",spam_or_unspecified,en,UCI SMS Spam Collection,downloaded_public_dataset
uci_sms_03862,safe,Yep. I do like the pink furniture tho.,safe_personal,en,UCI SMS Spam Collection,downloaded_public_dataset
uci_sms_03863,scam,Free Msg: Ringtone!From: http://tms. widelive.com/index. wml?id=1b6a5ecef91ff9*37819&first=true18:0430-JUL-05,spam_or_unspecified,en,UCI SMS Spam Collection,downloaded_public_dataset
uci_sms_03864,safe,"Customer place, i wil cal u sir.",safe_personal,en,UCI SMS Spam Collection,downloaded_public_dataset
uci_sms_03865,scam,"Oh my god! I've found your number again! I'm so glad, text me back xafter this msgs cst std ntwk chg £1.50",spam_or_unspecified,en,UCI SMS Spam Collection,downloaded_public_dataset
uci_sms_03866,safe,A pure hearted person can have a wonderful smile that makes even his/her enemies to feel guilty for being an enemy.. So catch the world with your smile..:) GOODMORNING &amp; HAVE A SMILEY SUNDAY..:),safe_personal,en,UCI SMS Spam Collection,downloaded_public_dataset
uci_sms_03867,safe,"THATS ALRITE GIRL, U KNOW GAIL IS NEVA WRONG!!TAKE CARE SWEET AND DONT WORRY.C U L8TR HUN!LOVE Yaxxx",safe_personal,en,UCI SMS Spam Collection,downloaded_public_dataset
uci_sms_03868,safe,"Theoretically yeah, he could be able to come",safe_personal,en,UCI SMS Spam Collection,downloaded_public_dataset
uci_sms_03869,safe,"Alright we're hooked up, where you guys at",safe_personal,en,UCI SMS Spam Collection,downloaded_public_dataset
uci_sms_03870,safe,"not that I know of, most people up here are still out of town",safe_personal,en,UCI SMS Spam Collection,downloaded_public_dataset
uci_sms_03871,safe,No let me do the math. Your not good at it.,safe_personal,en,UCI SMS Spam Collection,downloaded_public_dataset
uci_sms_03872,safe,Oh ok wait 4 me there... My lect havent finish,safe_personal,en,UCI SMS Spam Collection,downloaded_public_dataset
uci_sms_03873,safe,Yeah my usual guy's out of town but there're definitely people around I know,safe_personal,en,UCI SMS Spam Collection,downloaded_public_dataset
uci_sms_03874,safe,I am joining today formally.Pls keep praying.will talk later.,safe_personal,en,UCI SMS Spam Collection,downloaded_public_dataset
uci_sms_03875,safe,"Happy or sad , one thing about past is- ""Its no more"" GOOD MORNING :-):-).",safe_personal,en,UCI SMS Spam Collection,downloaded_public_dataset
uci_sms_03876,safe,No. Did you multimedia message them or e-mail?,safe_personal,en,UCI SMS Spam Collection,downloaded_public_dataset
uci_sms_03877,safe,Okie but i scared u say i fat... Then u dun wan me already...,safe_personal,en,UCI SMS Spam Collection,downloaded_public_dataset
uci_sms_03878,safe,did u get that message,safe_personal,en,UCI SMS Spam Collection,downloaded_public_dataset
uci_sms_03879,safe,"Sorry sir, i will call you tomorrow. senthil.hsbc",safe_personal,en,UCI SMS Spam Collection,downloaded_public_dataset
uci_sms_03880,safe,What you need. You have a person to give na.,safe_personal,en,UCI SMS Spam Collection,downloaded_public_dataset
uci_sms_03881,safe,She left it very vague. She just said she would inform the person in accounting about the delayed rent and that i should discuss with the housing agency about my renting another place. But checking online now and all places around usc are &lt;#&gt; and up,safe_personal,en,UCI SMS Spam Collection,downloaded_public_dataset
uci_sms_03882,safe,Hi juan. Im coming home on fri hey. Of course i expect a welcome party and lots of presents. Ill phone u when i get back. Loads of love nicky x x x x x x x x x,safe_personal,en,UCI SMS Spam Collection,downloaded_public_dataset
uci_sms_03885,safe,"Gumby's has a special where a &lt;#&gt; "" cheese pizza is $2 so I know what we're doin tonight",safe_personal,en,UCI SMS Spam Collection,downloaded_public_dataset
uci_sms_03886,scam,A link to your picture has been sent. You can also use http://alto18.co.uk/wave/wave.asp?o=44345,spam_or_unspecified,en,UCI SMS Spam Collection,downloaded_public_dataset
uci_sms_03887,safe,Like a personal sized or what,safe_personal,en,UCI SMS Spam Collection,downloaded_public_dataset
uci_sms_03888,safe,"Same, I'm at my great aunts anniversary party in tarpon springs",safe_personal,en,UCI SMS Spam Collection,downloaded_public_dataset
uci_sms_03889,safe,Cab is available.they pick up and drop at door steps.,safe_personal,en,UCI SMS Spam Collection,downloaded_public_dataset
uci_sms_03890,safe,ok....take care.umma to you too...,safe_personal,en,UCI SMS Spam Collection,downloaded_public_dataset
uci_sms_03891,safe,Unlimited texts. Limited minutes.,safe_personal,en,UCI SMS Spam Collection,downloaded_public_dataset
uci_sms_03892,scam,"Double Mins & 1000 txts on Orange tariffs. Latest Motorola, SonyEricsson & Nokia with Bluetooth FREE! Call MobileUpd8 on 08000839402 or call2optout/HF8",spam_or_unspecified,en,UCI SMS Spam Collection,downloaded_public_dataset
uci_sms_03893,safe,No problem. We will be spending a lot of quality time together...,safe_personal,en,UCI SMS Spam Collection,downloaded_public_dataset
uci_sms_03894,scam,URGENT This is our 2nd attempt to contact U. Your £900 prize from YESTERDAY is still awaiting collection. To claim CALL NOW 09061702893. ACL03530150PM,spam_or_unspecified,en,UCI SMS Spam Collection,downloaded_public_dataset
uci_sms_03895,safe,Have you heard from this week?,safe_personal,en,UCI SMS Spam Collection,downloaded_public_dataset
uci_sms_03896,scam,Dear Dave this is your final notice to collect your 4* Tenerife Holiday or #5000 CASH award! Call 09061743806 from landline. TCs SAE Box326 CW25WX 150ppm,spam_or_unspecified,en,UCI SMS Spam Collection,downloaded_public_dataset
uci_sms_03897,safe,Yes. Last practice,safe_personal,en,UCI SMS Spam Collection,downloaded_public_dataset
uci_sms_03898,scam,tells u 2 call 09066358152 to claim £5000 prize. U have 2 enter all ur mobile & personal details @ the prompts. Careful!,spam_or_unspecified,en,UCI SMS Spam Collection,downloaded_public_dataset
uci_sms_03899,safe,No. Thank you. You've been wonderful,safe_personal,en,UCI SMS Spam Collection,downloaded_public_dataset
uci_sms_03901,safe,Ü mean it's confirmed... I tot they juz say oni... Ok then...,safe_personal,en,UCI SMS Spam Collection,downloaded_public_dataset
uci_sms_03903,safe,That depends. How would you like to be treated? :),safe_personal,en,UCI SMS Spam Collection,downloaded_public_dataset
uci_sms_03904,safe,"Right on brah, see you later",safe_personal,en,UCI SMS Spam Collection,downloaded_public_dataset
uci_sms_03905,safe,Waiting in e car 4 my mum lor. U leh? Reach home already?,safe_personal,en,UCI SMS Spam Collection,downloaded_public_dataset
uci_sms_03906,scam,Your 2004 account for 07XXXXXXXXX shows 786 unredeemed points. To claim call 08719181259 Identifier code: XXXXX Expires 26.03.05,spam_or_unspecified,en,UCI SMS Spam Collection,downloaded_public_dataset
uci_sms_03907,scam,Do you want a new video handset? 750 anytime any network mins? Half Price Line Rental? Camcorder? Reply or call 08000930705 for delivery tomorrow,spam_or_unspecified,en,UCI SMS Spam Collection,downloaded_public_dataset
uci_sms_03908,safe,Went fast asleep dear.take care.,safe_personal,en,UCI SMS Spam Collection,downloaded_public_dataset
uci_sms_03909,safe,No that just means you have a fat head,safe_personal,en,UCI SMS Spam Collection,downloaded_public_dataset
uci_sms_03910,safe,Sounds like a plan! Cardiff is still here and still cold! I'm sitting on the radiator!,safe_personal,en,UCI SMS Spam Collection,downloaded_public_dataset
uci_sms_03911,safe,Serious? What like proper tongued her,safe_personal,en,UCI SMS Spam Collection,downloaded_public_dataset
uci_sms_03912,safe,She.s good. She was wondering if you wont say hi but she.s smiling now. So how are you coping with the long distance,safe_personal,en,UCI SMS Spam Collection,downloaded_public_dataset
uci_sms_03913,safe,How i noe... She's in da car now... Later then c lar... I'm wearing shorts...,safe_personal,en,UCI SMS Spam Collection,downloaded_public_dataset
uci_sms_03915,safe,Yeah whatever lol,safe_personal,en,UCI SMS Spam Collection,downloaded_public_dataset
uci_sms_03917,safe,Ard 530 lor. I ok then message ü lor.,safe_personal,en,UCI SMS Spam Collection,downloaded_public_dataset
uci_sms_03918,safe,Ok. C u then.,safe_personal,en,UCI SMS Spam Collection,downloaded_public_dataset
uci_sms_03919,safe,Eh ur laptop got no stock lei... He say mon muz come again to take a look c got a not...,safe_personal,en,UCI SMS Spam Collection,downloaded_public_dataset
uci_sms_03920,safe,No need to ke qi... Ü too bored izzit y suddenly thk of this...,safe_personal,en,UCI SMS Spam Collection,downloaded_public_dataset
uci_sms_03921,safe,I wish! I don't think its gonna snow that much. But it will be more than those flurries we usually get that melt before they hit the ground. Eek! We haven't had snow since &lt;#&gt; before I was even born!,safe_personal,en,UCI SMS Spam Collection,downloaded_public_dataset
uci_sms_03922,scam,FREE>Ringtone! Reply REAL or POLY eg REAL1 1. PushButton 2. DontCha 3. BabyGoodbye 4. GoldDigger 5. WeBeBurnin 1st tone FREE and 6 more when u join for £3/wk,spam_or_unspecified,en,UCI SMS Spam Collection,downloaded_public_dataset
uci_sms_03924,safe,"Oh really? perform, write a paper, go to a movie AND be home by midnight, huh?",safe_personal,en,UCI SMS Spam Collection,downloaded_public_dataset
uci_sms_03925,safe,Okay lor... Will they still let us go a not ah? Coz they will not know until later. We drop our cards into the box right?,safe_personal,en,UCI SMS Spam Collection,downloaded_public_dataset
uci_sms_03926,safe,How? Izzit still raining?,safe_personal,en,UCI SMS Spam Collection,downloaded_public_dataset
uci_sms_03927,safe,As if i wasn't having enough trouble sleeping.,safe_personal,en,UCI SMS Spam Collection,downloaded_public_dataset
uci_sms_03928,safe,I havent add ü yet right..,safe_personal,en,UCI SMS Spam Collection,downloaded_public_dataset
uci_sms_03929,safe,Lol ... I really need to remember to eat when I'm drinking but I do appreciate you keeping me company that night babe *smiles*,safe_personal,en,UCI SMS Spam Collection,downloaded_public_dataset
uci_sms_03930,safe,Babe ? I lost you ... Will you try rebooting ?,safe_personal,en,UCI SMS Spam Collection,downloaded_public_dataset
uci_sms_03931,safe,Yes. Nigh you cant aha.,safe_personal,en,UCI SMS Spam Collection,downloaded_public_dataset
uci_sms_03932,safe,I thk ü gotta go home by urself. Cos i'll b going out shopping 4 my frens present.,safe_personal,en,UCI SMS Spam Collection,downloaded_public_dataset
uci_sms_03933,safe,Nooooooo I'm gonna be bored to death all day. Cable and internet outage.,safe_personal,en,UCI SMS Spam Collection,downloaded_public_dataset
uci_sms_03934,safe,Sos! Any amount i can get pls.,safe_personal,en,UCI SMS Spam Collection,downloaded_public_dataset
uci_sms_03935,safe,"Playin space poker, u?",safe_personal,en,UCI SMS Spam Collection,downloaded_public_dataset
uci_sms_03936,safe,How come guoyang go n tell her? Then u told her?,safe_personal,en,UCI SMS Spam Collection,downloaded_public_dataset
uci_sms_03937,safe,You need to get up. Now.,safe_personal,en,UCI SMS Spam Collection,downloaded_public_dataset
uci_sms_03938,safe,They r giving a second chance to rahul dengra.,safe_personal,en,UCI SMS Spam Collection,downloaded_public_dataset
uci_sms_03939,safe,"Yeah, in fact he just asked if we needed anything like an hour ago. When and how much?",safe_personal,en,UCI SMS Spam Collection,downloaded_public_dataset
uci_sms_03940,safe,WHEN THE FIRST STRIKE IS A RED ONE. THE BIRD + ANTELOPE BEGIN TOPLAY IN THE FIELDOF SELFINDEPENDENCE BELIEVE THIS + THE FLOWER OF CONTENTION WILL GROW.RANDOM!,safe_personal,en,UCI SMS Spam Collection,downloaded_public_dataset
uci_sms_03941,safe,Y ü wan to go there? C doctor?,safe_personal,en,UCI SMS Spam Collection,downloaded_public_dataset
uci_sms_03942,safe,Does daddy have a bb now.,safe_personal,en,UCI SMS Spam Collection,downloaded_public_dataset
uci_sms_03943,scam,"Free Msg: get Gnarls Barkleys ""Crazy"" ringtone TOTALLY FREE just reply GO to this message right now!",spam_or_unspecified,en,UCI SMS Spam Collection,downloaded_public_dataset
uci_sms_03944,safe,She's borderline but yeah whatever.,safe_personal,en,UCI SMS Spam Collection,downloaded_public_dataset
uci_sms_03946,safe,"Until 545 lor... Ya, can go 4 dinner together...",safe_personal,en,UCI SMS Spam Collection,downloaded_public_dataset
uci_sms_03947,safe,I will be gentle princess! We will make sweet gentle love...,safe_personal,en,UCI SMS Spam Collection,downloaded_public_dataset
uci_sms_03948,safe,How u doin baby girl ?? hope u are okay every time I call ure phone is off! I miss u get in touch,safe_personal,en,UCI SMS Spam Collection,downloaded_public_dataset
uci_sms_03949,safe,"Sorry, went to bed early, nightnight",safe_personal,en,UCI SMS Spam Collection,downloaded_public_dataset
uci_sms_03950,safe,I like to think there's always the possibility of being in a pub later.,safe_personal,en,UCI SMS Spam Collection,downloaded_public_dataset
uci_sms_03951,safe,HMM yeah if your not too grooved out! And im looking forward to my pound special :),safe_personal,en,UCI SMS Spam Collection,downloaded_public_dataset
uci_sms_03952,safe,I got to video tape pple type in message lor. U so free wan 2 help me? Hee... Cos i noe u wan 2 watch infernal affairs so ask u along. Asking shuhui oso.,safe_personal,en,UCI SMS Spam Collection,downloaded_public_dataset
uci_sms_03953,safe,Hi dude hw r u da realy mising u today,safe_personal,en,UCI SMS Spam Collection,downloaded_public_dataset
uci_sms_03954,safe,Me hungry buy some food good lei... But mum n yun dun wan juz buy a little bit...,safe_personal,en,UCI SMS Spam Collection,downloaded_public_dataset
uci_sms_03955,scam,Refused a loan? Secured or Unsecured? Can't get credit? Call free now 0800 195 6669 or text back 'help' & we will!,spam_or_unspecified,en,UCI SMS Spam Collection,downloaded_public_dataset
uci_sms_03956,safe,I probably won't eat at all today. I think I'm gonna pop. How was your weekend? Did u miss me?,safe_personal,en,UCI SMS Spam Collection,downloaded_public_dataset
uci_sms_03957,safe,I knew it... U slept v late yest? Wake up so late...,safe_personal,en,UCI SMS Spam Collection,downloaded_public_dataset
uci_sms_03958,safe,Haha... dont be angry with yourself... Take it as a practice for the real thing. =),safe_personal,en,UCI SMS Spam Collection,downloaded_public_dataset
uci_sms_03959,safe,Where is that one day training:-),safe_personal,en,UCI SMS Spam Collection,downloaded_public_dataset
uci_sms_03960,safe,So i could kiss and feel you next to me...,safe_personal,en,UCI SMS Spam Collection,downloaded_public_dataset
uci_sms_03961,safe,Have a nice day my dear.,safe_personal,en,UCI SMS Spam Collection,downloaded_public_dataset
uci_sms_03962,safe,I sent lanre fakeye's Eckankar details to the mail box,safe_personal,en,UCI SMS Spam Collection,downloaded_public_dataset
uci_sms_03963,safe,Your dad is back in ph?,safe_personal,en,UCI SMS Spam Collection,downloaded_public_dataset
uci_sms_03964,scam,"You have been specially selected to receive a ""3000 award! Call 08712402050 BEFORE the lines close. Cost 10ppm. 16+. T&Cs apply. AG Promo",spam_or_unspecified,en,UCI SMS Spam Collection,downloaded_public_dataset
uci_sms_03965,safe,If you ask her or she say any please message.,safe_personal,en,UCI SMS Spam Collection,downloaded_public_dataset
uci_sms_03966,safe,"If e timing can, then i go w u lor...",safe_personal,en,UCI SMS Spam Collection,downloaded_public_dataset
uci_sms_03968,safe,I was just callin to say hi. Take care bruv!,safe_personal,en,UCI SMS Spam Collection,downloaded_public_dataset
uci_sms_03969,scam,YOU HAVE WON! As a valued Vodafone customer our computer has picked YOU to win a £150 prize. To collect is easy. Just call 09061743386,spam_or_unspecified,en,UCI SMS Spam Collection,downloaded_public_dataset
uci_sms_03970,safe,Did u turn on the heater? The heater was on and set to &lt;#&gt; degrees.,safe_personal,en,UCI SMS Spam Collection,downloaded_public_dataset
uci_sms_03971,safe,Thanks for your message. I really appreciate your sacrifice. I'm not sure of the process of direct pay but will find out on my way back from the test tomorrow. I'm in class now. Do have a wonderful day.,safe_personal,en,UCI SMS Spam Collection,downloaded_public_dataset
uci_sms_03972,safe,"That's the trouble with classes that go well - you're due a dodgey one … Expecting mine tomo! See you for recovery, same time, same place",safe_personal,en,UCI SMS Spam Collection,downloaded_public_dataset
uci_sms_03973,scam,Free video camera phones with Half Price line rental for 12 mths and 500 cross ntwk mins 100 txts. Call MobileUpd8 08001950382 or Call2OptOut/674&,spam_or_unspecified,en,UCI SMS Spam Collection,downloaded_public_dataset
uci_sms_03974,safe,WOT U UP 2 J?,safe_personal,en,UCI SMS Spam Collection,downloaded_public_dataset
uci_sms_03975,safe,"Night night, see you tomorrow",safe_personal,en,UCI SMS Spam Collection,downloaded_public_dataset
uci_sms_03976,safe,Roger that. We‘re probably going to rem in about 20,safe_personal,en,UCI SMS Spam Collection,downloaded_public_dataset
uci_sms_03977,safe,do u think that any girl will propose u today by seing ur bloody funky shit fucking face...............asssssholeeee................,safe_personal,en,UCI SMS Spam Collection,downloaded_public_dataset
uci_sms_03978,safe,I wish u were here. I feel so alone,safe_personal,en,UCI SMS Spam Collection,downloaded_public_dataset
uci_sms_03980,safe,Reason is if the team budget is available at last they buy the unsold players for at base rate..,safe_personal,en,UCI SMS Spam Collection,downloaded_public_dataset
uci_sms_03981,safe,CERI U REBEL! SWEET DREAMZ ME LITTLE BUDDY!! C YA 2MORO! WHO NEEDS BLOKES,safe_personal,en,UCI SMS Spam Collection,downloaded_public_dataset
uci_sms_03982,scam,ringtoneking 84484,spam_or_unspecified,en,UCI SMS Spam Collection,downloaded_public_dataset
uci_sms_03983,safe,Huh i cant thk of more oredi how many pages do we have?,safe_personal,en,UCI SMS Spam Collection,downloaded_public_dataset
uci_sms_03984,safe,His frens go then he in lor. Not alone wif my mum n sis lor.,safe_personal,en,UCI SMS Spam Collection,downloaded_public_dataset
uci_sms_03985,safe,Nationwide auto centre (or something like that) on Newport road. I liked them there,safe_personal,en,UCI SMS Spam Collection,downloaded_public_dataset
uci_sms_03986,safe,"Hey, I missed you tm of last night as my phone was on the charge ... *smiles* ... I am meeting a friend shortly",safe_personal,en,UCI SMS Spam Collection,downloaded_public_dataset
uci_sms_03987,safe,"Whatever, juliana. Do whatever you want.",safe_personal,en,UCI SMS Spam Collection,downloaded_public_dataset
uci_sms_03989,scam,Ringtone Club: Gr8 new polys direct to your mobile every week !,spam_or_unspecified,en,UCI SMS Spam Collection,downloaded_public_dataset
uci_sms_03990,safe,"Hello. Sort of out in town already. That . So dont rush home, I am eating nachos. Will let you know eta.",safe_personal,en,UCI SMS Spam Collection,downloaded_public_dataset
uci_sms_03991,safe,Ok lor. Anyway i thk we cant get tickets now cos like quite late already. U wan 2 go look 4 ur frens a not? Darren is wif them now...,safe_personal,en,UCI SMS Spam Collection,downloaded_public_dataset
uci_sms_03992,scam,(Bank of Granite issues Strong-Buy) EXPLOSIVE PICK FOR OUR MEMBERS *****UP OVER 300% *********** Nasdaq Symbol CDGT That is a $5.00 per..,spam_or_unspecified,en,UCI SMS Spam Collection,downloaded_public_dataset
uci_sms_03994,safe,"Dizzamn, aight I'll ask my suitemates when I get back",safe_personal,en,UCI SMS Spam Collection,downloaded_public_dataset
uci_sms_03995,safe,"Nimbomsons. Yep phone knows that one. Obviously, cos thats a real word",safe_personal,en,UCI SMS Spam Collection,downloaded_public_dataset
uci_sms_03996,safe,I love to cuddle! I want to hold you in my strong arms right now...,safe_personal,en,UCI SMS Spam Collection,downloaded_public_dataset
uci_sms_03997,safe,R u in this continent?,safe_personal,en,UCI SMS Spam Collection,downloaded_public_dataset
uci_sms_03998,safe,We'll you pay over like &lt;#&gt; yrs so its not too difficult,safe_personal,en,UCI SMS Spam Collection,downloaded_public_dataset
uci_sms_03999,scam,Bored housewives! Chat n date now! 0871750.77.11! BT-national rate 10p/min only from landlines!,spam_or_unspecified,en,UCI SMS Spam Collection,downloaded_public_dataset
uci_sms_04000,scam,We tried to call you re your reply to our sms for a video mobile 750 mins UNLIMITED TEXT free camcorder Reply or call now 08000930705 Del Thurs,spam_or_unspecified,en,UCI SMS Spam Collection,downloaded_public_dataset
uci_sms_04001,safe,K...k...when will you give treat?,safe_personal,en,UCI SMS Spam Collection,downloaded_public_dataset
uci_sms_04002,scam,"This is the 2nd time we have tried to contact u. U have won the £400 prize. 2 claim is easy, just call 087104711148 NOW! Only 10p per minute. BT-national-rate",spam_or_unspecified,en,UCI SMS Spam Collection,downloaded_public_dataset
uci_sms_04003,safe,He's just gonna worry for nothing. And he won't give you money its no use.,safe_personal,en,UCI SMS Spam Collection,downloaded_public_dataset
uci_sms_04004,safe,Did you get any gift? This year i didnt get anything. So bad,safe_personal,en,UCI SMS Spam Collection,downloaded_public_dataset
uci_sms_04006,safe,Well there's a pattern emerging of my friends telling me to drive up and come smoke with them and then telling me that I'm a weed fiend/make them smoke too much/impede their doing other things so you see how I'm hesitant,safe_personal,en,UCI SMS Spam Collection,downloaded_public_dataset
uci_sms_04007,safe,", ow u dey.i paid 60,400thousad.i told u would call .",safe_personal,en,UCI SMS Spam Collection,downloaded_public_dataset
uci_sms_04008,safe,IM FINE BABES AINT BEEN UP 2 MUCH THO! SAW SCARY MOVIE YEST ITS QUITE FUNNY! WANT 2MRW AFTERNOON? AT TOWN OR MALL OR SUMTHIN?xx,safe_personal,en,UCI SMS Spam Collection,downloaded_public_dataset
uci_sms_04009,safe,I'm reaching home in 5 min.,safe_personal,en,UCI SMS Spam Collection,downloaded_public_dataset
uci_sms_04010,safe,"Forgot you were working today! Wanna chat, but things are ok so drop me a text when you're free / bored etc and i'll ring. Hope all is well, nose essay and all xx",safe_personal,en,UCI SMS Spam Collection,downloaded_public_dataset
uci_sms_04011,safe,Ha... Then we must walk to everywhere... Cannot take tram. My cousin said can walk to vic market from our hotel,safe_personal,en,UCI SMS Spam Collection,downloaded_public_dataset
uci_sms_04014,safe,Discussed with your mother ah?,safe_personal,en,UCI SMS Spam Collection,downloaded_public_dataset
uci_sms_04016,safe,"Sorry, I can't text &amp; drive coherently, see you in twenty",safe_personal,en,UCI SMS Spam Collection,downloaded_public_dataset
uci_sms_04017,scam,You will be receiving this week's Triple Echo ringtone shortly. Enjoy it!,spam_or_unspecified,en,UCI SMS Spam Collection,downloaded_public_dataset
uci_sms_04018,safe,In which place i can get rooms cheap:-),safe_personal,en,UCI SMS Spam Collection,downloaded_public_dataset
uci_sms_04019,safe,Eek that's a lot of time especially since American Pie is like 8 minutes long. I can't stop singing it.,safe_personal,en,UCI SMS Spam Collection,downloaded_public_dataset
uci_sms_04020,safe,GRAN ONLYFOUND OUT AFEW DAYS AGO.CUSOON HONI,safe_personal,en,UCI SMS Spam Collection,downloaded_public_dataset
uci_sms_04021,scam,"U've been selected to stay in 1 of 250 top British hotels - FOR NOTHING! Holiday valued at £350! Dial 08712300220 to claim - National Rate Call. Bx526, SW73SS",spam_or_unspecified,en,UCI SMS Spam Collection,downloaded_public_dataset
uci_sms_04022,safe,University of southern california.,safe_personal,en,UCI SMS Spam Collection,downloaded_public_dataset
uci_sms_04023,safe,We have to pick rayan macleran there.,safe_personal,en,UCI SMS Spam Collection,downloaded_public_dataset
uci_sms_04024,safe,U gd lor go shopping i got stuff to do. U wan 2 watch infernal affairs a not? Come lar...,safe_personal,en,UCI SMS Spam Collection,downloaded_public_dataset
uci_sms_04025,safe,Well. Balls. Time to make calls,safe_personal,en,UCI SMS Spam Collection,downloaded_public_dataset
uci_sms_04026,safe,Wat time ü wan today?,safe_personal,en,UCI SMS Spam Collection,downloaded_public_dataset
uci_sms_04027,safe,&lt;#&gt; in mca. But not conform.,safe_personal,en,UCI SMS Spam Collection,downloaded_public_dataset
uci_sms_04028,safe,Oh ok.. Wat's ur email?,safe_personal,en,UCI SMS Spam Collection,downloaded_public_dataset
uci_sms_04029,safe,"Yes, princess. Are you going to make me moan?",safe_personal,en,UCI SMS Spam Collection,downloaded_public_dataset
uci_sms_04030,safe,Lol its ok I didn't remember til last nite,safe_personal,en,UCI SMS Spam Collection,downloaded_public_dataset
uci_sms_04031,safe,"[…] anyway, many good evenings to u! s",safe_personal,en,UCI SMS Spam Collection,downloaded_public_dataset
uci_sms_04032,safe,"Cool, I'll text you in a few",safe_personal,en,UCI SMS Spam Collection,downloaded_public_dataset
uci_sms_04033,safe,"Sorry vikky, i'm Watching olave mandara movie kano in trishul theatre wit my frnds..",safe_personal,en,UCI SMS Spam Collection,downloaded_public_dataset
uci_sms_04034,safe,I'm very happy for you babe ! Woo hoo party on dude!,safe_personal,en,UCI SMS Spam Collection,downloaded_public_dataset
uci_sms_04035,safe,I am taking you for italian food. How about a pretty dress with no panties? :),safe_personal,en,UCI SMS Spam Collection,downloaded_public_dataset
uci_sms_04036,safe,Wot u up 2? Thout u were gonna call me!! Txt bak luv K,safe_personal,en,UCI SMS Spam Collection,downloaded_public_dataset
uci_sms_04037,scam,YOU ARE CHOSEN TO RECEIVE A £350 AWARD! Pls call claim number 09066364311 to collect your award which you are selected to receive as a valued mobile customer.,spam_or_unspecified,en,UCI SMS Spam Collection,downloaded_public_dataset
uci_sms_04038,safe,How are you holding up?,safe_personal,en,UCI SMS Spam Collection,downloaded_public_dataset
uci_sms_04039,safe,Dont flatter yourself... Tell that man of mine two pints of carlin in ten minutes please....,safe_personal,en,UCI SMS Spam Collection,downloaded_public_dataset
uci_sms_04040,safe,Hope you are not scared!,safe_personal,en,UCI SMS Spam Collection,downloaded_public_dataset
uci_sms_04042,safe,I'm at home n ready...,safe_personal,en,UCI SMS Spam Collection,downloaded_public_dataset
uci_sms_04044,safe,What time do u get out?,safe_personal,en,UCI SMS Spam Collection,downloaded_public_dataset
uci_sms_04045,safe,I am literally in bed and have been up for like &lt;#&gt; hours,safe_personal,en,UCI SMS Spam Collection,downloaded_public_dataset
uci_sms_04046,safe,"Yes, my reg is Ciao!",safe_personal,en,UCI SMS Spam Collection,downloaded_public_dataset
uci_sms_04047,safe,If You mean the website. Yes.,safe_personal,en,UCI SMS Spam Collection,downloaded_public_dataset
uci_sms_04048,scam,Win a £1000 cash prize or a prize worth £5000,spam_or_unspecified,en,UCI SMS Spam Collection,downloaded_public_dataset
uci_sms_04049,scam,"Thanks for your ringtone order, reference number X49.Your mobile will be charged 4.50. Should your tone not arrive please call customer services 09065989182",spam_or_unspecified,en,UCI SMS Spam Collection,downloaded_public_dataset
uci_sms_04050,safe,Lol or I could just starve and lose a pound by the end of the day.,safe_personal,en,UCI SMS Spam Collection,downloaded_public_dataset
uci_sms_04051,safe,Yeah that's the impression I got,safe_personal,en,UCI SMS Spam Collection,downloaded_public_dataset
uci_sms_04052,safe,Ok ok take care. I can understand.,safe_personal,en,UCI SMS Spam Collection,downloaded_public_dataset
uci_sms_04053,safe,"Motivate Behind every darkness, there is a shining light waiting for you to find it... Behind every best friend, there is always trust and love... BSLVYL",safe_personal,en,UCI SMS Spam Collection,downloaded_public_dataset
uci_sms_04054,safe,"Ya ok, then had dinner?",safe_personal,en,UCI SMS Spam Collection,downloaded_public_dataset
uci_sms_04055,safe,I was slept that time.you there?,safe_personal,en,UCI SMS Spam Collection,downloaded_public_dataset
uci_sms_04056,safe,dont make ne plans for nxt wknd coz she wants us to come down then ok,safe_personal,en,UCI SMS Spam Collection,downloaded_public_dataset
uci_sms_04057,safe,When is school starting. Where will you stay. What's the weather like. And the food. Do you have a social support system like friends in the school. All these things are important.,safe_personal,en,UCI SMS Spam Collection,downloaded_public_dataset
uci_sms_04058,safe,"Ha ha nan yalrigu heltini..Iyo kothi chikku, u shared many things wit me..so far i didn't told any body and even uttered a word abt u.. If ur trusting me so much how can i tell these to others.. Plz nxt time dont use those words to me..ok, chikku:-);-)B-)",safe_personal,en,UCI SMS Spam Collection,downloaded_public_dataset
uci_sms_04059,safe,Noice. Text me when you're here,safe_personal,en,UCI SMS Spam Collection,downloaded_public_dataset
uci_sms_04060,safe,Hi di is yijue we're meeting at 7 pm at esaplanade tonight.,safe_personal,en,UCI SMS Spam Collection,downloaded_public_dataset
uci_sms_04061,scam,Moby Pub Quiz.Win a £100 High Street prize if u know who the new Duchess of Cornwall will be? Txt her first name to 82277.unsub STOP £1.50 008704050406 SP,spam_or_unspecified,en,UCI SMS Spam Collection,downloaded_public_dataset
uci_sms_04062,scam,"This weeks SavaMob member offers are now accessible. Just call 08709501522 for details! SavaMob, POBOX 139, LA3 2WU. Only £1.50/week. SavaMob - offers mobile!",spam_or_unspecified,en,UCI SMS Spam Collection,downloaded_public_dataset
uci_sms_04063,safe,"Aight I've been set free, think you could text me blake's address? It occurs to me I'm not quite as sure what I'm doing as I thought I was",safe_personal,en,UCI SMS Spam Collection,downloaded_public_dataset
uci_sms_04064,safe,Hi dear we saw dear. We both are happy. Where you my battery is low,safe_personal,en,UCI SMS Spam Collection,downloaded_public_dataset
uci_sms_04065,safe,How are you. Its been ages. How's abj,safe_personal,en,UCI SMS Spam Collection,downloaded_public_dataset
uci_sms_04066,safe,Prof: you have passed in all the papers in this sem congrats . . . . Student: Enna kalaachutaarama..!! Prof:???? Gud mrng!,safe_personal,en,UCI SMS Spam Collection,downloaded_public_dataset
uci_sms_04067,safe,Dont kick coco when he's down,safe_personal,en,UCI SMS Spam Collection,downloaded_public_dataset
uci_sms_04068,safe,Fyi I'm gonna call you sporadically starting at like &lt;#&gt; bc we are not not doin this shit,safe_personal,en,UCI SMS Spam Collection,downloaded_public_dataset
uci_sms_04069,scam,"You are being contacted by our Dating Service by someone you know! To find out who it is, call from your mobile or landline 09064017305 PoBox75LDNS7",spam_or_unspecified,en,UCI SMS Spam Collection,downloaded_public_dataset
uci_sms_04070,scam,TBS/PERSOLVO. been chasing us since Sept for£38 definitely not paying now thanks to your information. We will ignore them. Kath. Manchester.,spam_or_unspecified,en,UCI SMS Spam Collection,downloaded_public_dataset
uci_sms_04071,safe,Hope youre not having too much fun without me!! see u tomorrow love jess x,safe_personal,en,UCI SMS Spam Collection,downloaded_public_dataset
uci_sms_04072,safe,Ok i wont call or disturb any one. I know all are avoiding me. I am a burden for all,safe_personal,en,UCI SMS Spam Collection,downloaded_public_dataset
uci_sms_04073,safe,I've reached home n i bathe liao... U can call me now...,safe_personal,en,UCI SMS Spam Collection,downloaded_public_dataset
uci_sms_04074,scam,Loans for any purpose even if you have Bad Credit! Tenants Welcome. Call NoWorriesLoans.com on 08717111821,spam_or_unspecified,en,UCI SMS Spam Collection,downloaded_public_dataset
uci_sms_04075,safe,Was the actual exam harder than NBME,safe_personal,en,UCI SMS Spam Collection,downloaded_public_dataset
uci_sms_04076,safe,A lot of this sickness thing going round. Take it easy. Hope u feel better soon. Lol,safe_personal,en,UCI SMS Spam Collection,downloaded_public_dataset
uci_sms_04078,scam,87077: Kick off a new season with 2wks FREE goals & news to ur mobile! Txt ur club name to 87077 eg VILLA to 87077,spam_or_unspecified,en,UCI SMS Spam Collection,downloaded_public_dataset
uci_sms_04079,safe,Hey sathya till now we dint meet not even a single time then how can i saw the situation sathya.,safe_personal,en,UCI SMS Spam Collection,downloaded_public_dataset
uci_sms_04080,safe,Gam gone after outstanding innings.,safe_personal,en,UCI SMS Spam Collection,downloaded_public_dataset
uci_sms_04081,safe,O i played smash bros &lt;#&gt; religiously.,safe_personal,en,UCI SMS Spam Collection,downloaded_public_dataset
uci_sms_04082,safe,"Sir, good morning. Hope you had a good weekend. I called to let you know that i was able to raise &lt;#&gt; from my dad. He however said he would make the rest available by mid feb. This amount is still quite short and i was hoping you would help. Do have a good day. Abiola",safe_personal,en,UCI SMS Spam Collection,downloaded_public_dataset
uci_sms_04083,safe,Hurry home. Soup is DONE!,safe_personal,en,UCI SMS Spam Collection,downloaded_public_dataset
uci_sms_04085,safe,"Good afternoon, my love. It was good to see your words on YM and get your tm. Very smart move, my slave ... *smiles* ... I drink my coffee and await you.",safe_personal,en,UCI SMS Spam Collection,downloaded_public_dataset
uci_sms_04086,safe,Quite ok but a bit ex... U better go eat smth now else i'll feel guilty...,safe_personal,en,UCI SMS Spam Collection,downloaded_public_dataset
uci_sms_04087,scam,"Orange brings you ringtones from all time Chart Heroes, with a free hit each week! Go to Ringtones & Pics on wap. To stop receiving these tips reply STOP.",spam_or_unspecified,en,UCI SMS Spam Collection,downloaded_public_dataset
uci_sms_04088,safe,Lemme know when you're here,safe_personal,en,UCI SMS Spam Collection,downloaded_public_dataset
uci_sms_04089,scam,PRIVATE! Your 2003 Account Statement for 07973788240 shows 800 un-redeemed S. I. M. points. Call 08715203649 Identifier Code: 40533 Expires 31/10/04,spam_or_unspecified,en,UCI SMS Spam Collection,downloaded_public_dataset
uci_sms_04090,safe,He needs to stop going to bed and make with the fucking dealing,safe_personal,en,UCI SMS Spam Collection,downloaded_public_dataset
uci_sms_04091,safe,"How are you, my Love ? Are you with your brother ? Time to talk english with him ? *grins* Say : Hey Muhommad, Penny says hello from across the sea",safe_personal,en,UCI SMS Spam Collection,downloaded_public_dataset
uci_sms_04092,scam,We tried to call you re your reply to our sms for a video mobile 750 mins UNLIMITED TEXT + free camcorder Reply of call 08000930705 Now,spam_or_unspecified,en,UCI SMS Spam Collection,downloaded_public_dataset
uci_sms_04093,safe,"Hey doc pls I want to get nice t shirt for my hubby nice fiting ones my budget is &lt;#&gt; k help pls I will load d card abi hw,keep me posted luv. 2 mj",safe_personal,en,UCI SMS Spam Collection,downloaded_public_dataset
uci_sms_04094,safe,I remain unconvinced that this isn't an elaborate test of my willpower,safe_personal,en,UCI SMS Spam Collection,downloaded_public_dataset
uci_sms_04095,safe,"Life is nothing wen v get everything. But ""life is everything wen v miss something "". Real value of people wil be realized only in their absence.... gud mrng",safe_personal,en,UCI SMS Spam Collection,downloaded_public_dataset
uci_sms_04096,safe,how are you? I miss you!,safe_personal,en,UCI SMS Spam Collection,downloaded_public_dataset
uci_sms_04097,safe,I ain't answerin no phone at what is actually a pretty reasonable hour but I'm sleepy,safe_personal,en,UCI SMS Spam Collection,downloaded_public_dataset
uci_sms_04098,safe,"Hey , is * rite u put »10 evey mnth is that all?",safe_personal,en,UCI SMS Spam Collection,downloaded_public_dataset
uci_sms_04099,safe,i am going to bed now prin,safe_personal,en,UCI SMS Spam Collection,downloaded_public_dataset
uci_sms_04100,safe,I think just yourself …Thanks and see you tomo,safe_personal,en,UCI SMS Spam Collection,downloaded_public_dataset
uci_sms_04101,safe,If u dun drive then how i go 2 sch.,safe_personal,en,UCI SMS Spam Collection,downloaded_public_dataset
uci_sms_04102,safe,I not at home now lei...,safe_personal,en,UCI SMS Spam Collection,downloaded_public_dataset
uci_sms_04103,scam,GSOH? Good with SPAM the ladies?U could b a male gigolo? 2 join the uk's fastest growing mens club reply ONCALL. mjzgroup. 08714342399.2stop reply STOP. msg@£1.50rcvd,spam_or_unspecified,en,UCI SMS Spam Collection,downloaded_public_dataset
uci_sms_04106,safe,Do u hav any frnd by name ashwini in ur college?,safe_personal,en,UCI SMS Spam Collection,downloaded_public_dataset
uci_sms_04107,safe,Jus finish my lunch on my way home lor... I tot u dun wan 2 stay in sch today...,safe_personal,en,UCI SMS Spam Collection,downloaded_public_dataset
uci_sms_04108,safe,K then 2marrow are you coming to class.,safe_personal,en,UCI SMS Spam Collection,downloaded_public_dataset
uci_sms_04109,scam,"HOT LIVE FANTASIES call now 08707500020 Just 20p per min NTT Ltd, PO Box 1327 Croydon CR9 5WB 0870 is a national rate call",spam_or_unspecified,en,UCI SMS Spam Collection,downloaded_public_dataset
uci_sms_04110,safe,Pls send me your address sir.,safe_personal,en,UCI SMS Spam Collection,downloaded_public_dataset
uci_sms_04111,safe,I want to lick your pussy now...,safe_personal,en,UCI SMS Spam Collection,downloaded_public_dataset
uci_sms_04112,safe,"Yo, you gonna still be in stock tomorrow/today? I'm trying to get a dubsack",safe_personal,en,UCI SMS Spam Collection,downloaded_public_dataset
uci_sms_04113,scam,URGENT! Your Mobile number has been awarded a <UKP>2000 prize GUARANTEED. Call 09061790125 from landline. Claim 3030. Valid 12hrs only 150ppm,spam_or_unspecified,en,UCI SMS Spam Collection,downloaded_public_dataset
uci_sms_04114,safe,"I'll see, but prolly yeah",safe_personal,en,UCI SMS Spam Collection,downloaded_public_dataset
uci_sms_04115,safe,Thought we could go out for dinner. I'll treat you! Seem ok?,safe_personal,en,UCI SMS Spam Collection,downloaded_public_dataset
uci_sms_04116,safe,Where are you ? What do you do ? How can you stand to be away from me ? Doesn't your heart ache without me ? Don't you wonder of me ? Don't you crave me ?,safe_personal,en,UCI SMS Spam Collection,downloaded_public_dataset
uci_sms_04117,safe,Sorry. You never hear unless you book it. One was kinda a joke--thet were really looking for skinny white girls. The other was one line--you can only do so much on camera with that. Something like that they're casting on the look.,safe_personal,en,UCI SMS Spam Collection,downloaded_public_dataset
uci_sms_04119,safe,"Sure thing big man. i have hockey elections at 6, shouldn‘t go on longer than an hour though",safe_personal,en,UCI SMS Spam Collection,downloaded_public_dataset
uci_sms_04120,safe,Watch lor. I saw a few swatch one i thk quite ok. Ard 116 but i need 2nd opinion leh...,safe_personal,en,UCI SMS Spam Collection,downloaded_public_dataset
uci_sms_04121,safe,Hiya do u like the hlday pics looked horrible in them so took mo out! Hows the camp Amrca thing? Speak soon Serena:),safe_personal,en,UCI SMS Spam Collection,downloaded_public_dataset
uci_sms_04122,safe,"Babe! How goes that day ? What are you up to ? I miss you already, my Love ... * loving kiss* ... I hope everything goes well.",safe_personal,en,UCI SMS Spam Collection,downloaded_public_dataset
uci_sms_04123,safe,Yunny... I'm goin to be late,safe_personal,en,UCI SMS Spam Collection,downloaded_public_dataset
uci_sms_04124,safe,Doc prescribed me morphine cause the other pain meds aren't enough. Waiting for my mom to bring it. That med should kick in fast so I'm gonna try to be on later,safe_personal,en,UCI SMS Spam Collection,downloaded_public_dataset
uci_sms_04125,safe,"Cool, want me to go to kappa or should I meet you outside mu",safe_personal,en,UCI SMS Spam Collection,downloaded_public_dataset
uci_sms_04126,safe,"Hey sexy buns ! Have I told you ? I adore you, loverboy. I hope you remember to thank your sister in law for those meatballs *grins* ... i love you, babe",safe_personal,en,UCI SMS Spam Collection,downloaded_public_dataset
uci_sms_04127,safe,May b approve panalam...but it should have more posts..,safe_personal,en,UCI SMS Spam Collection,downloaded_public_dataset
uci_sms_04128,scam,"SPJanuary Male Sale! Hot Gay chat now cheaper, call 08709222922. National rate from 1.5p/min cheap to 7.8p/min peak! To stop texts call 08712460324 (10p/min)",spam_or_unspecified,en,UCI SMS Spam Collection,downloaded_public_dataset
uci_sms_04131,safe,Me i'm not workin. Once i get job...,safe_personal,en,UCI SMS Spam Collection,downloaded_public_dataset
uci_sms_04132,safe,And by when you're done I mean now,safe_personal,en,UCI SMS Spam Collection,downloaded_public_dataset
uci_sms_04133,safe,"Its Ur luck to Love someone. Its Ur fortune to Love the one who Loves U. But, its a miracle to Love a person who can't Love anyone except U... Gud nyt...",safe_personal,en,UCI SMS Spam Collection,downloaded_public_dataset
uci_sms_04134,safe,Hi baby ive just got back from work and i was wanting to see u allday! I hope i didnt piss u off on the phone today. If u are up give me a call xxx,safe_personal,en,UCI SMS Spam Collection,downloaded_public_dataset
uci_sms_04135,scam,FreeMsg Today's the day if you are ready! I'm horny & live in your town. I love sex fun & games! Netcollex Ltd 08700621170150p per msg reply Stop to end,spam_or_unspecified,en,UCI SMS Spam Collection,downloaded_public_dataset
uci_sms_04136,safe,Is it your yahoo boys that bring in the perf? Or legal.,safe_personal,en,UCI SMS Spam Collection,downloaded_public_dataset
uci_sms_04137,safe,No need to say anything to me. I know i am an outsider,safe_personal,en,UCI SMS Spam Collection,downloaded_public_dataset
uci_sms_04138,safe,have you ever had one foot before?,safe_personal,en,UCI SMS Spam Collection,downloaded_public_dataset
uci_sms_04139,safe,Just got to &lt;#&gt;,safe_personal,en,UCI SMS Spam Collection,downloaded_public_dataset
uci_sms_04140,safe,"Good! No, don‘t need any receipts—well done! (…) Yes, please tell . What‘s her number, i could ring her",safe_personal,en,UCI SMS Spam Collection,downloaded_public_dataset
uci_sms_04142,safe,Leave it wif me lar... Ü wan to carry meh so heavy... Is da num 98321561 familiar to ü?,safe_personal,en,UCI SMS Spam Collection,downloaded_public_dataset
uci_sms_04143,safe,Beautiful truth : Expression of the face could Be seen by everyone... But the depression of heart Could be understood only By the Loved ones.. Gud Ni8;-),safe_personal,en,UCI SMS Spam Collection,downloaded_public_dataset
uci_sms_04144,safe,Infact happy new year. How are you where are you when are we seeing,safe_personal,en,UCI SMS Spam Collection,downloaded_public_dataset
uci_sms_04145,scam,"In The Simpsons Movie released in July 2007 name the band that died at the start of the film? A-Green Day, B-Blue Day, C-Red Day. (Send A, B or C)",spam_or_unspecified,en,UCI SMS Spam Collection,downloaded_public_dataset
uci_sms_04146,safe,That's a shame! Maybe cld meet for few hrs tomo?,safe_personal,en,UCI SMS Spam Collection,downloaded_public_dataset
uci_sms_04147,safe,Lol I would but despite these cramps I like being a girl.,safe_personal,en,UCI SMS Spam Collection,downloaded_public_dataset
uci_sms_04148,safe,I cant wait for cornwall. Hope tonight isnt too bad as well but its rock night shite. Anyway im going for a kip now have a good night. Speak to you soon.,safe_personal,en,UCI SMS Spam Collection,downloaded_public_dataset
uci_sms_04149,safe,Pls help me tell sura that i'm expecting a battery from hont. And that if should pls send me a message about how to download movies. Thanks,safe_personal,en,UCI SMS Spam Collection,downloaded_public_dataset
uci_sms_04150,scam,Please call Amanda with regard to renewing or upgrading your current T-Mobile handset free of charge. Offer ends today. Tel 0845 021 3680 subject to T's and C's,spam_or_unspecified,en,UCI SMS Spam Collection,downloaded_public_dataset
uci_sms_04151,safe,"Haven't found a way to get another app for your phone, eh ? Will you go to the net cafe ? Did you take that job? Geeee I need you babe. I crave to see you ...",safe_personal,en,UCI SMS Spam Collection,downloaded_public_dataset
uci_sms_04152,safe,I only work from mon to thurs but Sat i cant leh... Booked liao... Which other day u free?,safe_personal,en,UCI SMS Spam Collection,downloaded_public_dataset
uci_sms_04153,safe,Ü comin to fetch us oredi...,safe_personal,en,UCI SMS Spam Collection,downloaded_public_dataset
uci_sms_04154,safe,What's nannys address?,safe_personal,en,UCI SMS Spam Collection,downloaded_public_dataset
uci_sms_04156,safe,Haf u eaten? Wat time u wan me 2 come?,safe_personal,en,UCI SMS Spam Collection,downloaded_public_dataset
uci_sms_04157,scam,Want a new Video Phone? 750 anytime any network mins? Half price line rental free text for 3 months? Reply or call 08000930705 for free delivery,spam_or_unspecified,en,UCI SMS Spam Collection,downloaded_public_dataset
uci_sms_04158,safe,"Yo, call me when you get the chance, a friend of mine wanted me to ask you about a big order",safe_personal,en,UCI SMS Spam Collection,downloaded_public_dataset
uci_sms_04159,safe,This single single answers are we fighting? Plus i said am broke and you didnt reply,safe_personal,en,UCI SMS Spam Collection,downloaded_public_dataset
uci_sms_04160,safe,It certainly puts things into perspective when something like this happens,safe_personal,en,UCI SMS Spam Collection,downloaded_public_dataset
uci_sms_04161,safe,Now got tv 2 watch meh? U no work today?,safe_personal,en,UCI SMS Spam Collection,downloaded_public_dataset
uci_sms_04162,safe,i felt so...not any conveying reason.. Ese he... What about me?,safe_personal,en,UCI SMS Spam Collection,downloaded_public_dataset
uci_sms_04164,safe,How's it going? Got any exciting karaoke type activities planned? I'm debating whether to play football this eve. Feeling lazy though.,safe_personal,en,UCI SMS Spam Collection,downloaded_public_dataset
uci_sms_04165,safe,I told that am coming on wednesday.,safe_personal,en,UCI SMS Spam Collection,downloaded_public_dataset
uci_sms_04166,safe,"Its ok, called mom instead have fun",safe_personal,en,UCI SMS Spam Collection,downloaded_public_dataset
uci_sms_04167,scam,"Dear Voucher Holder, To claim this weeks offer, at your PC please go to http://www.wtlp.co.uk/text. Ts&Cs apply.",spam_or_unspecified,en,UCI SMS Spam Collection,downloaded_public_dataset
uci_sms_04168,safe,Well if I'm that desperate I'll just call armand again,safe_personal,en,UCI SMS Spam Collection,downloaded_public_dataset
uci_sms_04169,safe,Are you at work right now ?,safe_personal,en,UCI SMS Spam Collection,downloaded_public_dataset
uci_sms_04171,safe,Haven't heard anything and he's not answering my texts so I'm guessing he flaked. That said the jb is fantastic,safe_personal,en,UCI SMS Spam Collection,downloaded_public_dataset
uci_sms_04172,safe,"Mmmmmm ... I love you,so much, Ahmad ... I can't wait for this year to begin as every second takes me closer to being at your side. Happy New Year, my love!!",safe_personal,en,UCI SMS Spam Collection,downloaded_public_dataset
uci_sms_04173,safe,Pls what's the full name of joke's school cos fees in university of florida seem to actually be &lt;#&gt; k. Pls holla back,safe_personal,en,UCI SMS Spam Collection,downloaded_public_dataset
uci_sms_04175,safe,Ok... But they said i've got wisdom teeth hidden inside n mayb need 2 remove.,safe_personal,en,UCI SMS Spam Collection,downloaded_public_dataset
uci_sms_04176,safe,And pls pls drink plenty plenty water,safe_personal,en,UCI SMS Spam Collection,downloaded_public_dataset
uci_sms_04177,safe,How are you doing. How's the queen. Are you going for the royal wedding,safe_personal,en,UCI SMS Spam Collection,downloaded_public_dataset
uci_sms_04178,safe,He's in lag. That's just the sad part but we keep in touch thanks to skype,safe_personal,en,UCI SMS Spam Collection,downloaded_public_dataset
uci_sms_04179,safe,Ok lor then we go tog lor...,safe_personal,en,UCI SMS Spam Collection,downloaded_public_dataset
uci_sms_04180,safe,Two teams waiting for some players,safe_personal,en,UCI SMS Spam Collection,downloaded_public_dataset
uci_sms_04181,safe,Can ü send me a copy of da report?,safe_personal,en,UCI SMS Spam Collection,downloaded_public_dataset
uci_sms_04182,safe,"swhrt how u dey,hope ur ok, tot about u 2day.love n miss.take care.",safe_personal,en,UCI SMS Spam Collection,downloaded_public_dataset
uci_sms_04183,safe,"Ok da, i already planned. I wil pick you.",safe_personal,en,UCI SMS Spam Collection,downloaded_public_dataset
uci_sms_04184,scam,"Urgent! Please call 0906346330. Your ABTA complimentary 4* Spanish Holiday or £10,000 cash await collection SAE T&Cs BOX 47 PO19 2EZ 150ppm 18+",spam_or_unspecified,en,UCI SMS Spam Collection,downloaded_public_dataset
uci_sms_04186,safe,I just really need shit before tomorrow and I know you won't be awake before like 6,safe_personal,en,UCI SMS Spam Collection,downloaded_public_dataset
uci_sms_04187,safe,I'm good. Have you registered to vote?,safe_personal,en,UCI SMS Spam Collection,downloaded_public_dataset
uci_sms_04188,safe,"Hmm ok, i'll stay for like an hour cos my eye is really sore!",safe_personal,en,UCI SMS Spam Collection,downloaded_public_dataset
uci_sms_04189,safe,Dear got bus directly to calicut,safe_personal,en,UCI SMS Spam Collection,downloaded_public_dataset
uci_sms_04190,safe,Mm umma ask vava also to come tell him can play later together,safe_personal,en,UCI SMS Spam Collection,downloaded_public_dataset
uci_sms_04191,safe,"Well the general price is &lt;#&gt; /oz, let me know if/when/how much you want",safe_personal,en,UCI SMS Spam Collection,downloaded_public_dataset
uci_sms_04193,safe,"Each Moment in a day,has its own value-Morning brings hope,afternoon brings faith,Evening brings luv,Night brings rest,Wish u find them all today.Good Morning",safe_personal,en,UCI SMS Spam Collection,downloaded_public_dataset
uci_sms_04194,safe,&lt;#&gt; w jetton ave if you forgot,safe_personal,en,UCI SMS Spam Collection,downloaded_public_dataset
uci_sms_04195,safe,Ok i'm coming home now.,safe_personal,en,UCI SMS Spam Collection,downloaded_public_dataset
uci_sms_04196,safe,Can not use foreign stamps in this country.,safe_personal,en,UCI SMS Spam Collection,downloaded_public_dataset
uci_sms_04198,safe,"Sorry, it's a lot of friend-of-a-friend stuff, I'm just now about to talk to the actual guy who wants to buy",safe_personal,en,UCI SMS Spam Collection,downloaded_public_dataset
uci_sms_04201,scam,"cmon babe, make me horny, *turn* me on! Txt me your fantasy now babe -) Im hot, sticky and need you now. All replies cost £1.50. 2 cancel send STOP",spam_or_unspecified,en,UCI SMS Spam Collection,downloaded_public_dataset
uci_sms_04203,safe,Wylie update: my weed dealer carlos went to freedom and had a class with lunsford,safe_personal,en,UCI SMS Spam Collection,downloaded_public_dataset
uci_sms_04204,safe,Are you happy baby ? Are you alright ? Did you take that job ? I hope your fine. I send you a kiss to make you smile from across the sea ... *kiss* *kiss*,safe_personal,en,UCI SMS Spam Collection,downloaded_public_dataset
uci_sms_04205,safe,C movie is juz last minute decision mah. Juz watch 2 lar but i tot ü not interested.,safe_personal,en,UCI SMS Spam Collection,downloaded_public_dataset
uci_sms_04206,safe,How are you enjoying this semester? Take care brother.,safe_personal,en,UCI SMS Spam Collection,downloaded_public_dataset
uci_sms_04207,scam,IMPORTANT INFORMATION 4 ORANGE USER 0796XXXXXX. TODAY IS UR LUCKY DAY!2 FIND OUT WHY LOG ONTO http://www.urawinner.com THERE'S A FANTASTIC PRIZEAWAITING YOU!,spam_or_unspecified,en,UCI SMS Spam Collection,downloaded_public_dataset
uci_sms_04208,safe,"Get the door, I'm here",safe_personal,en,UCI SMS Spam Collection,downloaded_public_dataset
uci_sms_04209,safe,"Lets use it next week, princess :)",safe_personal,en,UCI SMS Spam Collection,downloaded_public_dataset
uci_sms_04210,safe,Or i go home first lar ü wait 4 me lor.. I put down my stuff first..,safe_personal,en,UCI SMS Spam Collection,downloaded_public_dataset
uci_sms_04211,safe,I want kfc its Tuesday. Only buy 2 meals ONLY 2. No gravy. Only 2 Mark. 2!,safe_personal,en,UCI SMS Spam Collection,downloaded_public_dataset
uci_sms_04212,safe,No da:)he is stupid da..always sending like this:)don believe any of those message.pandy is a mental:),safe_personal,en,UCI SMS Spam Collection,downloaded_public_dataset
uci_sms_04213,safe,Oi when you gonna ring,safe_personal,en,UCI SMS Spam Collection,downloaded_public_dataset
uci_sms_04214,scam,Missed call alert. These numbers called but left no message. 07008009200,spam_or_unspecified,en,UCI SMS Spam Collection,downloaded_public_dataset
uci_sms_04215,safe,I attended but nothing is there.,safe_personal,en,UCI SMS Spam Collection,downloaded_public_dataset
uci_sms_04216,safe,Ard 530 like dat lor. We juz meet in mrt station then ü dun haf to come out.,safe_personal,en,UCI SMS Spam Collection,downloaded_public_dataset
uci_sms_04217,safe,No dear i was sleeping :-P,safe_personal,en,UCI SMS Spam Collection,downloaded_public_dataset
uci_sms_04218,safe,Er mw im filled tuth is aight,safe_personal,en,UCI SMS Spam Collection,downloaded_public_dataset
uci_sms_04219,safe,Will be office around 4 pm. Now i am going hospital.,safe_personal,en,UCI SMS Spam Collection,downloaded_public_dataset
uci_sms_04220,safe,Actually i'm waiting for 2 weeks when they start putting ad.,safe_personal,en,UCI SMS Spam Collection,downloaded_public_dataset
uci_sms_04221,safe,Anything lor if they all go then i go lor...,safe_personal,en,UCI SMS Spam Collection,downloaded_public_dataset
uci_sms_04222,safe,U free on sat rite? U wan 2 watch infernal affairs wif me n darren n mayb xy?,safe_personal,en,UCI SMS Spam Collection,downloaded_public_dataset
uci_sms_04224,safe,Yo you around? A friend of mine's lookin to pick up later tonight,safe_personal,en,UCI SMS Spam Collection,downloaded_public_dataset
uci_sms_04225,safe,Stupid auto correct on my phone,safe_personal,en,UCI SMS Spam Collection,downloaded_public_dataset
uci_sms_04226,safe,Double eviction this week - Spiral and Michael and good riddance to them!,safe_personal,en,UCI SMS Spam Collection,downloaded_public_dataset
uci_sms_04227,safe,"The world suffers a lot... Not because of the violence of bad people. But because of the silence of good people!, Gud night....",safe_personal,en,UCI SMS Spam Collection,downloaded_public_dataset
uci_sms_04228,safe,"Ok thats cool. Its , just off either raglan rd or edward rd. Behind the cricket ground. Gimme ring when ur closeby see you tuesday.",safe_personal,en,UCI SMS Spam Collection,downloaded_public_dataset
uci_sms_04229,safe,Buy one egg for me da..please:),safe_personal,en,UCI SMS Spam Collection,downloaded_public_dataset
uci_sms_04230,safe,Have you started in skye,safe_personal,en,UCI SMS Spam Collection,downloaded_public_dataset
uci_sms_04231,safe,Have you bookedthe hut? And also your time off? How are you by the way?,safe_personal,en,UCI SMS Spam Collection,downloaded_public_dataset
uci_sms_04232,safe,And several to you sir.,safe_personal,en,UCI SMS Spam Collection,downloaded_public_dataset
uci_sms_04233,safe,U really pig leh sleep so much. My dad wake me up at 10 smth 2 eat lunch today.,safe_personal,en,UCI SMS Spam Collection,downloaded_public_dataset
uci_sms_04235,safe,My love ... I hope your not doing anything drastic. Don't you dare sell your pc or your phone ...,safe_personal,en,UCI SMS Spam Collection,downloaded_public_dataset
uci_sms_04237,scam,FREEMSG: Our records indicate you may be entitled to 3750 pounds for the Accident you had. To claim for free reply with YES to this msg. To opt out text STOP,spam_or_unspecified,en,UCI SMS Spam Collection,downloaded_public_dataset
uci_sms_04239,safe,Life style garments account no please.,safe_personal,en,UCI SMS Spam Collection,downloaded_public_dataset
uci_sms_04240,safe,Lol wtf random. Btw is that your lunch break,safe_personal,en,UCI SMS Spam Collection,downloaded_public_dataset
uci_sms_04241,safe,"Sez, hows u & de arab boy? Hope u r all good give my love 2 evry1 love ya eshxxxxxxxxxxx",safe_personal,en,UCI SMS Spam Collection,downloaded_public_dataset
uci_sms_04242,safe,"The LAY MAN! Just to let you know you are missed and thought off. Do have a great day. And if you can send me bimbo and ugo's numbers, ill appreciate. Safe",safe_personal,en,UCI SMS Spam Collection,downloaded_public_dataset
uci_sms_04243,safe,Detroit. The home of snow. Enjoy it.,safe_personal,en,UCI SMS Spam Collection,downloaded_public_dataset
uci_sms_04244,scam,Show ur colours! Euro 2004 2-4-1 Offer! Get an England Flag & 3Lions tone on ur phone! Click on the following service message for info!,spam_or_unspecified,en,UCI SMS Spam Collection,downloaded_public_dataset
uci_sms_04246,safe,"Aight, I'm chillin in a friend's room so text me when you're on the way",safe_personal,en,UCI SMS Spam Collection,downloaded_public_dataset
uci_sms_04247,safe,Is toshiba portege m100 gd?,safe_personal,en,UCI SMS Spam Collection,downloaded_public_dataset
uci_sms_04248,safe,Well welp is sort of a semiobscure internet thing,safe_personal,en,UCI SMS Spam Collection,downloaded_public_dataset
uci_sms_04249,scam,Text PASS to 69669 to collect your polyphonic ringtones. Normal gprs charges apply only. Enjoy your tones,spam_or_unspecified,en,UCI SMS Spam Collection,downloaded_public_dataset
uci_sms_04250,scam,"accordingly. I repeat, just text the word ok on your mobile phone and send",spam_or_unspecified,en,UCI SMS Spam Collection,downloaded_public_dataset
uci_sms_04251,safe,Loosu go to hospital. De dont let it careless.,safe_personal,en,UCI SMS Spam Collection,downloaded_public_dataset
uci_sms_04252,safe,How much for an eighth?,safe_personal,en,UCI SMS Spam Collection,downloaded_public_dataset
uci_sms_04253,safe,Omg Joanna is freaking me out. She's looked thru all my friends to find photos of me. And then she's asking about stuff on my MySpace which I haven't even logged on in like a year. :/,safe_personal,en,UCI SMS Spam Collection,downloaded_public_dataset
uci_sms_04254,safe,"Send ur birthdate with month and year, I will tel u ur LIFE PARTNER'S name. and the method of calculation. Reply must.",safe_personal,en,UCI SMS Spam Collection,downloaded_public_dataset
uci_sms_04255,safe,Juz now havent woke up so a bit blur blur... Can? Dad went out liao... I cant cum now oso...,safe_personal,en,UCI SMS Spam Collection,downloaded_public_dataset
uci_sms_04256,safe,"How about clothes, jewelry, and trips?",safe_personal,en,UCI SMS Spam Collection,downloaded_public_dataset
uci_sms_04257,scam,Block Breaker now comes in deluxe format with new features and great graphics from T-Mobile. Buy for just £5 by replying GET BBDELUXE and take the challenge,spam_or_unspecified,en,UCI SMS Spam Collection,downloaded_public_dataset
uci_sms_04258,safe,Aah! A cuddle would be lush! I'd need lots of tea and soup before any kind of fumbling!,safe_personal,en,UCI SMS Spam Collection,downloaded_public_dataset
uci_sms_04259,scam,important information 4 orange user . today is your lucky day!2find out why log onto http://www.urawinner.com THERE'S A FANTASTIC SURPRISE AWAITING YOU!,spam_or_unspecified,en,UCI SMS Spam Collection,downloaded_public_dataset
uci_sms_04262,safe,Are you plans with your family set in stone ?,safe_personal,en,UCI SMS Spam Collection,downloaded_public_dataset
uci_sms_04263,safe,Pls dont forget to study,safe_personal,en,UCI SMS Spam Collection,downloaded_public_dataset
uci_sms_04264,safe,You'll never believe this but i have actually got off at taunton. Wow,safe_personal,en,UCI SMS Spam Collection,downloaded_public_dataset
uci_sms_04265,safe,"Den only weekdays got special price... Haiz... Cant eat liao... Cut nails oso muz wait until i finish drivin wat, lunch still muz eat wat...",safe_personal,en,UCI SMS Spam Collection,downloaded_public_dataset
uci_sms_04266,safe,She just broke down a list of reasons why nobody's in town and I can't tell if she's being sarcastic or just faggy,safe_personal,en,UCI SMS Spam Collection,downloaded_public_dataset
uci_sms_04267,safe,&lt;DECIMAL&gt; m but its not a common car here so its better to buy from china or asia. Or if i find it less expensive. I.ll holla,safe_personal,en,UCI SMS Spam Collection,downloaded_public_dataset
uci_sms_04268,safe,The greatest test of courage on earth is to bear defeat without losing heart....gn tc,safe_personal,en,UCI SMS Spam Collection,downloaded_public_dataset
uci_sms_04269,safe,SORRY IM STIL FUCKED AFTER LAST NITE WENT TOBED AT 430 GOT UP 4 WORK AT 630,safe_personal,en,UCI SMS Spam Collection,downloaded_public_dataset
uci_sms_04270,safe,Hey so whats the plan this sat?,safe_personal,en,UCI SMS Spam Collection,downloaded_public_dataset
uci_sms_04271,safe,Beauty sleep can help ur pimples too.,safe_personal,en,UCI SMS Spam Collection,downloaded_public_dataset
uci_sms_04272,safe,Great. Hope you are using your connections from mode men also cos you can never know why old friends can lead you to today,safe_personal,en,UCI SMS Spam Collection,downloaded_public_dataset
uci_sms_04273,scam,Natalja (25/F) is inviting you to be her friend. Reply YES-440 or NO-440 See her: www.SMS.ac/u/nat27081980 STOP? Send STOP FRND to 62468,spam_or_unspecified,en,UCI SMS Spam Collection,downloaded_public_dataset
uci_sms_04274,safe,Where to get those?,safe_personal,en,UCI SMS Spam Collection,downloaded_public_dataset
uci_sms_04275,safe,"Kind of. Just missed train cos of asthma attack, nxt one in half hr so driving in. not sure where to park.",safe_personal,en,UCI SMS Spam Collection,downloaded_public_dataset
uci_sms_04276,safe,Ball is moving a lot.will spin in last :)so very difficult to bat:),safe_personal,en,UCI SMS Spam Collection,downloaded_public_dataset
uci_sms_04277,safe,Haiyoh... Maybe your hamster was jealous of million,safe_personal,en,UCI SMS Spam Collection,downloaded_public_dataset
uci_sms_04278,safe,Can you please send me my aunty's number,safe_personal,en,UCI SMS Spam Collection,downloaded_public_dataset
uci_sms_04279,safe,I'm glad. You are following your dreams.,safe_personal,en,UCI SMS Spam Collection,downloaded_public_dataset
uci_sms_04280,safe,I've reached home finally...,safe_personal,en,UCI SMS Spam Collection,downloaded_public_dataset
uci_sms_04281,scam,"URGENT. Important information for 02 user. Today is your lucky day! 2 find out why , log onto http://www.urawinner.com there is a fantastic surprise awaiting you !",spam_or_unspecified,en,UCI SMS Spam Collection,downloaded_public_dataset
uci_sms_04283,safe,"Wn u r hurt by d prsn who s close 2 u, do fight wit dem. Coz somtimes dis fight saves a relation bt being quiet leaves nothin in a relation.. Gud eveB-)",safe_personal,en,UCI SMS Spam Collection,downloaded_public_dataset
uci_sms_04284,safe,U can call now...,safe_personal,en,UCI SMS Spam Collection,downloaded_public_dataset
uci_sms_04285,safe,"Science tells that chocolate will melt under the sunlight. Please don't walk under the sunlight. BCoz,I don't want to loss a sweet friend.",safe_personal,en,UCI SMS Spam Collection,downloaded_public_dataset
uci_sms_04286,safe,Yes. I come to nyc for audiitions and am trying to relocate.,safe_personal,en,UCI SMS Spam Collection,downloaded_public_dataset
uci_sms_04287,safe,I pocked you up there before,safe_personal,en,UCI SMS Spam Collection,downloaded_public_dataset
uci_sms_04288,safe,Congrats. That's great. I wanted to tell you not to tell me your score cos it might make me relax. But its motivating me so thanks for sharing,safe_personal,en,UCI SMS Spam Collection,downloaded_public_dataset
uci_sms_04289,safe,I wud never mind if u dont miss me or if u dont need me.. But u wil really hurt me wen u need me &amp; u dont tell me......... Take care:-),safe_personal,en,UCI SMS Spam Collection,downloaded_public_dataset
uci_sms_04290,safe,Hey mr whats the name of that bill brison book the one about language and words,safe_personal,en,UCI SMS Spam Collection,downloaded_public_dataset
uci_sms_04291,safe,"Okay, good, no problem, and thanx!",safe_personal,en,UCI SMS Spam Collection,downloaded_public_dataset
uci_sms_04292,safe,"For you information, IKEA is spelled with all caps. That is not yelling. when you thought i had left you, you were sitting on the bed among the mess when i came in. i said we were going after you got home from class. please don't try and bullshit me. It makes me want to listen to you less.",safe_personal,en,UCI SMS Spam Collection,downloaded_public_dataset
uci_sms_04293,safe,Call me when u're done...,safe_personal,en,UCI SMS Spam Collection,downloaded_public_dataset
uci_sms_04294,safe,G.W.R,safe_personal,en,UCI SMS Spam Collection,downloaded_public_dataset
uci_sms_04295,safe,You best watch what you say cause I get drunk as a motherfucker,safe_personal,en,UCI SMS Spam Collection,downloaded_public_dataset
uci_sms_04296,scam,Kit Strip - you have been billed 150p. Netcollex Ltd. PO Box 1013 IG11 OJA,spam_or_unspecified,en,UCI SMS Spam Collection,downloaded_public_dataset
uci_sms_04298,scam,Please CALL 08712402578 immediately as there is an urgent message waiting for you,spam_or_unspecified,en,UCI SMS Spam Collection,downloaded_public_dataset
uci_sms_04299,scam,thesmszone.com lets you send free anonymous and masked messages..im sending this message from there..do you see the potential for abuse???,spam_or_unspecified,en,UCI SMS Spam Collection,downloaded_public_dataset
uci_sms_04302,safe,"Erm... Woodland avenue somewhere. Do you get the parish magazine, his telephone number will be in there.",safe_personal,en,UCI SMS Spam Collection,downloaded_public_dataset
uci_sms_04303,safe,Are there TA jobs available? Let me know please cos i really need to start working,safe_personal,en,UCI SMS Spam Collection,downloaded_public_dataset
uci_sms_04304,safe,Aiyar hard 2 type. U later free then tell me then i call n scold n tell u.,safe_personal,en,UCI SMS Spam Collection,downloaded_public_dataset
uci_sms_04305,safe,Yup i'm free...,safe_personal,en,UCI SMS Spam Collection,downloaded_public_dataset
uci_sms_04306,safe,"Good good, billy mates all gone. Just been jogging, again! Did enjoy concert?",safe_personal,en,UCI SMS Spam Collection,downloaded_public_dataset
uci_sms_04307,safe,Yo come over carlos will be here soon,safe_personal,en,UCI SMS Spam Collection,downloaded_public_dataset
uci_sms_04308,safe,Awww dat is sweet! We can think of something to do he he! Have a nice time tonight ill probably txt u later cos im lonely :( xxx.,safe_personal,en,UCI SMS Spam Collection,downloaded_public_dataset
uci_sms_04309,safe,I guess it is useless calling u 4 something important.,safe_personal,en,UCI SMS Spam Collection,downloaded_public_dataset
uci_sms_04310,safe,Ha ha - had popped down to the loo when you hello-ed me. Hello!,safe_personal,en,UCI SMS Spam Collection,downloaded_public_dataset
uci_sms_04311,safe,He dint tell anything. He is angry on me that why you told to abi.,safe_personal,en,UCI SMS Spam Collection,downloaded_public_dataset
uci_sms_04313,safe,It so happens that there r 2waxsto do wat you want. She can come and ill get her medical insurance. And she'll be able to deliver and have basic care. I'm currently shopping for the right medical insurance for her. So just give me til friday morning. Thats when i.ll see the major person that can guide me to the right insurance.,safe_personal,en,UCI SMS Spam Collection,downloaded_public_dataset
uci_sms_04314,safe,I keep ten rs in my shelf:) buy two egg.,safe_personal,en,UCI SMS Spam Collection,downloaded_public_dataset
uci_sms_04315,safe,"I wasn't well babe, i have swollen glands at my throat ... What did you end up doing ?",safe_personal,en,UCI SMS Spam Collection,downloaded_public_dataset
uci_sms_04316,safe,Is ur changes 2 da report big? Cos i've already made changes 2 da previous report.,safe_personal,en,UCI SMS Spam Collection,downloaded_public_dataset
uci_sms_04317,safe,Captain is in our room:),safe_personal,en,UCI SMS Spam Collection,downloaded_public_dataset
uci_sms_04318,safe,"I can't speak, bcaz mobile have problem. I can listen you but you cann't listen my voice. So i calls you later.",safe_personal,en,UCI SMS Spam Collection,downloaded_public_dataset
uci_sms_04319,safe,HIYA STU WOT U UP 2.IM IN SO MUCH TRUBLE AT HOME AT MOMENT EVONE HATES ME EVEN U! WOT THE HELL AV I DONE NOW? Y WONT U JUST TELL ME TEXT BCK PLEASE LUV DAN,safe_personal,en,UCI SMS Spam Collection,downloaded_public_dataset
uci_sms_04320,safe,S...i will take mokka players only:),safe_personal,en,UCI SMS Spam Collection,downloaded_public_dataset
uci_sms_04321,safe,Are you still playing with gautham?,safe_personal,en,UCI SMS Spam Collection,downloaded_public_dataset
uci_sms_04322,safe,Hey mr and I are going to the sea view and having a couple of gays I mean games! Give me a bell when ya finish,safe_personal,en,UCI SMS Spam Collection,downloaded_public_dataset
uci_sms_04323,safe,"K, jason says he's gonna be around so I'll be up there around &lt;#&gt;",safe_personal,en,UCI SMS Spam Collection,downloaded_public_dataset
uci_sms_04324,safe,Sorry . I will be able to get to you. See you in the morning.,safe_personal,en,UCI SMS Spam Collection,downloaded_public_dataset
uci_sms_04325,safe,Aight well keep me informed,safe_personal,en,UCI SMS Spam Collection,downloaded_public_dataset
uci_sms_04327,safe,Am only searching for good dual sim mobile pa.,safe_personal,en,UCI SMS Spam Collection,downloaded_public_dataset
uci_sms_04328,safe,That seems unnecessarily hostile,safe_personal,en,UCI SMS Spam Collection,downloaded_public_dataset
uci_sms_04329,safe,Dude got a haircut. Now its breezy up there,safe_personal,en,UCI SMS Spam Collection,downloaded_public_dataset
uci_sms_04330,scam,"Congrats! 2 mobile 3G Videophones R yours. call 09061744553 now! videochat wid ur mates, play java games, Dload polyH music, noline rentl. bx420. ip4. 5we. 150pm",spam_or_unspecified,en,UCI SMS Spam Collection,downloaded_public_dataset
uci_sms_04331,safe,1Apple/Day=No Doctor. 1Tulsi Leaf/Day=No Cancer. 1Lemon/Day=No Fat. 1Cup Milk/day=No Bone Problms 3 Litres Watr/Day=No Diseases Snd ths 2 Whom U Care..:-),safe_personal,en,UCI SMS Spam Collection,downloaded_public_dataset
uci_sms_04332,safe,i thought we were doing a king of the hill thing there.,safe_personal,en,UCI SMS Spam Collection,downloaded_public_dataset
uci_sms_04333,safe,Nope i'll come online now..,safe_personal,en,UCI SMS Spam Collection,downloaded_public_dataset
uci_sms_04334,safe,ALSO TELL HIM I SAID HAPPY BIRTHDAY,safe_personal,en,UCI SMS Spam Collection,downloaded_public_dataset
uci_sms_04335,safe,Y bishan lei... I tot ü say lavender?,safe_personal,en,UCI SMS Spam Collection,downloaded_public_dataset
uci_sms_04336,safe,Boo what time u get out? U were supposed to take me shopping today. :(,safe_personal,en,UCI SMS Spam Collection,downloaded_public_dataset
uci_sms_04337,safe,"Now u sound like manky scouse boy steve,like! I is travelling on da bus home.wot has u inmind 4 recreation dis eve?",safe_personal,en,UCI SMS Spam Collection,downloaded_public_dataset
uci_sms_04338,safe,"Fyi I'm taking a quick shower, be at epsilon in like &lt;#&gt; min",safe_personal,en,UCI SMS Spam Collection,downloaded_public_dataset
uci_sms_04339,safe,on a Tuesday night r u 4 real,safe_personal,en,UCI SMS Spam Collection,downloaded_public_dataset
uci_sms_04340,safe,Yes when is the appt again?,safe_personal,en,UCI SMS Spam Collection,downloaded_public_dataset
uci_sms_04341,safe,Just got outta class gonna go gym.,safe_personal,en,UCI SMS Spam Collection,downloaded_public_dataset
uci_sms_04342,safe,I want to sent &lt;#&gt; mesages today. Thats y. Sorry if i hurts,safe_personal,en,UCI SMS Spam Collection,downloaded_public_dataset
uci_sms_04343,safe,Ü all write or wat..,safe_personal,en,UCI SMS Spam Collection,downloaded_public_dataset
uci_sms_04344,safe,Ha! I wouldn't say that I just didn't read anything into way u seemed. I don't like 2 be judgemental....i save that for fridays in the pub!,safe_personal,en,UCI SMS Spam Collection,downloaded_public_dataset
uci_sms_04345,safe,Its a valentine game. . . send dis msg to all ur friends. . If 5 answers r d same then someone really loves u. . Ques- which colour suits me the best?,safe_personal,en,UCI SMS Spam Collection,downloaded_public_dataset
uci_sms_04346,safe,Hi:)did you asked to waheeda fathima about leave?,safe_personal,en,UCI SMS Spam Collection,downloaded_public_dataset
uci_sms_04347,safe,Enjoy urself tmr...,safe_personal,en,UCI SMS Spam Collection,downloaded_public_dataset
uci_sms_04348,safe,You still around? I could use a half-8th,safe_personal,en,UCI SMS Spam Collection,downloaded_public_dataset
uci_sms_04350,safe,You give us back my id proof and &lt;#&gt; rs. We wont allow you to work. We will come to your home within days,safe_personal,en,UCI SMS Spam Collection,downloaded_public_dataset
uci_sms_04351,safe,Ü bot notes oredi... Cos i juz rem i got...,safe_personal,en,UCI SMS Spam Collection,downloaded_public_dataset
uci_sms_04352,safe,Yes. Rent is very expensive so its the way we save.,safe_personal,en,UCI SMS Spam Collection,downloaded_public_dataset
uci_sms_04354,safe,Hows the pain dear?y r u smiling?,safe_personal,en,UCI SMS Spam Collection,downloaded_public_dataset
uci_sms_04355,safe,"Fun fact: although you would think armand would eventually build up a tolerance or some shit considering how much he smokes, he gets fucked up in like 2 hits",safe_personal,en,UCI SMS Spam Collection,downloaded_public_dataset
uci_sms_04356,scam,important information 4 orange user 0789xxxxxxx. today is your lucky day!2find out why log onto http://www.urawinner.com THERE'S A FANTASTIC SURPRISE AWAITING YOU!,spam_or_unspecified,en,UCI SMS Spam Collection,downloaded_public_dataset
uci_sms_04358,safe,Great. So should i send you my account number.,safe_personal,en,UCI SMS Spam Collection,downloaded_public_dataset
uci_sms_04359,safe,"HELLOGORGEOUS, HOWS U? MY FONE WAS ON CHARGE LST NITW WEN U TEXD ME. HOPEU AD A NICE WKEND AS IM SURE U DID LOOKIN 4WARD 2 C-IN U 2MRW LUV JAZ",safe_personal,en,UCI SMS Spam Collection,downloaded_public_dataset
uci_sms_04360,scam,"Our dating service has been asked 2 contact U by someone shy! CALL 09058091870 NOW all will be revealed. POBox84, M26 3UZ 150p",spam_or_unspecified,en,UCI SMS Spam Collection,downloaded_public_dataset
uci_sms_04361,safe,Ü only send me the contents page...,safe_personal,en,UCI SMS Spam Collection,downloaded_public_dataset
uci_sms_04362,safe,"Night sweet, sleep well! I've just been to see The Exorcism of Emily Rose and may never sleep again! Hugs and snogs!",safe_personal,en,UCI SMS Spam Collection,downloaded_public_dataset
uci_sms_04363,safe,"Don't Think About ""What u Have Got"" Think About ""How to Use It That You Have Got"" gooD ni8",safe_personal,en,UCI SMS Spam Collection,downloaded_public_dataset
uci_sms_04364,safe,"I can't right this second, gotta hit people up first",safe_personal,en,UCI SMS Spam Collection,downloaded_public_dataset
uci_sms_04365,safe,"Evry Emotion dsn't hav Words.Evry Wish dsn't hav Prayrs.. If u Smile,D World is wit u.Othrwise even d Drop of Tear dsn't lik 2 Stay wit u.So b happy.. Good morning, keep smiling:-)",safe_personal,en,UCI SMS Spam Collection,downloaded_public_dataset
uci_sms_04366,safe,So what about you. What do you remember,safe_personal,en,UCI SMS Spam Collection,downloaded_public_dataset
uci_sms_04367,safe,Ujhhhhhhh computer shipped out with address to sandiago and parantella lane. Wtf. Poop.,safe_personal,en,UCI SMS Spam Collection,downloaded_public_dataset
uci_sms_04368,safe,Mm yes dear look how i am hugging you both. :-P,safe_personal,en,UCI SMS Spam Collection,downloaded_public_dataset
uci_sms_04369,safe,I like dis sweater fr mango but no more my size already so irritating.,safe_personal,en,UCI SMS Spam Collection,downloaded_public_dataset
uci_sms_04370,safe,1 I don't have her number and 2 its gonna be a massive pain in the ass and i'd rather not get involved if that's possible,safe_personal,en,UCI SMS Spam Collection,downloaded_public_dataset
uci_sms_04371,safe,Anytime lor...,safe_personal,en,UCI SMS Spam Collection,downloaded_public_dataset
uci_sms_04372,scam,Do you want a new Video handset? 750 any time any network mins? UNLIMITED TEXT? Camcorder? Reply or Call now 08000930705 for del Sat AM,spam_or_unspecified,en,UCI SMS Spam Collection,downloaded_public_dataset
uci_sms_04374,scam,"Ur balance is now £600. Next question: Complete the landmark, Big, A. Bob, B. Barry or C. Ben ?. Text A, B or C to 83738. Good luck!",spam_or_unspecified,en,UCI SMS Spam Collection,downloaded_public_dataset
uci_sms_04375,safe,Me fine..absolutly fine,safe_personal,en,UCI SMS Spam Collection,downloaded_public_dataset
uci_sms_04376,safe,K and you're sure I don't have to have consent forms to do it :V,safe_personal,en,UCI SMS Spam Collection,downloaded_public_dataset
uci_sms_04377,scam,Ur TONEXS subscription has been renewed and you have been charged £4.50. You can choose 10 more polys this month. www.clubzed.co.uk *BILLING MSG*,spam_or_unspecified,en,UCI SMS Spam Collection,downloaded_public_dataset
uci_sms_04378,scam,"If you don't, your prize will go to another customer. T&C at www.t-c.biz 18+ 150p/min Polo Ltd Suite 373 London W1J 6HL Please call back if busy",spam_or_unspecified,en,UCI SMS Spam Collection,downloaded_public_dataset
uci_sms_04379,safe,How much is torch in 9ja.,safe_personal,en,UCI SMS Spam Collection,downloaded_public_dataset
uci_sms_04380,safe,"Doing nothing, then u not having dinner w us?",safe_personal,en,UCI SMS Spam Collection,downloaded_public_dataset
uci_sms_04381,safe,How are you. Just checking up on you,safe_personal,en,UCI SMS Spam Collection,downloaded_public_dataset
uci_sms_04382,safe,Done it but internet connection v slow and can‘t send it. Will try again later or first thing tomo.,safe_personal,en,UCI SMS Spam Collection,downloaded_public_dataset
uci_sms_04383,safe,Mathews or tait or edwards or anderson,safe_personal,en,UCI SMS Spam Collection,downloaded_public_dataset
uci_sms_04384,safe,yeah sure thing mate haunt got all my stuff sorted but im going sound anyway promoting hex for .by the way who is this? dont know number. Joke,safe_personal,en,UCI SMS Spam Collection,downloaded_public_dataset
uci_sms_04385,safe,No need lar i go engin? Cos my sis at arts today...,safe_personal,en,UCI SMS Spam Collection,downloaded_public_dataset
uci_sms_04386,safe,Thanks honey but still haven't heard anything I will leave it a bit longer so not 2 crowd him and will try later - great advice thanks hope cardiff is still there!,safe_personal,en,UCI SMS Spam Collection,downloaded_public_dataset
uci_sms_04387,scam,Do you want a New Nokia 3510i Colour Phone Delivered Tomorrow? With 200 FREE minutes to any mobile + 100 FREE text + FREE camcorder Reply or Call 8000930705,spam_or_unspecified,en,UCI SMS Spam Collection,downloaded_public_dataset
uci_sms_04388,safe,", im .. On the snowboarding trip. I was wondering if your planning to get everyone together befor we go..a meet and greet kind of affair? Cheers,",safe_personal,en,UCI SMS Spam Collection,downloaded_public_dataset
uci_sms_04389,safe,S.i'm watching it in live..,safe_personal,en,UCI SMS Spam Collection,downloaded_public_dataset
uci_sms_04390,safe,"see you then, we're all christmassy here!",safe_personal,en,UCI SMS Spam Collection,downloaded_public_dataset
uci_sms_04391,safe,"K I'm ready, &lt;#&gt; ?",safe_personal,en,UCI SMS Spam Collection,downloaded_public_dataset
uci_sms_04394,safe,what are your new years plans?,safe_personal,en,UCI SMS Spam Collection,downloaded_public_dataset
uci_sms_04395,scam,RECPT 1/3. You have ordered a Ringtone. Your order is being processed...,spam_or_unspecified,en,UCI SMS Spam Collection,downloaded_public_dataset
uci_sms_04396,safe,Baaaaaaaabe! Wake up ! I miss you ! I crave you! I need you!,safe_personal,en,UCI SMS Spam Collection,downloaded_public_dataset
uci_sms_04397,safe,"Only just got this message, not ignoring you. Yes, i was. Shopping that is",safe_personal,en,UCI SMS Spam Collection,downloaded_public_dataset
uci_sms_04398,safe,Dear :-/ why you mood off. I cant drive so i brother to drive,safe_personal,en,UCI SMS Spam Collection,downloaded_public_dataset
uci_sms_04399,safe,When did dad get back.,safe_personal,en,UCI SMS Spam Collection,downloaded_public_dataset
uci_sms_04400,safe,"Can you tell Shola to please go to college of medicine and visit the academic department, tell the academic secretary what the current situation is and ask if she can transfer there. She should ask someone to check Sagamu for the same thing and lautech. Its vital she completes her medical education in Nigeria. Its less expensive much less expensive. Unless she will be getting citizen rates in new zealand.",safe_personal,en,UCI SMS Spam Collection,downloaded_public_dataset
uci_sms_04401,safe,Yes just finished watching days of our lives. I love it.,safe_personal,en,UCI SMS Spam Collection,downloaded_public_dataset
uci_sms_04402,safe,Juz go google n search 4 qet...,safe_personal,en,UCI SMS Spam Collection,downloaded_public_dataset
uci_sms_04403,safe,Many times we lose our best ones bcoz we are,safe_personal,en,UCI SMS Spam Collection,downloaded_public_dataset
uci_sms_04404,safe,"Good FRIENDS CaRE for each Other.. CLoSE Friends UNDERSTaND each Other... and TRUE Friends STaY forever beyond words, beyond time. Gud ni8",safe_personal,en,UCI SMS Spam Collection,downloaded_public_dataset
uci_sms_04405,safe,Just getting back home,safe_personal,en,UCI SMS Spam Collection,downloaded_public_dataset
uci_sms_04406,safe,"Sorry, I'll call later &lt;#&gt; mins",safe_personal,en,UCI SMS Spam Collection,downloaded_public_dataset
uci_sms_04407,safe,Dun need to use dial up juz open da browser n surf...,safe_personal,en,UCI SMS Spam Collection,downloaded_public_dataset
uci_sms_04408,scam,As one of our registered subscribers u can enter the draw 4 a 100 G.B. gift voucher by replying with ENTER. To unsubscribe text STOP,spam_or_unspecified,en,UCI SMS Spam Collection,downloaded_public_dataset
uci_sms_04409,safe,"Awesome, plan to get here any time after like &lt;#&gt; , I'll text you details in a wee bit",safe_personal,en,UCI SMS Spam Collection,downloaded_public_dataset
uci_sms_04410,safe,Take care and sleep well.you need to learn to change in life.you only need to get CONVINCED on that.i will wait but no more conversations between us.GET CONVINCED by that time.Your family is over for you in many senses.respect them but not overemphasise.or u have no role in my life.,safe_personal,en,UCI SMS Spam Collection,downloaded_public_dataset
uci_sms_04411,scam,"For your chance to WIN a FREE Bluetooth Headset then simply reply back with ""ADP""",spam_or_unspecified,en,UCI SMS Spam Collection,downloaded_public_dataset
uci_sms_04412,safe,You also didnt get na hi hi hi hi hi,safe_personal,en,UCI SMS Spam Collection,downloaded_public_dataset
uci_sms_04413,safe,Ya but it cant display internal subs so i gotta extract them,safe_personal,en,UCI SMS Spam Collection,downloaded_public_dataset
uci_sms_04414,safe,If i said anything wrong sorry de:-),safe_personal,en,UCI SMS Spam Collection,downloaded_public_dataset
uci_sms_04416,safe,How stupid to say that i challenge god.You dont think at all on what i write instead you respond immed.,safe_personal,en,UCI SMS Spam Collection,downloaded_public_dataset
uci_sms_04417,safe,"Yeah I should be able to, I'll text you when I'm ready to meet up",safe_personal,en,UCI SMS Spam Collection,downloaded_public_dataset
uci_sms_04418,safe,V skint too but fancied few bevies.waz gona go meet &othrs in spoon but jst bin watchng planet earth&sofa is v comfey; If i dont make it hav gd night,safe_personal,en,UCI SMS Spam Collection,downloaded_public_dataset
uci_sms_04419,safe,"says that he's quitting at least5times a day so i wudn't take much notice of that. Nah, she didn't mind. Are you gonna see him again? Do you want to come to taunton tonight? U can tell me all about !",safe_personal,en,UCI SMS Spam Collection,downloaded_public_dataset
uci_sms_04420,safe,"When you get free, call me",safe_personal,en,UCI SMS Spam Collection,downloaded_public_dataset
uci_sms_04421,safe,How have your little darlings been so far this week? Need a coffee run tomo?Can't believe it's that time of week already …,safe_personal,en,UCI SMS Spam Collection,downloaded_public_dataset
uci_sms_04423,safe,Still at west coast... Haiz... Ü'll take forever to come back...,safe_personal,en,UCI SMS Spam Collection,downloaded_public_dataset
uci_sms_04424,safe,MMM ... Fuck .... Merry Christmas to me,safe_personal,en,UCI SMS Spam Collection,downloaded_public_dataset
uci_sms_04425,safe,alright. Thanks for the advice. Enjoy your night out. I'ma try to get some sleep...,safe_personal,en,UCI SMS Spam Collection,downloaded_public_dataset
uci_sms_04426,safe,Update your face book status frequently :),safe_personal,en,UCI SMS Spam Collection,downloaded_public_dataset
uci_sms_04427,safe,Just now saw your message.it k da:),safe_personal,en,UCI SMS Spam Collection,downloaded_public_dataset
uci_sms_04428,safe,Was it something u ate?,safe_personal,en,UCI SMS Spam Collection,downloaded_public_dataset
uci_sms_04429,safe,So what did the bank say about the money?,safe_personal,en,UCI SMS Spam Collection,downloaded_public_dataset
uci_sms_04430,safe,Aiyar dun disturb u liao... Thk u have lots 2 do aft ur cupboard come...,safe_personal,en,UCI SMS Spam Collection,downloaded_public_dataset
uci_sms_04431,safe,Hey they r not watching movie tonight so i'll prob b home early...,safe_personal,en,UCI SMS Spam Collection,downloaded_public_dataset
uci_sms_04432,safe,Yar lor... How u noe? U used dat route too?,safe_personal,en,UCI SMS Spam Collection,downloaded_public_dataset
uci_sms_04433,safe,2mro i am not coming to gym machan. Goodnight.,safe_personal,en,UCI SMS Spam Collection,downloaded_public_dataset
uci_sms_04434,safe,Dont think you need yellow card for uk travel. Ask someone that has gone before. If you do its just &lt;#&gt; bucks,safe_personal,en,UCI SMS Spam Collection,downloaded_public_dataset
uci_sms_04435,safe,Can u look 4 me in da lib i got stuff havent finish yet.,safe_personal,en,UCI SMS Spam Collection,downloaded_public_dataset
uci_sms_04436,safe,Sounds great! Im going to sleep now. Have a good night!,safe_personal,en,UCI SMS Spam Collection,downloaded_public_dataset
uci_sms_04437,scam,Don't b floppy... b snappy & happy! Only gay chat service with photo upload call 08718730666 (10p/min). 2 stop our texts call 08712460324,spam_or_unspecified,en,UCI SMS Spam Collection,downloaded_public_dataset
uci_sms_04439,safe,How come u got nothing to do?,safe_personal,en,UCI SMS Spam Collection,downloaded_public_dataset
uci_sms_04440,safe,Nothing will ever be easy. But don't be looking for a reason not to take a risk on life and love,safe_personal,en,UCI SMS Spam Collection,downloaded_public_dataset
uci_sms_04441,safe,i want to grasp your pretty booty :),safe_personal,en,UCI SMS Spam Collection,downloaded_public_dataset
uci_sms_04442,safe,I've got it down to a tea. not sure which flavour,safe_personal,en,UCI SMS Spam Collection,downloaded_public_dataset
uci_sms_04443,safe,I'm going 2 orchard now laready me reaching soon. U reaching?,safe_personal,en,UCI SMS Spam Collection,downloaded_public_dataset
uci_sms_04444,safe,Dear i am not denying your words please,safe_personal,en,UCI SMS Spam Collection,downloaded_public_dataset
uci_sms_04445,safe,You know my old Dom I told you about yesterday ? His name is Roger? He got in touch with me last night and wants me to meet him today at 2 pm,safe_personal,en,UCI SMS Spam Collection,downloaded_public_dataset
uci_sms_04446,safe,COME BACK TO TAMPA FFFFUUUUUUU,safe_personal,en,UCI SMS Spam Collection,downloaded_public_dataset
uci_sms_04447,safe,"2 celebrate my bday, y else?",safe_personal,en,UCI SMS Spam Collection,downloaded_public_dataset
uci_sms_04448,safe,Merry christmas to u too annie!,safe_personal,en,UCI SMS Spam Collection,downloaded_public_dataset
uci_sms_04449,safe,Please tell me you have some of that special stock you were talking about,safe_personal,en,UCI SMS Spam Collection,downloaded_public_dataset
uci_sms_04450,safe,I sent them. Do you like?,safe_personal,en,UCI SMS Spam Collection,downloaded_public_dataset
uci_sms_04452,safe,"Awesome, be there in a minute",safe_personal,en,UCI SMS Spam Collection,downloaded_public_dataset
uci_sms_04453,safe,"And that is the problem. You walk around in ""julianaland"" oblivious to what is going on around you. I say the same things constantly and they go in one ear and out the other while you go off doing whatever you want to do. It's not that you don't know why I'm upset--it's that you don't listen when i tell you WHAT is going to upset me. Then you want to be surprised when I'm mad.",safe_personal,en,UCI SMS Spam Collection,downloaded_public_dataset
uci_sms_04454,safe,I've told you everything will stop. Just dont let her get dehydrated.,safe_personal,en,UCI SMS Spam Collection,downloaded_public_dataset
uci_sms_04455,safe,Or I guess &lt;#&gt; min,safe_personal,en,UCI SMS Spam Collection,downloaded_public_dataset
uci_sms_04456,safe,I'm home. Ard wat time will u reach?,safe_personal,en,UCI SMS Spam Collection,downloaded_public_dataset
uci_sms_04458,safe,"If you want to mapquest it or something look up ""usf dogwood drive"", that's the tiny street where the parking lot is",safe_personal,en,UCI SMS Spam Collection,downloaded_public_dataset
uci_sms_04459,safe,Aight should I just plan to come up later tonight?,safe_personal,en,UCI SMS Spam Collection,downloaded_public_dataset
uci_sms_04460,safe,Die... I accidentally deleted e msg i suppose 2 put in e sim archive. Haiz... I so sad...,safe_personal,en,UCI SMS Spam Collection,downloaded_public_dataset
uci_sms_04461,scam,"Welcome to UK-mobile-date this msg is FREE giving you free calling to 08719839835. Future mgs billed at 150p daily. To cancel send ""go stop"" to 89123",spam_or_unspecified,en,UCI SMS Spam Collection,downloaded_public_dataset
uci_sms_04462,safe,This is wishing you a great day. Moji told me about your offer and as always i was speechless. You offer so easily to go to great lengths on my behalf and its stunning. My exam is next friday. After that i will keep in touch more. Sorry.,safe_personal,en,UCI SMS Spam Collection,downloaded_public_dataset
uci_sms_04463,safe,"Thanks again for your reply today. When is ur visa coming in. And r u still buying the gucci and bags. My sister things are not easy, uncle john also has his own bills so i really need to think about how to make my own money. Later sha.",safe_personal,en,UCI SMS Spam Collection,downloaded_public_dataset
uci_sms_04464,safe,"Sorry I flaked last night, shit's seriously goin down with my roommate, what you up to tonight?",safe_personal,en,UCI SMS Spam Collection,downloaded_public_dataset
uci_sms_04465,safe,He said i look pretty wif long hair wat. But i thk he's cutting quite short 4 me leh.,safe_personal,en,UCI SMS Spam Collection,downloaded_public_dataset
uci_sms_04467,safe,CHEERS FOR CALLIN BABE.SOZI CULDNT TALKBUT I WANNATELL U DETAILS LATER WENWECAN CHAT PROPERLY X,safe_personal,en,UCI SMS Spam Collection,downloaded_public_dataset
uci_sms_04468,safe,Hey u still at the gym?,safe_personal,en,UCI SMS Spam Collection,downloaded_public_dataset
uci_sms_04470,safe,Much better now thanks lol,safe_personal,en,UCI SMS Spam Collection,downloaded_public_dataset
uci_sms_04471,safe,"Nothing, smsing u n xy lor. Sorry lor da guys neva c u in person but they sort of know u lor. So u wan 2 meet them xy ask me 2 bring u along 4 our next meeting.",safe_personal,en,UCI SMS Spam Collection,downloaded_public_dataset
uci_sms_04472,safe,"Lemme know when I can swing by and pick up, I'm free basically any time after 1 all this semester",safe_personal,en,UCI SMS Spam Collection,downloaded_public_dataset
uci_sms_04473,safe,Wa... U so efficient... Gee... Thanx...,safe_personal,en,UCI SMS Spam Collection,downloaded_public_dataset
uci_sms_04474,scam,3. You have received your mobile content. Enjoy,spam_or_unspecified,en,UCI SMS Spam Collection,downloaded_public_dataset
uci_sms_04475,safe,S but not able to sleep.,safe_personal,en,UCI SMS Spam Collection,downloaded_public_dataset
uci_sms_04476,scam,Want explicit SEX in 30 secs? Ring 02073162414 now! Costs 20p/min,spam_or_unspecified,en,UCI SMS Spam Collection,downloaded_public_dataset
uci_sms_04477,safe,We will meet soon princess! Ttyl!,safe_personal,en,UCI SMS Spam Collection,downloaded_public_dataset
uci_sms_04478,safe,I'll pick you up at about 5.15pm to go to taunton if you still want to come.,safe_personal,en,UCI SMS Spam Collection,downloaded_public_dataset
uci_sms_04479,safe,Oh :-)only 4 outside players allowed to play know,safe_personal,en,UCI SMS Spam Collection,downloaded_public_dataset
uci_sms_04480,safe,I anything lor.,safe_personal,en,UCI SMS Spam Collection,downloaded_public_dataset
uci_sms_04481,safe,Erutupalam thandiyachu,safe_personal,en,UCI SMS Spam Collection,downloaded_public_dataset
uci_sms_04482,safe,"Y cant u try new invention to fly..i'm not joking.,",safe_personal,en,UCI SMS Spam Collection,downloaded_public_dataset
uci_sms_04483,safe,No..its ful of song lyrics..,safe_personal,en,UCI SMS Spam Collection,downloaded_public_dataset
uci_sms_04484,safe,"What do u reckon as need 2 arrange transport if u can't do it, thanks",safe_personal,en,UCI SMS Spam Collection,downloaded_public_dataset
uci_sms_04485,safe,True lov n care wil nevr go unrecognized. though somone often makes mistakes when valuing it. but they will definitly undrstnd once when they start missing it.,safe_personal,en,UCI SMS Spam Collection,downloaded_public_dataset
uci_sms_04486,safe,Shopping? Eh ger i toking abt syd leh...Haha,safe_personal,en,UCI SMS Spam Collection,downloaded_public_dataset
uci_sms_04487,safe,What not under standing.,safe_personal,en,UCI SMS Spam Collection,downloaded_public_dataset
uci_sms_04488,safe,have * good weekend.,safe_personal,en,UCI SMS Spam Collection,downloaded_public_dataset
uci_sms_04489,safe,Miss call miss call khelate kintu opponenter miss call dhorte lage. Thats d rule. One with great phone receiving quality wins.,safe_personal,en,UCI SMS Spam Collection,downloaded_public_dataset
uci_sms_04490,safe,Call me when you get the chance plz &lt;3,safe_personal,en,UCI SMS Spam Collection,downloaded_public_dataset
uci_sms_04491,safe,The new deus ex game comin early next yr,safe_personal,en,UCI SMS Spam Collection,downloaded_public_dataset
uci_sms_04492,safe,My computer just fried the only essential part we don't keep spares of because my fucking idiot roommates looovvve leaving the thing running on full &lt;#&gt; /7,safe_personal,en,UCI SMS Spam Collection,downloaded_public_dataset
uci_sms_04493,safe,"My friend, she's studying at warwick, we've planned to go shopping and to concert tmw, but it may be canceled, havn't seen for ages, yeah we should get together sometime!",safe_personal,en,UCI SMS Spam Collection,downloaded_public_dataset
uci_sms_04494,safe,Probably a couple hours tops,safe_personal,en,UCI SMS Spam Collection,downloaded_public_dataset
uci_sms_04495,safe,"LOL .. *grins* .. I'm not babe, but thanks for thinking of me!",safe_personal,en,UCI SMS Spam Collection,downloaded_public_dataset
uci_sms_04496,safe,Man this bus is so so so slow. I think you're gonna get there before me,safe_personal,en,UCI SMS Spam Collection,downloaded_public_dataset
uci_sms_04497,safe,Hope this text meets you smiling. If not then let this text give you a reason to smile. Have a beautiful day.,safe_personal,en,UCI SMS Spam Collection,downloaded_public_dataset
uci_sms_04498,safe,"In case you wake up wondering where I am, I forgot I have to take care of something for grandma today, should be done before the parade",safe_personal,en,UCI SMS Spam Collection,downloaded_public_dataset
uci_sms_04500,scam,"Latest Nokia Mobile or iPOD MP3 Player +£400 proze GUARANTEED! Reply with: WIN to 83355 now! Norcorp Ltd.£1,50/Mtmsgrcvd18+",spam_or_unspecified,en,UCI SMS Spam Collection,downloaded_public_dataset
uci_sms_04501,scam,"SMS SERVICES. for your inclusive text credits, pls goto www.comuk.net login= 3qxj9 unsubscribe with STOP, no extra charge. help 08702840625.COMUK. 220-CM2 9AE",spam_or_unspecified,en,UCI SMS Spam Collection,downloaded_public_dataset
uci_sms_04502,safe,Nvm take ur time.,safe_personal,en,UCI SMS Spam Collection,downloaded_public_dataset
uci_sms_04503,safe,So wat's da decision?,safe_personal,en,UCI SMS Spam Collection,downloaded_public_dataset
uci_sms_04504,safe,Wot is u up 2 then bitch?,safe_personal,en,UCI SMS Spam Collection,downloaded_public_dataset
uci_sms_04506,safe,She told to hr that he want posting in chennai:)because i'm working here:),safe_personal,en,UCI SMS Spam Collection,downloaded_public_dataset
uci_sms_04507,scam,Mobile Club: Choose any of the top quality items for your mobile. 7cfca1a,spam_or_unspecified,en,UCI SMS Spam Collection,downloaded_public_dataset
uci_sms_04508,safe,When are you guys leaving?,safe_personal,en,UCI SMS Spam Collection,downloaded_public_dataset
uci_sms_04509,safe,He neva grumble but i sad lor... Hee... Buy tmr lor aft lunch. But we still meetin 4 lunch tmr a not. Neva hear fr them lei. Ü got a lot of work ar?,safe_personal,en,UCI SMS Spam Collection,downloaded_public_dataset
uci_sms_04510,safe,Not able to do anything.,safe_personal,en,UCI SMS Spam Collection,downloaded_public_dataset
uci_sms_04511,safe,Ü takin linear algebra today?,safe_personal,en,UCI SMS Spam Collection,downloaded_public_dataset
uci_sms_04512,safe,This weekend is fine (an excuse not to do too much decorating),safe_personal,en,UCI SMS Spam Collection,downloaded_public_dataset
uci_sms_04513,safe,"Sorry I missed you babe. I was up late and slept in. I hope you enjoy your driving lesson, boytoy. I miss you too ... *teasing kiss*",safe_personal,en,UCI SMS Spam Collection,downloaded_public_dataset
uci_sms_04514,safe,Now project pa. After that only i can come.,safe_personal,en,UCI SMS Spam Collection,downloaded_public_dataset
uci_sms_04515,scam,Money i have won wining number 946 wot do i do next,spam_or_unspecified,en,UCI SMS Spam Collection,downloaded_public_dataset
uci_sms_04516,safe,"Sure, whenever you show the fuck up &gt;:(",safe_personal,en,UCI SMS Spam Collection,downloaded_public_dataset
uci_sms_04517,safe,That was random saw my old roomate on campus. He graduated,safe_personal,en,UCI SMS Spam Collection,downloaded_public_dataset
uci_sms_04519,safe,"Men always needs a beautiful, intelligent, caring, loving, adjustable, cooperative wife. But the law allows only one wife....",safe_personal,en,UCI SMS Spam Collection,downloaded_public_dataset
uci_sms_04520,safe,That sucks. So what do you got planned for your yo valentine? I am your yo valentine aren't I?,safe_personal,en,UCI SMS Spam Collection,downloaded_public_dataset
uci_sms_04521,safe,"Just got part Nottingham - 3 hrs 63miles. Good thing i love my man so much, but only doing 40mph. Hey ho",safe_personal,en,UCI SMS Spam Collection,downloaded_public_dataset
uci_sms_04522,safe,What to think no one saying clearly. Ok leave no need to ask her. I will go if she come or not,safe_personal,en,UCI SMS Spam Collection,downloaded_public_dataset
uci_sms_04523,safe,Hi good mornin.. Thanku wish u d same..,safe_personal,en,UCI SMS Spam Collection,downloaded_public_dataset
uci_sms_04524,safe,DO U WANT 2 MEET UP 2MORRO,safe_personal,en,UCI SMS Spam Collection,downloaded_public_dataset
uci_sms_04525,safe,Actually I decided I was too hungry so I haven't left yet :V,safe_personal,en,UCI SMS Spam Collection,downloaded_public_dataset
uci_sms_04526,safe,I've sent ü my part..,safe_personal,en,UCI SMS Spam Collection,downloaded_public_dataset
uci_sms_04527,safe,Cos i was out shopping wif darren jus now n i called him 2 ask wat present he wan lor. Then he started guessing who i was wif n he finally guessed darren lor.,safe_personal,en,UCI SMS Spam Collection,downloaded_public_dataset
uci_sms_04528,scam,"I want some cock! My hubby's away, I need a real man 2 satisfy me. Txt WIFE to 89938 for no strings action. (Txt STOP 2 end, txt rec £1.50ea. OTBox 731 LA1 7WS. )",spam_or_unspecified,en,UCI SMS Spam Collection,downloaded_public_dataset
uci_sms_04529,safe,Understand. his loss is my gain :) so do you work? School?,safe_personal,en,UCI SMS Spam Collection,downloaded_public_dataset
uci_sms_04530,safe,HOW ARE U? I HAVE MISSED U! I HAVENT BEEN UP 2 MUCH A BIT BORED WITH THE HOLIDAY WANT 2 GO BAK 2 COLLEGE! SAD ISNT IT?xx,safe_personal,en,UCI SMS Spam Collection,downloaded_public_dataset
uci_sms_04531,safe,"Hiya, probably coming home * weekend after next",safe_personal,en,UCI SMS Spam Collection,downloaded_public_dataset
uci_sms_04532,safe,Don't forget though that I love you .... And I walk beside you. Watching over you and keeping your heart warm.,safe_personal,en,UCI SMS Spam Collection,downloaded_public_dataset
uci_sms_04533,safe,I wish things were different. I wonder when i will be able to show you how much i value you. Pls continue the brisk walks no drugs without askin me please and find things to laugh about. I love you dearly.,safe_personal,en,UCI SMS Spam Collection,downloaded_public_dataset
uci_sms_04534,safe,Ok both our days. So what are you making for dinner tonite? Am I invited?,safe_personal,en,UCI SMS Spam Collection,downloaded_public_dataset
uci_sms_04535,scam,Gr8 new service - live sex video chat on your mob - see the sexiest dirtiest girls live on ur phone - 4 details text horny to 89070 to cancel send STOP to 89070,spam_or_unspecified,en,UCI SMS Spam Collection,downloaded_public_dataset
uci_sms_04536,safe,I have no money 4 steve mate! !,safe_personal,en,UCI SMS Spam Collection,downloaded_public_dataset
uci_sms_04537,safe,IM LATE TELLMISS IM ON MY WAY,safe_personal,en,UCI SMS Spam Collection,downloaded_public_dataset
uci_sms_04539,safe,Normally i use to drink more water daily:),safe_personal,en,UCI SMS Spam Collection,downloaded_public_dataset
uci_sms_04540,safe,Dare i ask... Any luck with sorting out the car?,safe_personal,en,UCI SMS Spam Collection,downloaded_public_dataset
uci_sms_04541,safe,"Party's at my place at usf, no charge (but if you can contribute in any way it is greatly appreciated) and yeah, we got room for one more",safe_personal,en,UCI SMS Spam Collection,downloaded_public_dataset
uci_sms_04542,safe,"Urgh, coach hot, smells of chip fat! Thanks again, especially for the duvet (not a predictive text word).",safe_personal,en,UCI SMS Spam Collection,downloaded_public_dataset
uci_sms_04543,safe,Hiya. How was last night? I've been naughty and bought myself clothes and very little ... Ready for more shopping tho! What kind of time do you wanna meet?,safe_personal,en,UCI SMS Spam Collection,downloaded_public_dataset
uci_sms_04544,scam,FreeMsg Hi baby wow just got a new cam moby. Wanna C a hot pic? or Fancy a chat?Im w8in 4uTxt / rply CHAT to 82242 Hlp 08712317606 Msg150p 2rcv,spam_or_unspecified,en,UCI SMS Spam Collection,downloaded_public_dataset
uci_sms_04545,safe,I've been trying to reach him without success,safe_personal,en,UCI SMS Spam Collection,downloaded_public_dataset
uci_sms_04546,safe,when you and derek done with class?,safe_personal,en,UCI SMS Spam Collection,downloaded_public_dataset
uci_sms_04547,safe,Never y lei... I v lazy... Got wat? Dat day ü send me da url cant work one...,safe_personal,en,UCI SMS Spam Collection,downloaded_public_dataset
uci_sms_04548,safe,Never try alone to take the weight of a tear that comes out of ur heart and falls through ur eyes... Always remember a STUPID FRIEND is here to share... BSLVYL,safe_personal,en,UCI SMS Spam Collection,downloaded_public_dataset
uci_sms_04549,safe,Hey mate. Spoke to the mag people. We‘re on. the is deliver by the end of the month. Deliver on the 24th sept. Talk later.,safe_personal,en,UCI SMS Spam Collection,downloaded_public_dataset
uci_sms_04551,safe,"Haha, my friend tyler literally just asked if you could get him a dubsack",safe_personal,en,UCI SMS Spam Collection,downloaded_public_dataset
uci_sms_04552,safe,Hey! do u fancy meetin me at 4 at cha  hav a lil beverage on me. if not txt or ring me and we can meet up l8r. quite tired got in at 3 v.pist ;) love Pete x x x,safe_personal,en,UCI SMS Spam Collection,downloaded_public_dataset
uci_sms_04553,safe,Great. Have a safe trip. Dont panic surrender all.,safe_personal,en,UCI SMS Spam Collection,downloaded_public_dataset
uci_sms_04554,safe,"SYMPTOMS when U are in love: ""1.U like listening songs 2.U get stopped where u see the name of your beloved 3.U won't get angry when your",safe_personal,en,UCI SMS Spam Collection,downloaded_public_dataset
uci_sms_04555,safe,Sun ah... Thk mayb can if dun have anythin on... Thk have to book e lesson... E pilates is at orchard mrt u noe hor...,safe_personal,en,UCI SMS Spam Collection,downloaded_public_dataset
uci_sms_04556,safe,Try to do something dear. You read something for exams,safe_personal,en,UCI SMS Spam Collection,downloaded_public_dataset
uci_sms_04558,safe,Gettin rdy to ship comp,safe_personal,en,UCI SMS Spam Collection,downloaded_public_dataset
uci_sms_04559,safe,I am in hospital da. . I will return home in evening,safe_personal,en,UCI SMS Spam Collection,downloaded_public_dataset
uci_sms_04560,safe,PISS IS TALKING IS SOMEONE THAT REALISE U THAT POINT THIS AT IS IT.(NOW READ IT BACKWARDS),safe_personal,en,UCI SMS Spam Collection,downloaded_public_dataset
uci_sms_04561,safe,Think + da. You wil do.,safe_personal,en,UCI SMS Spam Collection,downloaded_public_dataset
uci_sms_04562,safe,I'm awake oh. What's up.,safe_personal,en,UCI SMS Spam Collection,downloaded_public_dataset
uci_sms_04563,safe,Good afternoon my boytoy. How goes that walking here and there day ? Did you get that police abstract? Are you still out and about? I wake and miss you babe,safe_personal,en,UCI SMS Spam Collection,downloaded_public_dataset
uci_sms_04564,safe,How much u trying to get?,safe_personal,en,UCI SMS Spam Collection,downloaded_public_dataset
uci_sms_04565,safe,"Come around &lt;DECIMAL&gt; pm vikky..i'm otside nw, il come by tht time",safe_personal,en,UCI SMS Spam Collection,downloaded_public_dataset
uci_sms_04566,safe,Tell me again what your address is,safe_personal,en,UCI SMS Spam Collection,downloaded_public_dataset
uci_sms_04568,safe,Should i buy him a blackberry bold 2 or torch. Should i buy him new or used. Let me know. Plus are you saying i should buy the &lt;#&gt; g wifi ipad. And what are you saying about the about the &lt;#&gt; g?,safe_personal,en,UCI SMS Spam Collection,downloaded_public_dataset
uci_sms_04569,safe,But you were together so you should be thinkin about him,safe_personal,en,UCI SMS Spam Collection,downloaded_public_dataset
uci_sms_04570,safe,hiya hows it going in sunny africa? hope u r avin a good time. give that big old silver back a big kiss from me.,safe_personal,en,UCI SMS Spam Collection,downloaded_public_dataset
uci_sms_04571,safe,At WHAT TIME should i come tomorrow,safe_personal,en,UCI SMS Spam Collection,downloaded_public_dataset
uci_sms_04572,scam,Wanna have a laugh? Try CHIT-CHAT on your mobile now! Logon by txting the word: CHAT and send it to No: 8883 CM PO Box 4217 London W1A 6ZF 16+ 118p/msg rcvd,spam_or_unspecified,en,UCI SMS Spam Collection,downloaded_public_dataset
uci_sms_04573,safe,"CHA QUITEAMUZING THATSCOOL BABE,PROBPOP IN & CU SATTHEN HUNNY 4BREKKIE! LOVE JEN XXX. PSXTRA LRG PORTIONS 4 ME PLEASE",safe_personal,en,UCI SMS Spam Collection,downloaded_public_dataset
uci_sms_04574,safe,Omg how did u know what I ate?,safe_personal,en,UCI SMS Spam Collection,downloaded_public_dataset
uci_sms_04575,scam,URGENT! This is the 2nd attempt to contact U!U have WON £1000CALL 09071512432 b4 300603t&csBCM4235WC1N3XX.callcost150ppmmobilesvary. max£7. 50,spam_or_unspecified,en,UCI SMS Spam Collection,downloaded_public_dataset
uci_sms_04576,safe,:( but your not here....,safe_personal,en,UCI SMS Spam Collection,downloaded_public_dataset
uci_sms_04577,safe,Not directly behind... Abt 4 rows behind ü...,safe_personal,en,UCI SMS Spam Collection,downloaded_public_dataset
uci_sms_04578,scam,Congratulations ur awarded 500 of CD vouchers or 125gift guaranteed & Free entry 2 100 wkly draw txt MUSIC to 87066,spam_or_unspecified,en,UCI SMS Spam Collection,downloaded_public_dataset
uci_sms_04579,scam,"Had your contract mobile 11 Mnths? Latest Motorola, Nokia etc. all FREE! Double Mins & Text on Orange tariffs. TEXT YES for callback, no to remove from records",spam_or_unspecified,en,UCI SMS Spam Collection,downloaded_public_dataset
uci_sms_04581,safe,No plans yet. What are you doing ?,safe_personal,en,UCI SMS Spam Collection,downloaded_public_dataset
uci_sms_04582,safe,Hi ....My engagement has been fixd on &lt;#&gt; th of next month. I know its really shocking bt....hmm njan vilikkam....t ws al of a sudn;-(.,safe_personal,en,UCI SMS Spam Collection,downloaded_public_dataset
uci_sms_04583,safe,Not course. Only maths one day one chapter with in one month we can finish.,safe_personal,en,UCI SMS Spam Collection,downloaded_public_dataset
uci_sms_04584,safe,Wow didn't think it was that common. I take it all back ur not a freak! Unless u chop it off:-),safe_personal,en,UCI SMS Spam Collection,downloaded_public_dataset
uci_sms_04586,safe,Noooooooo please. Last thing I need is stress. For once in your life be fair.,safe_personal,en,UCI SMS Spam Collection,downloaded_public_dataset
uci_sms_04587,scam,U have a Secret Admirer who is looking 2 make contact with U-find out who they R*reveal who thinks UR so special-call on 09065171142-stopsms-08718727870150ppm,spam_or_unspecified,en,UCI SMS Spam Collection,downloaded_public_dataset
uci_sms_04589,safe,"I'll see if I can swing by in a bit, got some things to take care of here firsg",safe_personal,en,UCI SMS Spam Collection,downloaded_public_dataset
uci_sms_04590,safe,I wanted to wish you a Happy New Year and I wanted to talk to you about some legal advice to do with when Gary and I split but in person. I'll make a trip to Ptbo for that. I hope everything is good with you babe and I love ya :),safe_personal,en,UCI SMS Spam Collection,downloaded_public_dataset
uci_sms_04591,safe,Have you not finished work yet or something?,safe_personal,en,UCI SMS Spam Collection,downloaded_public_dataset
uci_sms_04594,safe,Right it wasnt you who phoned it was someone with a number like yours!,safe_personal,en,UCI SMS Spam Collection,downloaded_public_dataset
uci_sms_04595,safe,It's ok i wun b angry. Msg u aft i come home tonight.,safe_personal,en,UCI SMS Spam Collection,downloaded_public_dataset
uci_sms_04596,safe,I had a good time too. Its nice to do something a bit different with my weekends for a change. See ya soon,safe_personal,en,UCI SMS Spam Collection,downloaded_public_dataset
uci_sms_04597,safe,Yo sorry was in the shower sup,safe_personal,en,UCI SMS Spam Collection,downloaded_public_dataset
uci_sms_04598,safe,"Carlos is down but I have to pick it up from him, so I'll swing by usf in a little bit",safe_personal,en,UCI SMS Spam Collection,downloaded_public_dataset
uci_sms_04599,safe,Full heat pa:-) i have applyed oil pa.,safe_personal,en,UCI SMS Spam Collection,downloaded_public_dataset
uci_sms_04600,safe,I'm stuck in da middle of da row on da right hand side of da lt...,safe_personal,en,UCI SMS Spam Collection,downloaded_public_dataset
uci_sms_04601,safe,Have you laid your airtel line to rest?,safe_personal,en,UCI SMS Spam Collection,downloaded_public_dataset
uci_sms_04602,safe,Hi did u decide wot 2 get 4 his bday if not ill prob jus get him a voucher frm virgin or sumfing,safe_personal,en,UCI SMS Spam Collection,downloaded_public_dataset
uci_sms_04603,scam,FreeMsg: Txt: CALL to No: 86888 & claim your reward of 3 hours talk time to use from your phone now! Subscribe6GBP/mnth inc 3hrs 16 stop?txtStop,spam_or_unspecified,en,UCI SMS Spam Collection,downloaded_public_dataset
uci_sms_04604,safe,"Hey j! r u feeling any better, hopeSo hunny. i amnow feelin ill & ithink i may have tonsolitusaswell! damn iam layin in bedreal bored. lotsof luv me xxxx",safe_personal,en,UCI SMS Spam Collection,downloaded_public_dataset
uci_sms_04605,safe,And I don't plan on staying the night but I prolly won't be back til late,safe_personal,en,UCI SMS Spam Collection,downloaded_public_dataset
uci_sms_04606,safe,THANX 4 PUTTIN DA FONE DOWN ON ME!!,safe_personal,en,UCI SMS Spam Collection,downloaded_public_dataset
uci_sms_04607,safe,"I need an 8th but I'm off campus atm, could I pick up in an hour or two?",safe_personal,en,UCI SMS Spam Collection,downloaded_public_dataset
uci_sms_04608,safe,"Oh... Haha... Den we shld had went today too... Gee, nvm la... Kaiez, i dun mind goin jazz oso... Scared hiphop open cant catch up...",safe_personal,en,UCI SMS Spam Collection,downloaded_public_dataset
uci_sms_04609,safe,Been running but only managed 5 minutes and then needed oxygen! Might have to resort to the roller option!,safe_personal,en,UCI SMS Spam Collection,downloaded_public_dataset
uci_sms_04610,safe,We live in the next &lt;#&gt; mins,safe_personal,en,UCI SMS Spam Collection,downloaded_public_dataset
uci_sms_04611,safe,Y de asking like this.,safe_personal,en,UCI SMS Spam Collection,downloaded_public_dataset
uci_sms_04612,safe,Just glad to be talking to you.,safe_personal,en,UCI SMS Spam Collection,downloaded_public_dataset
uci_sms_04613,safe,Wat time ü finish?,safe_personal,en,UCI SMS Spam Collection,downloaded_public_dataset
uci_sms_04614,safe,Sorry da. I gone mad so many pending works what to do.,safe_personal,en,UCI SMS Spam Collection,downloaded_public_dataset
uci_sms_04615,safe,How much you got for cleaning,safe_personal,en,UCI SMS Spam Collection,downloaded_public_dataset
uci_sms_04616,safe,hows my favourite person today? r u workin hard? couldn't sleep again last nite nearly rang u at 4.30,safe_personal,en,UCI SMS Spam Collection,downloaded_public_dataset
uci_sms_04617,scam,Sunshine Quiz! Win a super Sony DVD recorder if you canname the capital of Australia? Text MQUIZ to 82277. B,spam_or_unspecified,en,UCI SMS Spam Collection,downloaded_public_dataset
uci_sms_04618,safe,Ü called dad oredi...,safe_personal,en,UCI SMS Spam Collection,downloaded_public_dataset
uci_sms_04619,safe,Good. do you think you could send me some pix? I would love to see your top and bottom...,safe_personal,en,UCI SMS Spam Collection,downloaded_public_dataset
uci_sms_04620,safe,Nvm... I'm going to wear my sport shoes anyway... I'm going to be late leh.,safe_personal,en,UCI SMS Spam Collection,downloaded_public_dataset
uci_sms_04621,safe,"Sorry, I'll call later In meeting.",safe_personal,en,UCI SMS Spam Collection,downloaded_public_dataset
uci_sms_04622,safe,THIS IS A LONG FUCKIN SHOWR,safe_personal,en,UCI SMS Spam Collection,downloaded_public_dataset
uci_sms_04623,safe,"Received, understood n acted upon!",safe_personal,en,UCI SMS Spam Collection,downloaded_public_dataset
uci_sms_04624,safe,They finally came to fix the ceiling.,safe_personal,en,UCI SMS Spam Collection,downloaded_public_dataset
uci_sms_04625,safe,"U need my presnts always bcz U cant mis love. ""jeevithathile irulinae neekunna prakasamanu sneham"" prakasam ennal prabha 'That mns prabha is'LOVE' Got it. Dont mis me....",safe_personal,en,UCI SMS Spam Collection,downloaded_public_dataset
uci_sms_04626,safe,Jus finish blowing my hair. U finish dinner already?,safe_personal,en,UCI SMS Spam Collection,downloaded_public_dataset
uci_sms_04627,safe,I'm on the bus. Love you,safe_personal,en,UCI SMS Spam Collection,downloaded_public_dataset
uci_sms_04628,safe,Lol ... I knew that .... I saw him in the dollar store,safe_personal,en,UCI SMS Spam Collection,downloaded_public_dataset
uci_sms_04630,scam,Todays Voda numbers ending with 7634 are selected to receive a £350 reward. If you have a match please call 08712300220 quoting claim code 7684 standard rates apply.,spam_or_unspecified,en,UCI SMS Spam Collection,downloaded_public_dataset
uci_sms_04631,safe,Only saturday and sunday holiday so its very difficult:),safe_personal,en,UCI SMS Spam Collection,downloaded_public_dataset
uci_sms_04632,safe,Everybody had fun this evening. Miss you.,safe_personal,en,UCI SMS Spam Collection,downloaded_public_dataset
uci_sms_04633,safe,"Got hella gas money, want to go on a grand nature adventure with galileo in a little bit?",safe_personal,en,UCI SMS Spam Collection,downloaded_public_dataset
uci_sms_04635,safe,Oh wow thats gay. Will firmware update help,safe_personal,en,UCI SMS Spam Collection,downloaded_public_dataset
uci_sms_04636,safe,These won't do. Have to move on to morphine,safe_personal,en,UCI SMS Spam Collection,downloaded_public_dataset
uci_sms_04637,safe,How come i din c ü... Yup i cut my hair...,safe_personal,en,UCI SMS Spam Collection,downloaded_public_dataset
uci_sms_04638,safe,K k pa Had your lunch aha.,safe_personal,en,UCI SMS Spam Collection,downloaded_public_dataset
uci_sms_04640,safe,Captain vijaykanth is doing comedy in captain tv..he is drunken :),safe_personal,en,UCI SMS Spam Collection,downloaded_public_dataset
uci_sms_04641,safe,Of course. I guess god's just got me on hold right now.,safe_personal,en,UCI SMS Spam Collection,downloaded_public_dataset
uci_sms_04642,safe,Do you hide anythiing or keeping distance from me,safe_personal,en,UCI SMS Spam Collection,downloaded_public_dataset
uci_sms_04643,safe,Havent.,safe_personal,en,UCI SMS Spam Collection,downloaded_public_dataset
uci_sms_04644,scam,You are being ripped off! Get your mobile content from www.clubmoby.com call 08717509990 poly/true/Pix/Ringtones/Games six downloads for only 3,spam_or_unspecified,en,UCI SMS Spam Collection,downloaded_public_dataset
uci_sms_04645,safe,Sorry i din lock my keypad.,safe_personal,en,UCI SMS Spam Collection,downloaded_public_dataset
uci_sms_04647,safe,Are you planning to come chennai?,safe_personal,en,UCI SMS Spam Collection,downloaded_public_dataset
uci_sms_04648,scam,We tried to contact you re your reply to our offer of a Video Phone 750 anytime any network mins Half Price Line Rental Camcorder Reply or call 08000930705,spam_or_unspecified,en,UCI SMS Spam Collection,downloaded_public_dataset
uci_sms_04649,safe,God created gap btwn ur fingers so dat sum1 vry special will fill those gaps by holding ur hands.. Now plz dont ask y he created so much gap between legs !!!,safe_personal,en,UCI SMS Spam Collection,downloaded_public_dataset
uci_sms_04650,safe,We are okay. Going to sleep now. Later,safe_personal,en,UCI SMS Spam Collection,downloaded_public_dataset
uci_sms_04652,safe,"Finally it has happened..! Aftr decades..! BEER is now cheaper than PETROL! The goverment expects us to ""DRINK"". . . But don't ""DRIVE """,safe_personal,en,UCI SMS Spam Collection,downloaded_public_dataset
uci_sms_04653,scam,A £400 XMAS REWARD IS WAITING FOR YOU! Our computer has randomly picked you from our loyal mobile customers to receive a £400 reward. Just call 09066380611,spam_or_unspecified,en,UCI SMS Spam Collection,downloaded_public_dataset
uci_sms_04654,safe,Where r e meeting tmr?,safe_personal,en,UCI SMS Spam Collection,downloaded_public_dataset
uci_sms_04655,safe,Lol yes. But it will add some spice to your day.,safe_personal,en,UCI SMS Spam Collection,downloaded_public_dataset
uci_sms_04657,safe,Our Prasanth ettans mother passed away last night. Just pray for her and family.,safe_personal,en,UCI SMS Spam Collection,downloaded_public_dataset
uci_sms_04658,safe,"K, I'll work something out",safe_personal,en,UCI SMS Spam Collection,downloaded_public_dataset
uci_sms_04659,scam,PRIVATE! Your 2003 Account Statement for shows 800 un-redeemed S. I. M. points. Call 08718738002 Identifier Code: 48922 Expires 21/11/04,spam_or_unspecified,en,UCI SMS Spam Collection,downloaded_public_dataset
uci_sms_04660,safe,This message is from a great Doctor in India:-): 1) Do not drink APPY FIZZ. It contains Cancer causing age,safe_personal,en,UCI SMS Spam Collection,downloaded_public_dataset
uci_sms_04662,safe,You call him and tell now infront of them. Call him now.,safe_personal,en,UCI SMS Spam Collection,downloaded_public_dataset
uci_sms_04663,safe,Ok no prob...,safe_personal,en,UCI SMS Spam Collection,downloaded_public_dataset
uci_sms_04664,safe,Ladies first and genus second k .,safe_personal,en,UCI SMS Spam Collection,downloaded_public_dataset
uci_sms_04665,safe,No. Yes please. Been swimming?,safe_personal,en,UCI SMS Spam Collection,downloaded_public_dataset
uci_sms_04666,safe,Mum not going robinson already.,safe_personal,en,UCI SMS Spam Collection,downloaded_public_dataset
uci_sms_04667,safe,Ok set let u noe e details later...,safe_personal,en,UCI SMS Spam Collection,downloaded_public_dataset
uci_sms_04668,safe,Not..tel software name..,safe_personal,en,UCI SMS Spam Collection,downloaded_public_dataset
uci_sms_04669,safe,I send the print outs da.,safe_personal,en,UCI SMS Spam Collection,downloaded_public_dataset
uci_sms_04670,safe,IM REALY SOZ IMAT MY MUMS 2NITE WHAT ABOUT 2MORO,safe_personal,en,UCI SMS Spam Collection,downloaded_public_dataset
uci_sms_04671,safe,"When I was born, GOD said, ""Oh No! Another IDIOT"". When you were born, GOD said, ""OH No! COMPETITION"". Who knew, one day these two will become FREINDS FOREVER!",safe_personal,en,UCI SMS Spam Collection,downloaded_public_dataset
uci_sms_04672,safe,"I didnt get ur full msg..sometext is missing, send it again",safe_personal,en,UCI SMS Spam Collection,downloaded_public_dataset
uci_sms_04673,safe,"Probably not, I'm almost out of gas and I get some cash tomorrow",safe_personal,en,UCI SMS Spam Collection,downloaded_public_dataset
uci_sms_04674,scam,"Customer service announcement. We recently tried to make a delivery to you but were unable to do so, please call 07099833605 to re-schedule. Ref:9280114",spam_or_unspecified,en,UCI SMS Spam Collection,downloaded_public_dataset
uci_sms_04675,safe,I forgot 2 ask ü all smth.. There's a card on da present lei... How? Ü all want 2 write smth or sign on it?,safe_personal,en,UCI SMS Spam Collection,downloaded_public_dataset
uci_sms_04676,safe,I'm leaving my house now.,safe_personal,en,UCI SMS Spam Collection,downloaded_public_dataset
uci_sms_04677,scam,"Hi babe its Chloe, how r u? I was smashed on saturday night, it was great! How was your weekend? U been missing me? SP visionsms.com Text stop to stop 150p/text",spam_or_unspecified,en,UCI SMS Spam Collection,downloaded_public_dataset
uci_sms_04678,safe,Ü ready then call me...,safe_personal,en,UCI SMS Spam Collection,downloaded_public_dataset
uci_sms_04679,safe,Wewa is 130. Iriver 255. All 128 mb.,safe_personal,en,UCI SMS Spam Collection,downloaded_public_dataset
uci_sms_04680,safe,It is a good thing I'm now getting the connection to bw,safe_personal,en,UCI SMS Spam Collection,downloaded_public_dataset
uci_sms_04681,safe,Sry da..jst nw only i came to home..,safe_personal,en,UCI SMS Spam Collection,downloaded_public_dataset
uci_sms_04682,safe,"That's cool he'll be here all night, lemme know when you're around",safe_personal,en,UCI SMS Spam Collection,downloaded_public_dataset
uci_sms_04683,safe,Are you staying in town ?,safe_personal,en,UCI SMS Spam Collection,downloaded_public_dataset
uci_sms_04684,safe,"Haha yeah, 2 oz is kind of a shitload",safe_personal,en,UCI SMS Spam Collection,downloaded_public_dataset
uci_sms_04685,safe,Ok u can take me shopping when u get paid =D,safe_personal,en,UCI SMS Spam Collection,downloaded_public_dataset
uci_sms_04687,safe,"Alright we'll bring it to you, see you in like &lt;#&gt; mins",safe_personal,en,UCI SMS Spam Collection,downloaded_public_dataset
uci_sms_04688,safe,But pls dont play in others life.,safe_personal,en,UCI SMS Spam Collection,downloaded_public_dataset
uci_sms_04689,safe,Eatin my lunch...,safe_personal,en,UCI SMS Spam Collection,downloaded_public_dataset
uci_sms_04690,safe,Hmmm.but you should give it on one day..,safe_personal,en,UCI SMS Spam Collection,downloaded_public_dataset
uci_sms_04691,safe,"Didn't try, g and I decided not to head out",safe_personal,en,UCI SMS Spam Collection,downloaded_public_dataset
uci_sms_04692,safe,Ok no prob,safe_personal,en,UCI SMS Spam Collection,downloaded_public_dataset
uci_sms_04693,safe,Surly ill give it to you:-) while coming to review.,safe_personal,en,UCI SMS Spam Collection,downloaded_public_dataset
uci_sms_04694,safe,"By march ending, i should be ready. But will call you for sure. The problem is that my capital never complete. How far with you. How's work and the ladies",safe_personal,en,UCI SMS Spam Collection,downloaded_public_dataset
uci_sms_04696,safe,Pls give her the food preferably pap very slowly with loads of sugar. You can take up to an hour to give it. And then some water. Very very slowly.,safe_personal,en,UCI SMS Spam Collection,downloaded_public_dataset
uci_sms_04697,scam,"URGENT! Your Mobile No 07808726822 was awarded a £2,000 Bonus Caller Prize on 02/09/03! This is our 2nd attempt to contact YOU! Call 0871-872-9758 BOX95QU",spam_or_unspecified,en,UCI SMS Spam Collection,downloaded_public_dataset
uci_sms_04698,safe,A guy who gets used but is too dumb to realize it.,safe_personal,en,UCI SMS Spam Collection,downloaded_public_dataset
uci_sms_04699,safe,"Okey dokey, i‘ll be over in a bit just sorting some stuff out.",safe_personal,en,UCI SMS Spam Collection,downloaded_public_dataset
uci_sms_04701,safe,Yes fine,safe_personal,en,UCI SMS Spam Collection,downloaded_public_dataset
uci_sms_04703,safe,I liked the new mobile,safe_personal,en,UCI SMS Spam Collection,downloaded_public_dataset
uci_sms_04704,safe,Anytime...,safe_personal,en,UCI SMS Spam Collection,downloaded_public_dataset
uci_sms_04705,safe,Mmmmmmm *snuggles into you* ...*deep contented sigh* ... *whispers* ... I fucking love you so much I can barely stand it ...,safe_personal,en,UCI SMS Spam Collection,downloaded_public_dataset
uci_sms_04706,safe,Yar but they say got some error.,safe_personal,en,UCI SMS Spam Collection,downloaded_public_dataset
uci_sms_04707,safe,Hey anyway i have to :-),safe_personal,en,UCI SMS Spam Collection,downloaded_public_dataset
uci_sms_04708,safe,Wow so healthy. Old airport rd lor. Cant thk of anything else. But i'll b bathing my dog later.,safe_personal,en,UCI SMS Spam Collection,downloaded_public_dataset
uci_sms_04709,safe,Wif my family booking tour package.,safe_personal,en,UCI SMS Spam Collection,downloaded_public_dataset
uci_sms_04710,safe,"Did you say bold, then torch later. Or one torch and 2bold?",safe_personal,en,UCI SMS Spam Collection,downloaded_public_dataset
uci_sms_04711,safe,"Haha awesome, I might need to take you up on that, what you doin tonight?",safe_personal,en,UCI SMS Spam Collection,downloaded_public_dataset
uci_sms_04712,safe,Ya i knw u vl giv..its ok thanks kano..anyway enjoy wit ur family wit 1st salary..:-);-),safe_personal,en,UCI SMS Spam Collection,downloaded_public_dataset
uci_sms_04713,safe,Huh so slow i tot u reach long ago liao... U 2 more days only i 4 more leh...,safe_personal,en,UCI SMS Spam Collection,downloaded_public_dataset
uci_sms_04714,safe,Thats cool princess! I will cover your face in hot sticky cum :),safe_personal,en,UCI SMS Spam Collection,downloaded_public_dataset
uci_sms_04715,safe,Big brother‘s really scraped the barrel with this shower of social misfits,safe_personal,en,UCI SMS Spam Collection,downloaded_public_dataset
uci_sms_04716,safe,Oops i thk i dun haf enuff... I go check then tell ü..,safe_personal,en,UCI SMS Spam Collection,downloaded_public_dataset
uci_sms_04717,safe,S:)8 min to go for lunch:),safe_personal,en,UCI SMS Spam Collection,downloaded_public_dataset
uci_sms_04718,safe,"Hey. What happened? U switch off ur cell d whole day. This isnt good. Now if u do care, give me a call tomorrow.",safe_personal,en,UCI SMS Spam Collection,downloaded_public_dataset
uci_sms_04719,safe,"K will do, addie &amp; I are doing some art so I'll be here when you get home",safe_personal,en,UCI SMS Spam Collection,downloaded_public_dataset
uci_sms_04721,safe,"Aiyo... Her lesson so early... I'm still sleepin, haha... Okie, u go home liao den confirm w me lor...",safe_personal,en,UCI SMS Spam Collection,downloaded_public_dataset
uci_sms_04722,safe,Forgot to tell ü smth.. Can ü like number the sections so that it's clearer..,safe_personal,en,UCI SMS Spam Collection,downloaded_public_dataset
uci_sms_04723,safe,"Yup. Anything lor, if u dun wan it's ok...",safe_personal,en,UCI SMS Spam Collection,downloaded_public_dataset
uci_sms_04724,safe,"I'm home, my love ... If your still awake ... *loving kiss*",safe_personal,en,UCI SMS Spam Collection,downloaded_public_dataset
uci_sms_04725,safe,HELLO PEACH! MY CAKE TASTS LUSH!,safe_personal,en,UCI SMS Spam Collection,downloaded_public_dataset
uci_sms_04726,scam,"FREE GAME. Get Rayman Golf 4 FREE from the O2 Games Arcade. 1st get UR games settings. Reply POST, then save & activ8. Press 0 key for Arcade. Termsapply",spam_or_unspecified,en,UCI SMS Spam Collection,downloaded_public_dataset
uci_sms_04727,safe,"There'll be a minor shindig at my place later tonight, you interested?",safe_personal,en,UCI SMS Spam Collection,downloaded_public_dataset
uci_sms_04728,safe,Jason says it's cool if we pick some up from his place in like an hour,safe_personal,en,UCI SMS Spam Collection,downloaded_public_dataset
uci_sms_04729,scam,"Had your mobile 10 mths? Update to the latest Camera/Video phones for FREE. KEEP UR SAME NUMBER, Get extra free mins/texts. Text YES for a call",spam_or_unspecified,en,UCI SMS Spam Collection,downloaded_public_dataset
uci_sms_04730,safe,I (Career Tel) have added u as a contact on INDYAROCKS.COM to send FREE SMS. To remove from phonebook - sms NO to &lt;#&gt;,safe_personal,en,UCI SMS Spam Collection,downloaded_public_dataset
uci_sms_04731,safe,I've reached already.,safe_personal,en,UCI SMS Spam Collection,downloaded_public_dataset
uci_sms_04732,safe,I dont know ask to my brother. Nothing problem some thing that. Just i told .,safe_personal,en,UCI SMS Spam Collection,downloaded_public_dataset
uci_sms_04733,safe,K:)eng rocking in ashes:),safe_personal,en,UCI SMS Spam Collection,downloaded_public_dataset
uci_sms_04734,safe,Wat time r ü going to xin's hostel?,safe_personal,en,UCI SMS Spam Collection,downloaded_public_dataset
uci_sms_04735,safe,Good Morning my Dear Shijutta........... Have a great &amp; successful day.,safe_personal,en,UCI SMS Spam Collection,downloaded_public_dataset
uci_sms_04737,safe,Oh k:)after that placement there ah?,safe_personal,en,UCI SMS Spam Collection,downloaded_public_dataset
uci_sms_04738,safe,"Not for possession, especially not first offense",safe_personal,en,UCI SMS Spam Collection,downloaded_public_dataset
uci_sms_04739,safe,"Nt only for driving even for many reasons she is called BBD..thts it chikku, then hw abt dvg cold..heard tht vinobanagar violence hw is the condition..and hw ru ? Any problem?",safe_personal,en,UCI SMS Spam Collection,downloaded_public_dataset
uci_sms_04740,safe,I bought the test yesterday. Its something that lets you know the exact day u ovulate.when will get 2u in about 2 to 3wks. But pls pls dont fret. I know u r worried. Pls relax. Also is there anything in ur past history u need to tell me?,safe_personal,en,UCI SMS Spam Collection,downloaded_public_dataset
uci_sms_04741,safe,We have pizza if u want,safe_personal,en,UCI SMS Spam Collection,downloaded_public_dataset
uci_sms_04742,safe,"I keep seeing weird shit and bein all ""woah"" then realising it's actually reasonable and I'm all ""oh""",safe_personal,en,UCI SMS Spam Collection,downloaded_public_dataset
uci_sms_04743,safe,Many more happy returns of the day. I wish you happy birthday.,safe_personal,en,UCI SMS Spam Collection,downloaded_public_dataset
uci_sms_04746,safe,Thinking of u ;) x,safe_personal,en,UCI SMS Spam Collection,downloaded_public_dataset
uci_sms_04748,safe,Orh i tot u say she now still dun believe.,safe_personal,en,UCI SMS Spam Collection,downloaded_public_dataset
uci_sms_04749,safe,"When you just put in the + sign, choose my number and the pin will show. Right?",safe_personal,en,UCI SMS Spam Collection,downloaded_public_dataset
uci_sms_04750,safe,The beauty of life is in next second.. which hides thousands of secrets. I wish every second will be wonderful in ur life...!! gud n8,safe_personal,en,UCI SMS Spam Collection,downloaded_public_dataset
uci_sms_04751,safe,Thanx u darlin!im cool thanx. A few bday drinks 2 nite. 2morrow off! Take care c u soon.xxx,safe_personal,en,UCI SMS Spam Collection,downloaded_public_dataset
uci_sms_04752,safe,"If you're still up, maybe leave the credit card so I can get gas when I get back like he told me to",safe_personal,en,UCI SMS Spam Collection,downloaded_public_dataset
uci_sms_04753,scam,Your weekly Cool-Mob tones are ready to download !This weeks new Tones include: 1) Crazy Frog-AXEL F>>> 2) Akon-Lonely>>> 3) Black Eyed-Dont P >>>More info in n,spam_or_unspecified,en,UCI SMS Spam Collection,downloaded_public_dataset
uci_sms_04754,safe,Well boy am I glad G wasted all night at applebees for nothing,safe_personal,en,UCI SMS Spam Collection,downloaded_public_dataset
uci_sms_04755,scam,Cashbin.co.uk (Get lots of cash this weekend!) www.cashbin.co.uk Dear Welcome to the weekend We have got our biggest and best EVER cash give away!! These..,spam_or_unspecified,en,UCI SMS Spam Collection,downloaded_public_dataset
uci_sms_04756,safe,Ok lor... Or u wan me go look 4 u?,safe_personal,en,UCI SMS Spam Collection,downloaded_public_dataset
uci_sms_04757,safe,U wan 2 haf lunch i'm in da canteen now.,safe_personal,en,UCI SMS Spam Collection,downloaded_public_dataset
uci_sms_04758,safe,Don't make life too stressfull.. Always find time to Laugh.. It may not add years to your Life! But surely adds more life to ur years!! Gud ni8..swt dreams..,safe_personal,en,UCI SMS Spam Collection,downloaded_public_dataset
uci_sms_04759,safe,"hey, looks like I was wrong and one of the kappa guys numbers is still on my phone, if you want I can text him and see if he's around",safe_personal,en,UCI SMS Spam Collection,downloaded_public_dataset
uci_sms_04761,scam,Thanks 4 your continued support Your question this week will enter u in2 our draw 4 £100 cash. Name the NEW US President? txt ans to 80082,spam_or_unspecified,en,UCI SMS Spam Collection,downloaded_public_dataset
uci_sms_04762,safe,I'm home. Doc gave me pain meds says everything is fine.,safe_personal,en,UCI SMS Spam Collection,downloaded_public_dataset
uci_sms_04763,safe,It's é only $140 ard...É rest all ard $180 at least...Which is é price 4 é 2 bedrm ($900),safe_personal,en,UCI SMS Spam Collection,downloaded_public_dataset
uci_sms_04764,safe,Me too! Have a lovely night xxx,safe_personal,en,UCI SMS Spam Collection,downloaded_public_dataset
uci_sms_04765,safe,Prepare to be pleasured :),safe_personal,en,UCI SMS Spam Collection,downloaded_public_dataset
uci_sms_04766,safe,Hi.:)technical support.providing assistance to us customer through call and email:),safe_personal,en,UCI SMS Spam Collection,downloaded_public_dataset
uci_sms_04767,safe,if you text on your way to cup stop that should work. And that should be BUS,safe_personal,en,UCI SMS Spam Collection,downloaded_public_dataset
uci_sms_04768,safe,Whens your radio show?,safe_personal,en,UCI SMS Spam Collection,downloaded_public_dataset
uci_sms_04769,scam,Your unique user ID is 1172. For removal send STOP to 87239 customer services 08708034412,spam_or_unspecified,en,UCI SMS Spam Collection,downloaded_public_dataset
uci_sms_04770,safe,I'm not sure if its still available though,safe_personal,en,UCI SMS Spam Collection,downloaded_public_dataset
uci_sms_04771,safe,watever reLation u built up in dis world only thing which remains atlast iz lonlines with lotz n lot memories! feeling..,safe_personal,en,UCI SMS Spam Collection,downloaded_public_dataset
uci_sms_04772,safe,CHEERS LOU! YEAH WAS A GOODNITE SHAME U NEVA CAME! C YA GAILxx,safe_personal,en,UCI SMS Spam Collection,downloaded_public_dataset
uci_sms_04773,safe,Hi..i got the money da:),safe_personal,en,UCI SMS Spam Collection,downloaded_public_dataset
uci_sms_04775,safe,Ok then u tell me wat time u coming later lor.,safe_personal,en,UCI SMS Spam Collection,downloaded_public_dataset
uci_sms_04776,safe,U repeat e instructions again. Wat's e road name of ur house?,safe_personal,en,UCI SMS Spam Collection,downloaded_public_dataset
uci_sms_04778,safe,Quite lor. But dun tell him wait he get complacent...,safe_personal,en,UCI SMS Spam Collection,downloaded_public_dataset
uci_sms_04779,safe,Sorry completely forgot * will pop em round this week if your still here?,safe_personal,en,UCI SMS Spam Collection,downloaded_public_dataset
uci_sms_04780,safe,U R THE MOST BEAUTIFUL GIRL IVE EVER SEEN. U R MY BABY COME AND C ME IN THE COMMON ROOM,safe_personal,en,UCI SMS Spam Collection,downloaded_public_dataset
uci_sms_04781,safe,O we cant see if we can join denis and mina? Or does denis want alone time,safe_personal,en,UCI SMS Spam Collection,downloaded_public_dataset
uci_sms_04782,safe,Sen told that he is going to join his uncle finance in cbe,safe_personal,en,UCI SMS Spam Collection,downloaded_public_dataset
uci_sms_04783,safe,Yup... Hey then one day on fri we can ask miwa and jiayin take leave go karaoke,safe_personal,en,UCI SMS Spam Collection,downloaded_public_dataset
uci_sms_04784,safe,"Call me, i am senthil from hsbc.",safe_personal,en,UCI SMS Spam Collection,downloaded_public_dataset
uci_sms_04785,safe,"Especially since i talk about boston all up in my personal statement, lol! I woulda changed that if i had realized it said nyc! It says boston now.",safe_personal,en,UCI SMS Spam Collection,downloaded_public_dataset
uci_sms_04786,safe,Indeed and by the way it was either or - not both !,safe_personal,en,UCI SMS Spam Collection,downloaded_public_dataset
uci_sms_04787,scam,"Urgent -call 09066649731from Landline. Your complimentary 4* Ibiza Holiday or £10,000 cash await collection SAE T&Cs PO BOX 434 SK3 8WP 150ppm 18+",spam_or_unspecified,en,UCI SMS Spam Collection,downloaded_public_dataset
uci_sms_04788,safe,Holy living christ what is taking you so long,safe_personal,en,UCI SMS Spam Collection,downloaded_public_dataset
uci_sms_04789,safe,Ü thk of wat to eat tonight.,safe_personal,en,UCI SMS Spam Collection,downloaded_public_dataset
uci_sms_04790,safe,"Thanx. Yup we coming back on sun. Finish dinner going back 2 hotel now. Time flies, we're tog 4 exactly a mth today. Hope we'll haf many more mths to come...",safe_personal,en,UCI SMS Spam Collection,downloaded_public_dataset
uci_sms_04791,safe,We're on the opposite side from where we dropped you off,safe_personal,en,UCI SMS Spam Collection,downloaded_public_dataset
uci_sms_04792,safe,Yup. Izzit still raining heavily cos i'm in e mrt i can't c outside.,safe_personal,en,UCI SMS Spam Collection,downloaded_public_dataset
uci_sms_04793,safe,Send me your resume:-),safe_personal,en,UCI SMS Spam Collection,downloaded_public_dataset
uci_sms_04794,safe,Gd luck 4 ur exams :-),safe_personal,en,UCI SMS Spam Collection,downloaded_public_dataset
uci_sms_04795,safe,Or u ask they all if next sat can a not. If all of them can make it then i'm ok lor.,safe_personal,en,UCI SMS Spam Collection,downloaded_public_dataset
uci_sms_04796,safe,Sorry that was my uncle. I.ll keep in touch,safe_personal,en,UCI SMS Spam Collection,downloaded_public_dataset
uci_sms_04797,safe,Saw Guys and Dolls last night with Patrick Swayze it was great,safe_personal,en,UCI SMS Spam Collection,downloaded_public_dataset
uci_sms_04798,scam,URGENT This is our 2nd attempt to contact U. Your £900 prize from YESTERDAY is still awaiting collection. To claim CALL NOW 09061702893,spam_or_unspecified,en,UCI SMS Spam Collection,downloaded_public_dataset
uci_sms_04799,scam,Santa calling! Would your little ones like a call from Santa Xmas Eve? Call 09077818151 to book you time. Calls1.50ppm last 3mins 30s T&C www.santacalling.com,spam_or_unspecified,en,UCI SMS Spam Collection,downloaded_public_dataset
uci_sms_04800,safe,Just come home. I don't want u to be miserable,safe_personal,en,UCI SMS Spam Collection,downloaded_public_dataset
uci_sms_04801,safe,I dont know why she.s not getting your messages,safe_personal,en,UCI SMS Spam Collection,downloaded_public_dataset
uci_sms_04802,safe,"its cool but tyler had to take off so we're gonna buy for him and drop it off at his place later tonight. Our total order is a quarter, you got enough?",safe_personal,en,UCI SMS Spam Collection,downloaded_public_dataset
uci_sms_04803,safe,"The guy at the car shop who was flirting with me got my phone number from the paperwork and called and texted me. I'm nervous because of course now he may have my address. Should i call his boss and tell him, knowing this may get him fired?",safe_personal,en,UCI SMS Spam Collection,downloaded_public_dataset
uci_sms_04805,safe,How do you plan to manage that,safe_personal,en,UCI SMS Spam Collection,downloaded_public_dataset
uci_sms_04806,safe,"Er, hello, things didn‘t quite go to plan – is limping slowly home followed by aa and with exhaust hanging off",safe_personal,en,UCI SMS Spam Collection,downloaded_public_dataset
uci_sms_04807,safe,Sorry for the delay. Yes masters,safe_personal,en,UCI SMS Spam Collection,downloaded_public_dataset
uci_sms_04808,safe,Call me when u finish then i come n pick u.,safe_personal,en,UCI SMS Spam Collection,downloaded_public_dataset
uci_sms_04809,scam,PRIVATE! Your 2004 Account Statement for 078498****7 shows 786 unredeemed Bonus Points. To claim call 08719180219 Identifier Code: 45239 Expires 06.05.05,spam_or_unspecified,en,UCI SMS Spam Collection,downloaded_public_dataset
uci_sms_04810,safe,What's up my own oga. Left my phone at home and just saw ur messages. Hope you are good. Have a great weekend.,safe_personal,en,UCI SMS Spam Collection,downloaded_public_dataset
uci_sms_04811,safe,"Don't worry though, I understand how important it is that I be put in my place with a poorly thought out punishment in the face of the worst thing that has ever happened to me. Brb gonna go kill myself",safe_personal,en,UCI SMS Spam Collection,downloaded_public_dataset
uci_sms_04812,safe,"Honey, can you pls find out how much they sell Predicte in Nigeria. And how many times can it be used. Its very important to have a reply before monday",safe_personal,en,UCI SMS Spam Collection,downloaded_public_dataset
uci_sms_04813,safe,E admin building there? I might b slightly earlier... I'll call u when i'm reaching...,safe_personal,en,UCI SMS Spam Collection,downloaded_public_dataset
uci_sms_04814,safe,"fyi I'm at usf now, swing by the room whenever",safe_personal,en,UCI SMS Spam Collection,downloaded_public_dataset
uci_sms_04815,safe,i can call in &lt;#&gt; min if thats ok,safe_personal,en,UCI SMS Spam Collection,downloaded_public_dataset
uci_sms_04817,safe,Ü no home work to do meh...,safe_personal,en,UCI SMS Spam Collection,downloaded_public_dataset
uci_sms_04818,safe,Anything is valuable in only 2 situations: First- Before getting it... Second- After loosing it...,safe_personal,en,UCI SMS Spam Collection,downloaded_public_dataset
uci_sms_04819,safe,Me too. Mark is taking forever to pick up my prescription and the pain is coming back.,safe_personal,en,UCI SMS Spam Collection,downloaded_public_dataset
uci_sms_04820,safe,How's ur paper?,safe_personal,en,UCI SMS Spam Collection,downloaded_public_dataset
uci_sms_04821,safe,Got smaller capacity one? Quite ex...,safe_personal,en,UCI SMS Spam Collection,downloaded_public_dataset
uci_sms_04822,scam,Check Out Choose Your Babe Videos @ sms.shsex.netUN fgkslpoPW fgkslpo,spam_or_unspecified,en,UCI SMS Spam Collection,downloaded_public_dataset
uci_sms_04823,safe,Im good! I have been thinking about you...,safe_personal,en,UCI SMS Spam Collection,downloaded_public_dataset
uci_sms_04824,scam,u r a winner U ave been specially selected 2 receive £1000 cash or a 4* holiday (flights inc) speak to a live operator 2 claim 0871277810710p/min (18 ),spam_or_unspecified,en,UCI SMS Spam Collection,downloaded_public_dataset
uci_sms_04825,safe,:-) :-),safe_personal,en,UCI SMS Spam Collection,downloaded_public_dataset
uci_sms_04826,safe,Not thought bout it... || Drink in tap & spile at seven. || Is that pub on gas st off broad st by canal. || Ok?,safe_personal,en,UCI SMS Spam Collection,downloaded_public_dataset
uci_sms_04827,safe,I am going to sleep. I am tired of travel.,safe_personal,en,UCI SMS Spam Collection,downloaded_public_dataset
uci_sms_04828,safe,"Haha, just what I was thinkin",safe_personal,en,UCI SMS Spam Collection,downloaded_public_dataset
uci_sms_04829,safe,Yup but it's not giving me problems now so mayb i'll jus leave it...,safe_personal,en,UCI SMS Spam Collection,downloaded_public_dataset
uci_sms_04830,safe,Lol no. Just trying to make your day a little more interesting,safe_personal,en,UCI SMS Spam Collection,downloaded_public_dataset
uci_sms_04831,safe,"How long before you get reply, just defer admission til next semester",safe_personal,en,UCI SMS Spam Collection,downloaded_public_dataset
uci_sms_04832,safe,"The word ""Checkmate"" in chess comes from the Persian phrase ""Shah Maat"" which means; ""the king is dead.."" Goodmorning.. Have a good day..:)",safe_personal,en,UCI SMS Spam Collection,downloaded_public_dataset
uci_sms_04833,safe,Po de :-):):-):-):-). No need job aha.,safe_personal,en,UCI SMS Spam Collection,downloaded_public_dataset
uci_sms_04834,safe,Rats. Hey did u ever vote for the next themes?,safe_personal,en,UCI SMS Spam Collection,downloaded_public_dataset
uci_sms_04835,scam,"New Mobiles from 2004, MUST GO! Txt: NOKIA to No: 89545 & collect yours today! From ONLY £1. www.4-tc.biz 2optout 087187262701.50gbp/mtmsg18 TXTAUCTION.",spam_or_unspecified,en,UCI SMS Spam Collection,downloaded_public_dataset
uci_sms_04836,safe,I hope your pee burns tonite.,safe_personal,en,UCI SMS Spam Collection,downloaded_public_dataset
uci_sms_04837,safe,"OH RITE. WELL IM WITH MY BEST MATE PETE, WHO I WENT OUT WITH 4 A WEEK+ NOW WERE 2GEVA AGAIN. ITS BEEN LONGER THAN A WEEK.",safe_personal,en,UCI SMS Spam Collection,downloaded_public_dataset
uci_sms_04838,safe,Yay can't wait to party together!,safe_personal,en,UCI SMS Spam Collection,downloaded_public_dataset
uci_sms_04839,safe,....photoshop makes my computer shut down.,safe_personal,en,UCI SMS Spam Collection,downloaded_public_dataset
uci_sms_04840,safe,All boys made fun of me today. Ok i have no problem. I just sent one message just for fun,safe_personal,en,UCI SMS Spam Collection,downloaded_public_dataset
uci_sms_04841,safe,That's one of the issues but california is okay. No snow so its manageable,safe_personal,en,UCI SMS Spam Collection,downloaded_public_dataset
uci_sms_04842,scam,PRIVATE! Your 2003 Account Statement for shows 800 un-redeemed S. I. M. points. Call 08715203652 Identifier Code: 42810 Expires 29/10/0,spam_or_unspecified,en,UCI SMS Spam Collection,downloaded_public_dataset
uci_sms_04843,safe,"Hmmm.... Mayb can try e shoppin area one, but forgot e name of hotel...",safe_personal,en,UCI SMS Spam Collection,downloaded_public_dataset
uci_sms_04844,safe,"Awesome, that gonna be soon or later tonight?",safe_personal,en,UCI SMS Spam Collection,downloaded_public_dataset
uci_sms_04845,safe,I need details about that online job.,safe_personal,en,UCI SMS Spam Collection,downloaded_public_dataset
uci_sms_04847,safe,Missing you too.pray inshah allah,safe_personal,en,UCI SMS Spam Collection,downloaded_public_dataset
uci_sms_04848,safe,Pls help me tell Ashley that i cant find her number oh,safe_personal,en,UCI SMS Spam Collection,downloaded_public_dataset
uci_sms_04850,safe,S.this will increase the chance of winning.,safe_personal,en,UCI SMS Spam Collection,downloaded_public_dataset
uci_sms_04851,safe,either way works for me. I am &lt;#&gt; years old. Hope that doesnt bother you.,safe_personal,en,UCI SMS Spam Collection,downloaded_public_dataset
uci_sms_04852,safe,Maybe you should find something else to do instead???,safe_personal,en,UCI SMS Spam Collection,downloaded_public_dataset
uci_sms_04853,safe,Gain the rights of a wife.dont demand it.i am trying as husband too.Lets see,safe_personal,en,UCI SMS Spam Collection,downloaded_public_dataset
uci_sms_04854,safe,I liked your new house,safe_personal,en,UCI SMS Spam Collection,downloaded_public_dataset
uci_sms_04855,safe,I'm fine. Hope you are also,safe_personal,en,UCI SMS Spam Collection,downloaded_public_dataset
uci_sms_04856,safe,"Also north carolina and texas atm, you would just go to the gre site and pay for the test results to be sent.",safe_personal,en,UCI SMS Spam Collection,downloaded_public_dataset
uci_sms_04857,safe,Same to u...,safe_personal,en,UCI SMS Spam Collection,downloaded_public_dataset
uci_sms_04858,safe,yes baby! I need to stretch open your pussy!,safe_personal,en,UCI SMS Spam Collection,downloaded_public_dataset
uci_sms_04859,safe,Thanks and ! Or bomb and date as my phone wanted to say!,safe_personal,en,UCI SMS Spam Collection,downloaded_public_dataset
uci_sms_04861,safe,"Hey, a guy I know is breathing down my neck to get him some bud, anyway you'd be able to get a half track to usf tonight?",safe_personal,en,UCI SMS Spam Collection,downloaded_public_dataset
uci_sms_04862,safe,"Response is one of d powerful weapon 2 occupy a place in others 'HEART'... So, always give response 2 who cares 4 U""... Gud night..swt dreams..take care",safe_personal,en,UCI SMS Spam Collection,downloaded_public_dataset
uci_sms_04863,safe,Nokia phone is lovly..,safe_personal,en,UCI SMS Spam Collection,downloaded_public_dataset
uci_sms_04864,scam,**FREE MESSAGE**Thanks for using the Auction Subscription Service. 18 . 150p/MSGRCVD 2 Skip an Auction txt OUT. 2 Unsubscribe txt STOP CustomerCare 08718726270,spam_or_unspecified,en,UCI SMS Spam Collection,downloaded_public_dataset
uci_sms_04866,safe,Sorry da..today i wont come to play..i have driving clas..,safe_personal,en,UCI SMS Spam Collection,downloaded_public_dataset
uci_sms_04867,safe,I'm really sorry I lit your hair on fire,safe_personal,en,UCI SMS Spam Collection,downloaded_public_dataset
uci_sms_04868,safe,"Oh! Shit, I thought that was your trip! Loooooool ... That just makes SO much more sense now ... *grins* and the sofa reference was ... The ""sleep on a couch"" link you sent me ... Wasn't that how you went on your trip ? Oh ... And didn't your babe go with you for that celebration with your rents?",safe_personal,en,UCI SMS Spam Collection,downloaded_public_dataset
uci_sms_04869,safe,Okey dokey swashbuckling stuff what oh.,safe_personal,en,UCI SMS Spam Collection,downloaded_public_dataset
uci_sms_04871,safe,1. Tension face 2. Smiling face 3. Waste face 4. Innocent face 5.Terror face 6.Cruel face 7.Romantic face 8.Lovable face 9.decent face &lt;#&gt; .joker face.,safe_personal,en,UCI SMS Spam Collection,downloaded_public_dataset
uci_sms_04872,safe,Dip's cell dead. So i m coming with him. U better respond else we shall come back.,safe_personal,en,UCI SMS Spam Collection,downloaded_public_dataset
uci_sms_04873,safe,Well. You know what i mean. Texting,safe_personal,en,UCI SMS Spam Collection,downloaded_public_dataset
uci_sms_04874,safe,Hi dis is yijue i would be happy to work wif ü all for gek1510...,safe_personal,en,UCI SMS Spam Collection,downloaded_public_dataset
uci_sms_04875,safe,Lol! Oops sorry! Have fun.,safe_personal,en,UCI SMS Spam Collection,downloaded_public_dataset
uci_sms_04876,safe,Wat happened to the cruise thing,safe_personal,en,UCI SMS Spam Collection,downloaded_public_dataset
uci_sms_04877,safe,"I know dat feelin had it with Pete! Wuld get with em , nuther place nuther time mayb?",safe_personal,en,UCI SMS Spam Collection,downloaded_public_dataset
uci_sms_04878,scam,lyricalladie(21/F) is inviting you to be her friend. Reply YES-910 or NO-910. See her: www.SMS.ac/u/hmmross STOP? Send STOP FRND to 62468,spam_or_unspecified,en,UCI SMS Spam Collection,downloaded_public_dataset
uci_sms_04879,safe,The world's most happiest frnds never have the same characters... Dey just have the best understanding of their differences...,safe_personal,en,UCI SMS Spam Collection,downloaded_public_dataset
uci_sms_04881,safe,Yeah just open chat and click friend lists. Then make the list. Easy as pie,safe_personal,en,UCI SMS Spam Collection,downloaded_public_dataset
uci_sms_04882,safe,alright tyler's got a minor crisis and has to be home sooner than he thought so be here asap,safe_personal,en,UCI SMS Spam Collection,downloaded_public_dataset
uci_sms_04883,safe,When/where do I pick you up,safe_personal,en,UCI SMS Spam Collection,downloaded_public_dataset
uci_sms_04884,safe,As usual u can call me ard 10 smth.,safe_personal,en,UCI SMS Spam Collection,downloaded_public_dataset
uci_sms_04886,safe,For many things its an antibiotic and it can be used for chest abdomen and gynae infections even bone infections.,safe_personal,en,UCI SMS Spam Collection,downloaded_public_dataset
uci_sms_04887,safe,Poor girl can't go one day lmao,safe_personal,en,UCI SMS Spam Collection,downloaded_public_dataset
uci_sms_04888,safe,Or just do that 6times,safe_personal,en,UCI SMS Spam Collection,downloaded_public_dataset
uci_sms_04890,safe,You have to pls make a note of all she.s exposed to. Also find out from her school if anyone else was vomiting. Is there a dog or cat in the house? Let me know later.,safe_personal,en,UCI SMS Spam Collection,downloaded_public_dataset
uci_sms_04892,safe,Sounds like there could be a lot of time spent in that chastity device boy ... *grins* ... Or take your beatings like a good dog. Going to lounge in a nice long bath now ?,safe_personal,en,UCI SMS Spam Collection,downloaded_public_dataset
uci_sms_04893,safe,Its worse if if uses half way then stops. Its better for him to complete it.,safe_personal,en,UCI SMS Spam Collection,downloaded_public_dataset
uci_sms_04894,safe,Miserable. They don't tell u that the side effects of birth control are massive gut wrenching cramps for the first 2 months. I didn't sleep at all last night.,safe_personal,en,UCI SMS Spam Collection,downloaded_public_dataset
uci_sms_04895,safe,Send me the new number,safe_personal,en,UCI SMS Spam Collection,downloaded_public_dataset
uci_sms_04897,scam,Want the latest Video handset? 750 anytime any network mins? Half price line rental? Reply or call 08000930705 for delivery tomorrow,spam_or_unspecified,en,UCI SMS Spam Collection,downloaded_public_dataset
uci_sms_04898,safe,2 and half years i missed your friendship:-),safe_personal,en,UCI SMS Spam Collection,downloaded_public_dataset
uci_sms_04900,safe,Oh for fuck's sake she's in like tallahassee,safe_personal,en,UCI SMS Spam Collection,downloaded_public_dataset
uci_sms_04901,safe,"Haha, that was the first person I was gonna ask",safe_personal,en,UCI SMS Spam Collection,downloaded_public_dataset
uci_sms_04902,scam,"ou are guaranteed the latest Nokia Phone, a 40GB iPod MP3 player or a £500 prize! Txt word: COLLECT to No: 83355! IBHltd LdnW15H 150p/Mtmsgrcvd18",spam_or_unspecified,en,UCI SMS Spam Collection,downloaded_public_dataset
uci_sms_04903,safe,Taka lor. Wat time u wan 2 come n look 4 us?,safe_personal,en,UCI SMS Spam Collection,downloaded_public_dataset
uci_sms_04904,scam,* FREE* POLYPHONIC RINGTONE Text SUPER to 87131 to get your FREE POLY TONE of the week now! 16 SN PoBox202 NR31 7ZS subscription 450pw,spam_or_unspecified,en,UCI SMS Spam Collection,downloaded_public_dataset
uci_sms_04905,safe,I;m reaching in another 2 stops.,safe_personal,en,UCI SMS Spam Collection,downloaded_public_dataset
uci_sms_04906,safe,"no, i *didn't* mean to post it. I wrote it, and like so many other times i've ritten stuff to you, i let it sit there. it WAS what i was feeling at the time. I was angry. Before i left, i hit send, then stop. It wasn't there. I checked on my phone when i got to my car. It wasn't there. You said you didn't sleep, you were bored. So why wouldn't THAT be the time to clean, fold laundry, etc.? At least make the bed?",safe_personal,en,UCI SMS Spam Collection,downloaded_public_dataset
uci_sms_04907,scam,Warner Village 83118 C Colin Farrell in SWAT this wkend @Warner Village & get 1 free med. Popcorn!Just show msg+ticket@kiosk.Valid 4-7/12. C t&c @kiosk. Reply SONY 4 mre film offers,spam_or_unspecified,en,UCI SMS Spam Collection,downloaded_public_dataset
uci_sms_04908,safe,Will you come online today night,safe_personal,en,UCI SMS Spam Collection,downloaded_public_dataset
uci_sms_04909,safe,Then anything special?,safe_personal,en,UCI SMS Spam Collection,downloaded_public_dataset
uci_sms_04910,safe,"I'm in solihull, | do you want anything?",safe_personal,en,UCI SMS Spam Collection,downloaded_public_dataset
uci_sms_04911,safe,Will do. Have a good day,safe_personal,en,UCI SMS Spam Collection,downloaded_public_dataset
uci_sms_04912,safe,WE REGRET TO INFORM U THAT THE NHS HAS MADE A MISTAKE.U WERE NEVER ACTUALLY BORN.PLEASE REPORT 2 YOR LOCAL HOSPITAL 2B TERMINATED.WE R SORRY 4 THE INCONVENIENCE,safe_personal,en,UCI SMS Spam Collection,downloaded_public_dataset
uci_sms_04913,safe,Love that holiday Monday feeling even if I have to go to the dentists in an hour,safe_personal,en,UCI SMS Spam Collection,downloaded_public_dataset
uci_sms_04914,safe,I am on the way to tirupur.,safe_personal,en,UCI SMS Spam Collection,downloaded_public_dataset
uci_sms_04915,scam,"Goal! Arsenal 4 (Henry, 7 v Liverpool 2 Henry scores with a simple shot from 6 yards from a pass by Bergkamp to give Arsenal a 2 goal margin after 78 mins.",spam_or_unspecified,en,UCI SMS Spam Collection,downloaded_public_dataset
uci_sms_04916,safe,You've already got a flaky parent. It'snot supposed to be the child's job to support the parent...not until they're The Ride age anyway. I'm supposed to be there to support you. And now i've hurt you. unintentional. But hurt nonetheless.,safe_personal,en,UCI SMS Spam Collection,downloaded_public_dataset
uci_sms_04917,safe,We took hooch for a walk toaday and i fell over! Splat! Grazed my knees and everything! Should have stayed at home! See you tomorrow!,safe_personal,en,UCI SMS Spam Collection,downloaded_public_dataset
uci_sms_04918,safe,"Just dropped em off, omw back now",safe_personal,en,UCI SMS Spam Collection,downloaded_public_dataset
uci_sms_04920,safe,Sitting in mu waiting for everyone to get out of my suite so I can take a shower,safe_personal,en,UCI SMS Spam Collection,downloaded_public_dataset
uci_sms_04921,safe,Re your call; You didn't see my facebook huh?,safe_personal,en,UCI SMS Spam Collection,downloaded_public_dataset
uci_sms_04922,safe,"G says you never answer your texts, confirm/deny",safe_personal,en,UCI SMS Spam Collection,downloaded_public_dataset
uci_sms_04923,safe,"Its so common hearin How r u? Wat r u doing? How was ur day? So let me ask u something different. Did u smile today? If not, do it now.... Gud evng.",safe_personal,en,UCI SMS Spam Collection,downloaded_public_dataset
uci_sms_04925,safe,Oh yah... We never cancel leh... Haha,safe_personal,en,UCI SMS Spam Collection,downloaded_public_dataset
uci_sms_04926,safe,We can go 4 e normal pilates after our intro...,safe_personal,en,UCI SMS Spam Collection,downloaded_public_dataset
uci_sms_04927,safe,Ok... Let u noe when i leave my house.,safe_personal,en,UCI SMS Spam Collection,downloaded_public_dataset
uci_sms_04928,safe,"Oh yes, why is it like torture watching england?",safe_personal,en,UCI SMS Spam Collection,downloaded_public_dataset
uci_sms_04929,safe,Wanna do some art?! :D,safe_personal,en,UCI SMS Spam Collection,downloaded_public_dataset
uci_sms_04930,safe,Just hopeing that wasn‘t too pissed up to remember and has gone off to his sisters or something!,safe_personal,en,UCI SMS Spam Collection,downloaded_public_dataset
uci_sms_04932,scam,"Hi, the SEXYCHAT girls are waiting for you to text them. Text now for a great night chatting. send STOP to stop this service",spam_or_unspecified,en,UCI SMS Spam Collection,downloaded_public_dataset
uci_sms_04933,safe,"Good morning, my boytoy! How's those yummy lips ? Where's my sexy buns now ? What do you do ? Do you think of me ? Do you crave me ? Do you need me ?",safe_personal,en,UCI SMS Spam Collection,downloaded_public_dataset
uci_sms_04934,safe,Match started.india &lt;#&gt; for 2,safe_personal,en,UCI SMS Spam Collection,downloaded_public_dataset
uci_sms_04935,safe,Once free call me sir.,safe_personal,en,UCI SMS Spam Collection,downloaded_public_dataset
uci_sms_04936,safe,Hey do you want anything to buy:),safe_personal,en,UCI SMS Spam Collection,downloaded_public_dataset
uci_sms_04937,safe,"Hey babe, how's it going ? Did you ever figure out where your going for New Years ?",safe_personal,en,UCI SMS Spam Collection,downloaded_public_dataset
uci_sms_04938,safe,K..k.:)congratulation ..,safe_personal,en,UCI SMS Spam Collection,downloaded_public_dataset
uci_sms_04939,safe,G wants to know where the fuck you are,safe_personal,en,UCI SMS Spam Collection,downloaded_public_dataset
uci_sms_04940,safe,No it was cancelled yeah baby! Well that sounds important so i understand my darlin give me a ring later on this fone love Kate x,safe_personal,en,UCI SMS Spam Collection,downloaded_public_dataset
uci_sms_04941,safe,Tomarrow i want to got to court. At &lt;DECIMAL&gt; . So you come to bus stand at 9.,safe_personal,en,UCI SMS Spam Collection,downloaded_public_dataset
uci_sms_04942,safe,Ü go home liao? Ask dad to pick me up at 6...,safe_personal,en,UCI SMS Spam Collection,downloaded_public_dataset
uci_sms_04943,safe,Omg you can make a wedding chapel in frontierville? Why do they get all the good stuff?,safe_personal,en,UCI SMS Spam Collection,downloaded_public_dataset
uci_sms_04944,safe,"I'm eatin now lor, but goin back to work soon... E mountain deer show huh... I watch b4 liao, very nice...",safe_personal,en,UCI SMS Spam Collection,downloaded_public_dataset
uci_sms_04945,safe,Check mail.i have mailed varma and kept copy to you regarding membership.take care.insha allah.,safe_personal,en,UCI SMS Spam Collection,downloaded_public_dataset
uci_sms_04946,safe,Wrong phone! This phone! I answer this one but assume the other is people i don't well,safe_personal,en,UCI SMS Spam Collection,downloaded_public_dataset
uci_sms_04947,safe,"Anyway I don't think I can secure anything up here, lemme know if you want me to drive down south and chill",safe_personal,en,UCI SMS Spam Collection,downloaded_public_dataset
uci_sms_04948,safe,I'm already back home so no probably not,safe_personal,en,UCI SMS Spam Collection,downloaded_public_dataset
uci_sms_04950,scam,"Hi this is Amy, we will be sending you a free phone number in a couple of days, which will give you an access to all the adult parties...",spam_or_unspecified,en,UCI SMS Spam Collection,downloaded_public_dataset
uci_sms_04951,safe,I am in bus on the way to calicut,safe_personal,en,UCI SMS Spam Collection,downloaded_public_dataset
uci_sms_04952,safe,Hi its me you are probably having too much fun to get this message but i thought id txt u cos im bored! and james has been farting at me all night,safe_personal,en,UCI SMS Spam Collection,downloaded_public_dataset
uci_sms_04953,safe,hi baby im sat on the bloody bus at the mo and i wont be home until about 7:30 wanna do somethin later? call me later ortxt back jess xx,safe_personal,en,UCI SMS Spam Collection,downloaded_public_dataset
uci_sms_04954,scam,"Welcome to Select, an O2 service with added benefits. You can now call our specially trained advisors FREE from your mobile by dialling 402.",spam_or_unspecified,en,UCI SMS Spam Collection,downloaded_public_dataset
uci_sms_04955,safe,I lost 4 pounds since my doc visit last week woot woot! Now I'm gonna celebrate by stuffing my face!,safe_personal,en,UCI SMS Spam Collection,downloaded_public_dataset
uci_sms_04956,safe,U coming back 4 dinner rite? Dad ask me so i re confirm wif u...,safe_personal,en,UCI SMS Spam Collection,downloaded_public_dataset
uci_sms_04957,safe,Doing my masters. When will you buy a bb cos i have for sale and how's bf,safe_personal,en,UCI SMS Spam Collection,downloaded_public_dataset
uci_sms_04958,safe,"Ahhhh...just woken up!had a bad dream about u tho,so i dont like u right now :) i didnt know anything about comedy night but i guess im up for it.",safe_personal,en,UCI SMS Spam Collection,downloaded_public_dataset
uci_sms_04959,safe,I'm vivek:)i got call from your number.,safe_personal,en,UCI SMS Spam Collection,downloaded_public_dataset
uci_sms_04960,safe,Why didn't u call on your lunch?,safe_personal,en,UCI SMS Spam Collection,downloaded_public_dataset
uci_sms_04961,safe,"What i mean was i left too early to check, cos i'm working a 9-6.",safe_personal,en,UCI SMS Spam Collection,downloaded_public_dataset
uci_sms_04962,safe,I want &lt;#&gt; rs da:)do you have it?,safe_personal,en,UCI SMS Spam Collection,downloaded_public_dataset
uci_sms_04965,safe,I want to see your pretty pussy...,safe_personal,en,UCI SMS Spam Collection,downloaded_public_dataset
uci_sms_04966,scam,Dear Voucher holder Have your next meal on us. Use the following link on your pc 2 enjoy a 2 4 1 dining experiencehttp://www.vouch4me.com/etlp/dining.asp,spam_or_unspecified,en,UCI SMS Spam Collection,downloaded_public_dataset
uci_sms_04967,safe,"A few people are at the game, I'm at the mall with iouri and kaila",safe_personal,en,UCI SMS Spam Collection,downloaded_public_dataset
uci_sms_04968,scam,URGENT! We are trying to contact U. Todays draw shows that you have won a £2000 prize GUARANTEED. Call 09058094507 from land line. Claim 3030. Valid 12hrs only,spam_or_unspecified,en,UCI SMS Spam Collection,downloaded_public_dataset
uci_sms_04969,scam,You can donate £2.50 to UNICEF's Asian Tsunami disaster support fund by texting DONATE to 864233. £2.50 will be added to your next bill,spam_or_unspecified,en,UCI SMS Spam Collection,downloaded_public_dataset
uci_sms_04970,safe,Future is not what we planned for tomorrow.....! it is the result of what we do today...! Do the best in present... enjoy the future.,safe_personal,en,UCI SMS Spam Collection,downloaded_public_dataset
uci_sms_04971,safe,I will cme i want to go to hos 2morow. After that i wil cme. This what i got from her dear what to do. She didnt say any time,safe_personal,en,UCI SMS Spam Collection,downloaded_public_dataset
uci_sms_04972,safe,We are supposed to meet to discuss abt our trip... Thought xuhui told you? In the afternoon. Thought we can go for lesson after that,safe_personal,en,UCI SMS Spam Collection,downloaded_public_dataset
uci_sms_04973,safe,Hey come online! Use msn... We are all there,safe_personal,en,UCI SMS Spam Collection,downloaded_public_dataset
uci_sms_04974,safe,I'm fine. Hope you are good. Do take care.,safe_personal,en,UCI SMS Spam Collection,downloaded_public_dataset
uci_sms_04975,safe,Oops I was in the shower when u called. Hey a parking garage collapsed at university hospital. See I'm not crazy. Stuff like that DOES happen.,safe_personal,en,UCI SMS Spam Collection,downloaded_public_dataset
uci_sms_04976,safe,Aiyo u so poor thing... Then u dun wan 2 eat? U bathe already?,safe_personal,en,UCI SMS Spam Collection,downloaded_public_dataset
uci_sms_04977,safe,Yar... I tot u knew dis would happen long ago already.,safe_personal,en,UCI SMS Spam Collection,downloaded_public_dataset
uci_sms_04978,safe,You are gorgeous! keep those pix cumming :) thank you!,safe_personal,en,UCI SMS Spam Collection,downloaded_public_dataset
uci_sms_04980,safe,JADE ITS PAUL. Y DIDNT U TXT ME? DO U REMEMBER ME FROM BARMED? I WANT 2 TALK 2 U! TXT ME,safe_personal,en,UCI SMS Spam Collection,downloaded_public_dataset
uci_sms_04981,safe,Spending new years with my brother and his family. Lets plan to meet next week. Are you ready to be spoiled? :),safe_personal,en,UCI SMS Spam Collection,downloaded_public_dataset
uci_sms_04982,safe,So what u doing today?,safe_personal,en,UCI SMS Spam Collection,downloaded_public_dataset
uci_sms_04983,safe,I said its okay. Sorry,safe_personal,en,UCI SMS Spam Collection,downloaded_public_dataset
uci_sms_04984,safe,Slept? I thinkThis time ( &lt;#&gt; pm) is not dangerous,safe_personal,en,UCI SMS Spam Collection,downloaded_public_dataset
uci_sms_04985,safe,Networking job is there.,safe_personal,en,UCI SMS Spam Collection,downloaded_public_dataset
uci_sms_04986,scam,goldviking (29/M) is inviting you to be his friend. Reply YES-762 or NO-762 See him: www.SMS.ac/u/goldviking STOP? Send STOP FRND to 62468,spam_or_unspecified,en,UCI SMS Spam Collection,downloaded_public_dataset
uci_sms_04987,safe,Dont let studying stress you out. L8r.,safe_personal,en,UCI SMS Spam Collection,downloaded_public_dataset
uci_sms_04988,safe,That's y u haf 2 keep me busy...,safe_personal,en,UCI SMS Spam Collection,downloaded_public_dataset
uci_sms_04989,safe,No rushing. I'm not working. I'm in school so if we rush we go hungry.,safe_personal,en,UCI SMS Spam Collection,downloaded_public_dataset
uci_sms_04990,safe,Which channel:-):-):):-).,safe_personal,en,UCI SMS Spam Collection,downloaded_public_dataset
uci_sms_04991,safe,So your telling me I coulda been your real Valentine and I wasn't? U never pick me for NOTHING!!,safe_personal,en,UCI SMS Spam Collection,downloaded_public_dataset
uci_sms_04992,scam,Phony £350 award - Todays Voda numbers ending XXXX are selected to receive a £350 award. If you have a match please call 08712300220 quoting claim code 3100 standard rates app,spam_or_unspecified,en,UCI SMS Spam Collection,downloaded_public_dataset
uci_sms_04993,safe,"We made it! Eta at taunton is 12:30 as planned, hope that‘s still okday?! Good to see you! :-xx",safe_personal,en,UCI SMS Spam Collection,downloaded_public_dataset
uci_sms_04994,safe,I'm hungry buy smth home...,safe_personal,en,UCI SMS Spam Collection,downloaded_public_dataset
uci_sms_04995,safe,"HEY KATE, HOPE UR OK... WILL GIVE U A BUZ WEDLUNCH. GO OUTSOMEWHERE 4 ADRINK IN TOWN..CUD GO 2WATERSHD 4 A BIT? PPL FROMWRK WILL BTHERE. LOVE PETEXXX.",safe_personal,en,UCI SMS Spam Collection,downloaded_public_dataset
uci_sms_04996,safe,My drive can only be read. I need to write,safe_personal,en,UCI SMS Spam Collection,downloaded_public_dataset
uci_sms_04997,safe,"Just looked it up and addie goes back Monday, sucks to be her",safe_personal,en,UCI SMS Spam Collection,downloaded_public_dataset
uci_sms_04998,safe,Happy new year. Hope you are having a good semester,safe_personal,en,UCI SMS Spam Collection,downloaded_public_dataset
uci_sms_04999,safe,Esplanade lor. Where else...,safe_personal,en,UCI SMS Spam Collection,downloaded_public_dataset
uci_sms_05000,safe,Can you talk with me..,safe_personal,en,UCI SMS Spam Collection,downloaded_public_dataset
uci_sms_05001,safe,"Hmph. Go head, big baller.",safe_personal,en,UCI SMS Spam Collection,downloaded_public_dataset
uci_sms_05002,safe,Well its not like you actually called someone a punto. That woulda been worse.,safe_personal,en,UCI SMS Spam Collection,downloaded_public_dataset
uci_sms_05003,safe,"Nope. Since ayo travelled, he has forgotten his guy",safe_personal,en,UCI SMS Spam Collection,downloaded_public_dataset
uci_sms_05004,safe,You still around? Looking to pick up later,safe_personal,en,UCI SMS Spam Collection,downloaded_public_dataset
uci_sms_05005,scam,CDs 4u: Congratulations ur awarded £500 of CD gift vouchers or £125 gift guaranteed & Freeentry 2 £100 wkly draw xt MUSIC to 87066 TnCs www.ldew.com1win150ppmx3age16,spam_or_unspecified,en,UCI SMS Spam Collection,downloaded_public_dataset
uci_sms_05006,safe,There's someone here that has a year &lt;#&gt; toyota camry like mr olayiwola's own. Mileage is &lt;#&gt; k.its clean but i need to know how much will it sell for. If i can raise the dough for it how soon after landing will it sell. Holla back.,safe_personal,en,UCI SMS Spam Collection,downloaded_public_dataset
uci_sms_05007,safe,Guess which pub im in? Im as happy as a pig in clover or whatever the saying is!,safe_personal,en,UCI SMS Spam Collection,downloaded_public_dataset
uci_sms_05008,safe,ILL B DOWN SOON,safe_personal,en,UCI SMS Spam Collection,downloaded_public_dataset
uci_sms_05009,safe,Oh k. . I will come tomorrow,safe_personal,en,UCI SMS Spam Collection,downloaded_public_dataset
uci_sms_05010,safe,Go fool dont cheat others ok,safe_personal,en,UCI SMS Spam Collection,downloaded_public_dataset
uci_sms_05011,safe,"My mobile number.pls sms ur mail id.convey regards to achan,amma.Rakhesh.Qatar",safe_personal,en,UCI SMS Spam Collection,downloaded_public_dataset
uci_sms_05012,safe,"By the way, 'rencontre' is to meet again. Mountains dont....",safe_personal,en,UCI SMS Spam Collection,downloaded_public_dataset
uci_sms_05013,scam,You have WON a guaranteed £1000 cash or a £2000 prize. To claim yr prize call our customer service representative on 08714712412 between 10am-7pm Cost 10p,spam_or_unspecified,en,UCI SMS Spam Collection,downloaded_public_dataset
uci_sms_05014,safe,U attend ur driving lesson how many times a wk n which day?,safe_personal,en,UCI SMS Spam Collection,downloaded_public_dataset
uci_sms_05015,safe,"Uncle G, just checking up on you. Do have a rewarding month",safe_personal,en,UCI SMS Spam Collection,downloaded_public_dataset
uci_sms_05016,safe,Hello boytoy ! Geeee ... I'm missing you today. I like to send you a tm and remind you I'm thinking of you ... And you are loved ... *loving kiss*,safe_personal,en,UCI SMS Spam Collection,downloaded_public_dataset
uci_sms_05017,safe,I think the other two still need to get cash but we can def be ready by 9,safe_personal,en,UCI SMS Spam Collection,downloaded_public_dataset
uci_sms_05018,safe,Hey gals...U all wanna meet 4 dinner at nìte?,safe_personal,en,UCI SMS Spam Collection,downloaded_public_dataset
uci_sms_05020,safe,Babe ! What are you doing ? Where are you ? Who are you talking to ? Do you think of me ? Are you being a good boy? Are you missing me? Do you love me ?,safe_personal,en,UCI SMS Spam Collection,downloaded_public_dataset
uci_sms_05021,safe,Great! How is the office today?,safe_personal,en,UCI SMS Spam Collection,downloaded_public_dataset
uci_sms_05022,safe,"It's cool, we can last a little while. Getting more any time soon?",safe_personal,en,UCI SMS Spam Collection,downloaded_public_dataset
uci_sms_05023,safe,:-( sad puppy noise,safe_personal,en,UCI SMS Spam Collection,downloaded_public_dataset
uci_sms_05024,safe,Yes its possible but dint try. Pls dont tell to any one k,safe_personal,en,UCI SMS Spam Collection,downloaded_public_dataset
uci_sms_05025,safe,Anyway holla at me whenever you're around because I need an excuse to go creep on people in sarasota,safe_personal,en,UCI SMS Spam Collection,downloaded_public_dataset
uci_sms_05026,safe,Where you. What happen,safe_personal,en,UCI SMS Spam Collection,downloaded_public_dataset
uci_sms_05027,safe,I was gonna ask you lol but i think its at 7,safe_personal,en,UCI SMS Spam Collection,downloaded_public_dataset
uci_sms_05028,scam,Ur cash-balance is currently 500 pounds - to maximize ur cash-in now send GO to 86688 only 150p/meg. CC: 08718720201 HG/Suite342/2lands Row/W1j6HL,spam_or_unspecified,en,UCI SMS Spam Collection,downloaded_public_dataset
uci_sms_05029,scam,PRIVATE! Your 2003 Account Statement for shows 800 un-redeemed S.I.M. points. Call 08715203685 Identifier Code:4xx26 Expires 13/10/04,spam_or_unspecified,en,UCI SMS Spam Collection,downloaded_public_dataset
uci_sms_05030,safe,Go chase after her and run her over while she's crossing the street,safe_personal,en,UCI SMS Spam Collection,downloaded_public_dataset
uci_sms_05031,scam,I'd like to tell you my deepest darkest fantasies. Call me 09094646631 just 60p/min. To stop texts call 08712460324 (nat rate),spam_or_unspecified,en,UCI SMS Spam Collection,downloaded_public_dataset
uci_sms_05033,safe,Hey... Very inconvenient for your sis a not huh?,safe_personal,en,UCI SMS Spam Collection,downloaded_public_dataset
uci_sms_05034,safe,Ok i vl..do u know i got adsense approved..,safe_personal,en,UCI SMS Spam Collection,downloaded_public_dataset
uci_sms_05035,safe,"* Was really good to see you the other day dudette, been missing you!",safe_personal,en,UCI SMS Spam Collection,downloaded_public_dataset
uci_sms_05036,safe,I want to go to perumbavoor,safe_personal,en,UCI SMS Spam Collection,downloaded_public_dataset
uci_sms_05037,safe,How many times i told in the stage all use to laugh. You not listen aha.,safe_personal,en,UCI SMS Spam Collection,downloaded_public_dataset
uci_sms_05039,safe,(You didn't hear it from me),safe_personal,en,UCI SMS Spam Collection,downloaded_public_dataset
uci_sms_05040,safe,Thanks for being there for me just to talk to on saturday. You are very dear to me. I cherish having you as a brother and role model.,safe_personal,en,UCI SMS Spam Collection,downloaded_public_dataset
uci_sms_05041,safe,Pls clarify back if an open return ticket that i have can be preponed for me to go back to kerala.,safe_personal,en,UCI SMS Spam Collection,downloaded_public_dataset
uci_sms_05042,scam,Natalie (20/F) is inviting you to be her friend. Reply YES-165 or NO-165 See her: www.SMS.ac/u/natalie2k9 STOP? Send STOP FRND to 62468,spam_or_unspecified,en,UCI SMS Spam Collection,downloaded_public_dataset
uci_sms_05043,safe,She ran off with a younger man. we will make pretty babies together :),safe_personal,en,UCI SMS Spam Collection,downloaded_public_dataset
uci_sms_05044,scam,Jamster! To get your free wallpaper text HEART to 88888 now! T&C apply. 16 only. Need Help? Call 08701213186.,spam_or_unspecified,en,UCI SMS Spam Collection,downloaded_public_dataset
uci_sms_05045,safe,O ic lol. Should play 9 doors sometime yo,safe_personal,en,UCI SMS Spam Collection,downloaded_public_dataset
uci_sms_05046,safe,"Dunno, my dad said he coming home 2 bring us out 4 lunch. Yup i go w u lor. I call u when i reach school lor...",safe_personal,en,UCI SMS Spam Collection,downloaded_public_dataset
uci_sms_05048,safe,Desires- u going to doctor 4 liver. And get a bit stylish. Get ur hair managed. Thats it.,safe_personal,en,UCI SMS Spam Collection,downloaded_public_dataset
uci_sms_05049,safe,Hmmm.still we dont have opener?,safe_personal,en,UCI SMS Spam Collection,downloaded_public_dataset
uci_sms_05050,safe,Yeah so basically any time next week you can get away from your mom &amp; get up before 3,safe_personal,en,UCI SMS Spam Collection,downloaded_public_dataset
uci_sms_05052,safe,I will vote for wherever my heart guides me,safe_personal,en,UCI SMS Spam Collection,downloaded_public_dataset
uci_sms_05053,safe,With my sis lor... We juz watched italian job.,safe_personal,en,UCI SMS Spam Collection,downloaded_public_dataset
uci_sms_05054,safe,"Tick, tick, tick .... Where are you ? I could die of loneliness you know ! *pouts* *stomps feet* I need you ...",safe_personal,en,UCI SMS Spam Collection,downloaded_public_dataset
uci_sms_05055,safe,Lmao you know me so well...,safe_personal,en,UCI SMS Spam Collection,downloaded_public_dataset
uci_sms_05057,safe,Am on a train back from northampton so i'm afraid not! I'm staying skyving off today ho ho! Will be around wednesday though. Do you fancy the comedy club this week by the way?,safe_personal,en,UCI SMS Spam Collection,downloaded_public_dataset
uci_sms_05058,safe,Goodnight da thangam I really miss u dear.,safe_personal,en,UCI SMS Spam Collection,downloaded_public_dataset
uci_sms_05059,safe,Hey next sun 1030 there's a basic yoga course... at bugis... We can go for that... Pilates intro next sat.... Tell me what time you r free,safe_personal,en,UCI SMS Spam Collection,downloaded_public_dataset
uci_sms_05060,safe,"Geeeee ... Your internet is really bad today, eh ?",safe_personal,en,UCI SMS Spam Collection,downloaded_public_dataset
uci_sms_05061,scam,Free video camera phones with Half Price line rental for 12 mths and 500 cross ntwk mins 100 txts. Call MobileUpd8 08001950382 or Call2OptOut/674,spam_or_unspecified,en,UCI SMS Spam Collection,downloaded_public_dataset
uci_sms_05062,safe,I think i am disturbing her da,safe_personal,en,UCI SMS Spam Collection,downloaded_public_dataset
uci_sms_05063,safe,"Sorry, I'll call you later. I am in meeting sir.",safe_personal,en,UCI SMS Spam Collection,downloaded_public_dataset
uci_sms_05064,safe,Havent stuck at orchard in my dad's car. Going 4 dinner now. U leh? So r they free tonight?,safe_personal,en,UCI SMS Spam Collection,downloaded_public_dataset
uci_sms_05065,safe,Ok i also wan 2 watch e 9 pm show...,safe_personal,en,UCI SMS Spam Collection,downloaded_public_dataset
uci_sms_05066,safe,I dunno lei... Like dun haf...,safe_personal,en,UCI SMS Spam Collection,downloaded_public_dataset
uci_sms_05067,safe,But your brother transfered only &lt;#&gt; + &lt;#&gt; . Pa.,safe_personal,en,UCI SMS Spam Collection,downloaded_public_dataset
uci_sms_05068,safe,I calls you later. Afternoon onwords mtnl service get problem in south mumbai. I can hear you but you cann't listen me.,safe_personal,en,UCI SMS Spam Collection,downloaded_public_dataset
uci_sms_05069,scam,83039 62735=£450 UK Break AccommodationVouchers terms & conditions apply. 2 claim you mustprovide your claim number which is 15541,spam_or_unspecified,en,UCI SMS Spam Collection,downloaded_public_dataset
uci_sms_05070,safe,Talk to g and x about that,safe_personal,en,UCI SMS Spam Collection,downloaded_public_dataset
uci_sms_05071,safe,Hai dear friends... This is my new &amp; present number..:) By Rajitha Raj (Ranju),safe_personal,en,UCI SMS Spam Collection,downloaded_public_dataset
uci_sms_05072,scam,5p 4 alfie Moon's Children in need song on ur mob. Tell ur m8s. Txt Tone charity to 8007 for Nokias or Poly charity for polys: zed 08701417012 profit 2 charity.,spam_or_unspecified,en,UCI SMS Spam Collection,downloaded_public_dataset
uci_sms_05073,safe,As in different styles?,safe_personal,en,UCI SMS Spam Collection,downloaded_public_dataset
uci_sms_05074,scam,WIN a £200 Shopping spree every WEEK Starting NOW. 2 play text STORE to 88039. SkilGme. TsCs08714740323 1Winawk! age16 £1.50perweeksub.,spam_or_unspecified,en,UCI SMS Spam Collection,downloaded_public_dataset
uci_sms_05075,safe,Gud ni8 dear..slp well..take care..swt dreams..Muah..,safe_personal,en,UCI SMS Spam Collection,downloaded_public_dataset
uci_sms_05077,scam,"This is the 2nd attempt to contract U, you have won this weeks top prize of either £1000 cash or £200 prize. Just call 09066361921",spam_or_unspecified,en,UCI SMS Spam Collection,downloaded_public_dataset
uci_sms_05078,safe,"Well, i'm glad you didn't find it totally disagreeable ... Lol",safe_personal,en,UCI SMS Spam Collection,downloaded_public_dataset
uci_sms_05079,safe,"Guy, no flash me now. If you go call me, call me. How madam. Take care oh.",safe_personal,en,UCI SMS Spam Collection,downloaded_public_dataset
uci_sms_05080,scam,Do you want a New Nokia 3510i colour phone DeliveredTomorrow? With 300 free minutes to any mobile + 100 free texts + Free Camcorder reply or call 08000930705.,spam_or_unspecified,en,UCI SMS Spam Collection,downloaded_public_dataset
uci_sms_05081,safe,Mark works tomorrow. He gets out at 5. His work is by your house so he can meet u afterwards.,safe_personal,en,UCI SMS Spam Collection,downloaded_public_dataset
uci_sms_05082,safe,"Keep ur problems in ur heart, b'coz nobody will fight for u. Only u &amp; u have to fight for ur self &amp; win the battle. -VIVEKANAND- G 9t.. SD.. ham Yeah, give me a call if you've got a minute ham HI BABE UAWAKE?FEELLIKW SHIT.JUSTFOUND OUT VIA ALETTER THATMUM GOTMARRIED 4thNOV.BEHIND OURBACKS  FUCKINNICE!SELFISH,DEVIOUSBITCH.ANYWAY,IL CALL U""",safe_personal,en,UCI SMS Spam Collection,downloaded_public_dataset
uci_sms_05083,safe,Amazing : If you rearrange these letters it gives the same meaning... Dormitory = Dirty room Astronomer = Moon starer The eyes = They see Election results = Lies lets recount Mother-in-law = Woman Hitler Eleven plus two =Twelve plus one Its Amazing... !:-),safe_personal,en,UCI SMS Spam Collection,downloaded_public_dataset
uci_sms_05084,safe,Aiya we discuss later lar... Pick ü up at 4 is it?,safe_personal,en,UCI SMS Spam Collection,downloaded_public_dataset
uci_sms_05085,safe,Hey happy birthday...,safe_personal,en,UCI SMS Spam Collection,downloaded_public_dataset
uci_sms_05086,safe,Sorry i missed your call. Can you please call back.,safe_personal,en,UCI SMS Spam Collection,downloaded_public_dataset
uci_sms_05087,safe,Omg if its not one thing its another. My cat has worms :/ when does this bad day end?,safe_personal,en,UCI SMS Spam Collection,downloaded_public_dataset
uci_sms_05088,safe,"Good morning, im suffering from fever and dysentry ..will not be able to come to office today.",safe_personal,en,UCI SMS Spam Collection,downloaded_public_dataset
uci_sms_05089,safe,I wont do anything de.,safe_personal,en,UCI SMS Spam Collection,downloaded_public_dataset
uci_sms_05090,safe,What type of stuff do you sing?,safe_personal,en,UCI SMS Spam Collection,downloaded_public_dataset
uci_sms_05091,safe,"St andre, virgil's cream",safe_personal,en,UCI SMS Spam Collection,downloaded_public_dataset
uci_sms_05093,safe,"My fri ah... Okie lor,goin 4 my drivin den go shoppin after tt...",safe_personal,en,UCI SMS Spam Collection,downloaded_public_dataset
uci_sms_05094,safe,Gokila is talking with you aha:),safe_personal,en,UCI SMS Spam Collection,downloaded_public_dataset
uci_sms_05095,safe,"Hi Shanil,Rakhesh here.thanks,i have exchanged the uncut diamond stuff.leaving back. Excellent service by Dino and Prem.",safe_personal,en,UCI SMS Spam Collection,downloaded_public_dataset
uci_sms_05096,safe,K.k.this month kotees birthday know?,safe_personal,en,UCI SMS Spam Collection,downloaded_public_dataset
uci_sms_05097,safe,But i'm really really broke oh. No amount is too small even &lt;#&gt;,safe_personal,en,UCI SMS Spam Collection,downloaded_public_dataset
uci_sms_05098,safe,Sorry about that this is my mates phone and i didnt write it love Kate,safe_personal,en,UCI SMS Spam Collection,downloaded_public_dataset
uci_sms_05099,scam,"TheMob>Hit the link to get a premium Pink Panther game, the new no. 1 from Sugababes, a crazy Zebra animation or a badass Hoody wallpaper-all 4 FREE!",spam_or_unspecified,en,UCI SMS Spam Collection,downloaded_public_dataset
uci_sms_05100,safe,"Ah, well that confuses things, doesnt it? I thought was friends with now. Maybe i did the wrong thing but i already sort of invited -tho he may not come cos of money.",safe_personal,en,UCI SMS Spam Collection,downloaded_public_dataset
uci_sms_05101,safe,"Aight, call me once you're close",safe_personal,en,UCI SMS Spam Collection,downloaded_public_dataset
uci_sms_05102,safe,Nope thats fine. I might have a nap tho!,safe_personal,en,UCI SMS Spam Collection,downloaded_public_dataset
uci_sms_05103,scam,This msg is for your mobile content order It has been resent as previous attempt failed due to network error Queries to customersqueries@netvision.uk.com,spam_or_unspecified,en,UCI SMS Spam Collection,downloaded_public_dataset
uci_sms_05104,safe,In other news after hassling me to get him weed for a week andres has no money. HAUGHAIGHGTUJHYGUJ,safe_personal,en,UCI SMS Spam Collection,downloaded_public_dataset
uci_sms_05107,safe,Ding me on ya break fassyole! Blacko from londn,safe_personal,en,UCI SMS Spam Collection,downloaded_public_dataset
uci_sms_05108,safe,I REALLY NEED 2 KISS U I MISS U MY BABY FROM UR BABY 4EVA,safe_personal,en,UCI SMS Spam Collection,downloaded_public_dataset
uci_sms_05110,safe,Oh you got many responsibilities.,safe_personal,en,UCI SMS Spam Collection,downloaded_public_dataset
uci_sms_05111,scam,You have 1 new message. Please call 08715205273,spam_or_unspecified,en,UCI SMS Spam Collection,downloaded_public_dataset
uci_sms_05112,safe,I've reached sch already...,safe_personal,en,UCI SMS Spam Collection,downloaded_public_dataset
uci_sms_05113,scam,December only! Had your mobile 11mths+? You are entitled to update to the latest colour camera mobile for Free! Call The Mobile Update VCo FREE on 08002986906,spam_or_unspecified,en,UCI SMS Spam Collection,downloaded_public_dataset
uci_sms_05114,safe,U definitely need a module from e humanities dis sem izzit? U wan 2 take other modules 1st?,safe_personal,en,UCI SMS Spam Collection,downloaded_public_dataset
uci_sms_05115,safe,Argh why the fuck is nobody in town ;_;,safe_personal,en,UCI SMS Spam Collection,downloaded_public_dataset
uci_sms_05116,scam,"Get 3 Lions England tone, reply lionm 4 mono or lionp 4 poly. 4 more go 2 www.ringtones.co.uk, the original n best. Tones 3GBP network operator rates apply.",spam_or_unspecified,en,UCI SMS Spam Collection,downloaded_public_dataset
uci_sms_05117,safe,Thanks. Fills me with complete calm and reassurance!,safe_personal,en,UCI SMS Spam Collection,downloaded_public_dataset
uci_sms_05118,safe,Aslamalaikkum....insha allah tohar beeen muht albi mufti mahfuuz...meaning same here....,safe_personal,en,UCI SMS Spam Collection,downloaded_public_dataset
uci_sms_05119,safe,Are you driving or training?,safe_personal,en,UCI SMS Spam Collection,downloaded_public_dataset
uci_sms_05120,safe,Lol for real. She told my dad I have cancer,safe_personal,en,UCI SMS Spam Collection,downloaded_public_dataset
uci_sms_05121,scam,PRIVATE! Your 2003 Account Statement for 078,spam_or_unspecified,en,UCI SMS Spam Collection,downloaded_public_dataset
uci_sms_05122,safe,"Oops I did have it, &lt;#&gt; ?",safe_personal,en,UCI SMS Spam Collection,downloaded_public_dataset
uci_sms_05123,safe,NOT ENUFCREDEIT TOCALL.SHALL ILEAVE UNI AT 6 +GET A BUS TO YOR HOUSE?,safe_personal,en,UCI SMS Spam Collection,downloaded_public_dataset
uci_sms_05124,safe,"Hi Chikku, send some nice msgs",safe_personal,en,UCI SMS Spam Collection,downloaded_public_dataset
uci_sms_05125,safe,"He is impossible to argue with and he always treats me like his sub, like he never released me ... Which he did and I will remind him of that if necessary",safe_personal,en,UCI SMS Spam Collection,downloaded_public_dataset
uci_sms_05126,safe,"After my work ah... Den 6 plus lor... U workin oso rite... Den go orchard lor, no other place to go liao...",safe_personal,en,UCI SMS Spam Collection,downloaded_public_dataset
uci_sms_05127,safe,"To the wonderful Okors, have a great month. We cherish you guys and wish you well each day. MojiBiola",safe_personal,en,UCI SMS Spam Collection,downloaded_public_dataset
uci_sms_05128,safe,Cuz ibored. And don wanna study,safe_personal,en,UCI SMS Spam Collection,downloaded_public_dataset
uci_sms_05129,safe,Wot about on wed nite I am 3 then but only til 9!,safe_personal,en,UCI SMS Spam Collection,downloaded_public_dataset
uci_sms_05131,safe,Any way where are you and what doing.,safe_personal,en,UCI SMS Spam Collection,downloaded_public_dataset
uci_sms_05132,safe,That sucks. I'll go over so u can do my hair. You'll do it free right?,safe_personal,en,UCI SMS Spam Collection,downloaded_public_dataset
uci_sms_05133,safe,it's still not working. And this time i also tried adding zeros. That was the savings. The checking is &lt;#&gt;,safe_personal,en,UCI SMS Spam Collection,downloaded_public_dataset
uci_sms_05134,safe,"Hmm... Dunno leh, mayb a bag 4 goigng out dat is not too small. Or jus anything except perfume, smth dat i can keep.",safe_personal,en,UCI SMS Spam Collection,downloaded_public_dataset
uci_sms_05135,safe,Sday only joined.so training we started today:),safe_personal,en,UCI SMS Spam Collection,downloaded_public_dataset
uci_sms_05136,safe,Sorry * was at the grocers.,safe_personal,en,UCI SMS Spam Collection,downloaded_public_dataset
uci_sms_05137,safe,There are some nice pubs near here or there is Frankie n Bennys near the warner cinema?,safe_personal,en,UCI SMS Spam Collection,downloaded_public_dataset
uci_sms_05138,scam,"YOU VE WON! Your 4* Costa Del Sol Holiday or £5000 await collection. Call 09050090044 Now toClaim. SAE, TC s, POBox334, Stockport, SK38xh, Cost£1.50/pm, Max10mins",spam_or_unspecified,en,UCI SMS Spam Collection,downloaded_public_dataset
uci_sms_05139,safe,Yup... I havent been there before... You want to go for the yoga? I can call up to book,safe_personal,en,UCI SMS Spam Collection,downloaded_public_dataset
uci_sms_05140,safe,Oh shut it. Omg yesterday I had a dream that I had 2 kids both boys. I was so pissed. Not only about the kids but them being boys. I even told mark in my dream that he was changing diapers cause I'm not getting owed in the face.,safe_personal,en,UCI SMS Spam Collection,downloaded_public_dataset
uci_sms_05141,safe,Yeah I imagine he would be really gentle. Unlike the other docs who treat their patients like turkeys.,safe_personal,en,UCI SMS Spam Collection,downloaded_public_dataset
uci_sms_05143,safe,Now that you have started dont stop. Just pray for more good ideas and anything i see that can help you guys i.ll forward you a link.,safe_personal,en,UCI SMS Spam Collection,downloaded_public_dataset
uci_sms_05144,safe,Hi darlin im on helens fone im gonna b up the princes 2 nite please come up tb love Kate,safe_personal,en,UCI SMS Spam Collection,downloaded_public_dataset
uci_sms_05145,safe,I'm in office now da:)where are you?,safe_personal,en,UCI SMS Spam Collection,downloaded_public_dataset
uci_sms_05146,safe,Aiyar u so poor thing... I give u my support k... Jia you! I'll think of u...,safe_personal,en,UCI SMS Spam Collection,downloaded_public_dataset
uci_sms_05147,safe,Oh unintentionally not bad timing. Great. Fingers the trains play along! Will give fifteen min warning.,safe_personal,en,UCI SMS Spam Collection,downloaded_public_dataset
uci_sms_05148,scam,Get your garden ready for summer with a FREE selection of summer bulbs and seeds worth £33:50 only with The Scotsman this Saturday. To stop go2 notxt.co.uk,spam_or_unspecified,en,UCI SMS Spam Collection,downloaded_public_dataset
uci_sms_05149,safe,K..then come wenever u lik to come and also tel vikky to come by getting free time..:-),safe_personal,en,UCI SMS Spam Collection,downloaded_public_dataset
uci_sms_05150,safe,Pls call me da. What happen.,safe_personal,en,UCI SMS Spam Collection,downloaded_public_dataset
uci_sms_05151,safe,"Happy new year to u and ur family...may this new year bring happiness , stability and tranquility to ur vibrant colourful life:):)",safe_personal,en,UCI SMS Spam Collection,downloaded_public_dataset
uci_sms_05152,safe,No problem with the renewal. I.ll do it right away but i dont know his details.,safe_personal,en,UCI SMS Spam Collection,downloaded_public_dataset
uci_sms_05153,safe,Idk. I'm sitting here in a stop and shop parking lot right now bawling my eyes out because i feel like i'm a failure in everything. Nobody wants me and now i feel like i'm failing you.,safe_personal,en,UCI SMS Spam Collection,downloaded_public_dataset
uci_sms_05154,safe,Haven't left yet so probably gonna be here til dinner,safe_personal,en,UCI SMS Spam Collection,downloaded_public_dataset
uci_sms_05155,safe,"Like &lt;#&gt; , same question",safe_personal,en,UCI SMS Spam Collection,downloaded_public_dataset
uci_sms_05156,safe,MY NEW YEARS EVE WAS OK. I WENT TO A PARTY WITH MY BOYFRIEND. WHO IS THIS SI THEN HEY,safe_personal,en,UCI SMS Spam Collection,downloaded_public_dataset
uci_sms_05157,safe,"Sir, I need Velusamy sir's date of birth and company bank facilities details.",safe_personal,en,UCI SMS Spam Collection,downloaded_public_dataset
uci_sms_05158,safe,K k:) sms chat with me.,safe_personal,en,UCI SMS Spam Collection,downloaded_public_dataset
uci_sms_05159,safe,I will come with karnan car. Please wait till 6pm will directly goto doctor.,safe_personal,en,UCI SMS Spam Collection,downloaded_public_dataset
uci_sms_05160,safe,No but the bluray player can,safe_personal,en,UCI SMS Spam Collection,downloaded_public_dataset
uci_sms_05161,safe,Ok... Then r we meeting later?,safe_personal,en,UCI SMS Spam Collection,downloaded_public_dataset
uci_sms_05162,safe,Lol no. I just need to cash in my nitros. Hurry come on before I crash out!,safe_personal,en,UCI SMS Spam Collection,downloaded_public_dataset
uci_sms_05163,safe,Just send a text. We'll skype later.,safe_personal,en,UCI SMS Spam Collection,downloaded_public_dataset
uci_sms_05164,safe,Ok leave no need to ask,safe_personal,en,UCI SMS Spam Collection,downloaded_public_dataset
uci_sms_05166,safe,Ü still got lessons? Ü in sch?,safe_personal,en,UCI SMS Spam Collection,downloaded_public_dataset
uci_sms_05167,safe,Y she dun believe leh? I tot i told her it's true already. I thk she muz c us tog then she believe.,safe_personal,en,UCI SMS Spam Collection,downloaded_public_dataset
uci_sms_05168,safe,Oh did you charge camera,safe_personal,en,UCI SMS Spam Collection,downloaded_public_dataset
uci_sms_05169,safe,"I‘ve got some salt, you can rub it in my open wounds if you like!",safe_personal,en,UCI SMS Spam Collection,downloaded_public_dataset
uci_sms_05170,safe,Now i'm going for lunch.,safe_personal,en,UCI SMS Spam Collection,downloaded_public_dataset
uci_sms_05171,safe,I'm in school now n i'll be in da lab doing some stuff give me a call when ü r done.,safe_personal,en,UCI SMS Spam Collection,downloaded_public_dataset
uci_sms_05173,safe,"Aight, text me tonight and we'll see what's up",safe_personal,en,UCI SMS Spam Collection,downloaded_public_dataset
uci_sms_05174,safe,U 2.,safe_personal,en,UCI SMS Spam Collection,downloaded_public_dataset
uci_sms_05175,safe,Water logging in desert. Geoenvironmental implications.,safe_personal,en,UCI SMS Spam Collection,downloaded_public_dataset
uci_sms_05178,safe,"Very strange. and are watching the 2nd one now but i'm in bed. Sweet dreams, miss u",safe_personal,en,UCI SMS Spam Collection,downloaded_public_dataset
uci_sms_05179,scam,SMS AUCTION - A BRAND NEW Nokia 7250 is up 4 auction today! Auction is FREE 2 join & take part! Txt NOKIA to 86021 now!,spam_or_unspecified,en,UCI SMS Spam Collection,downloaded_public_dataset
uci_sms_05180,safe,"Hi hope u r both ok, he said he would text and he hasn't, have u seen him, let me down gently please",safe_personal,en,UCI SMS Spam Collection,downloaded_public_dataset
uci_sms_05181,safe,"Babe! I fucking love you too !! You know? Fuck it was so good to hear your voice. I so need that. I crave it. I can't get enough. I adore you, Ahmad *kisses*",safe_personal,en,UCI SMS Spam Collection,downloaded_public_dataset
uci_sms_05182,safe,K sure am in my relatives home. Sms me de. Pls:-),safe_personal,en,UCI SMS Spam Collection,downloaded_public_dataset
uci_sms_05184,safe,"Fuuuuck I need to stop sleepin, sup",safe_personal,en,UCI SMS Spam Collection,downloaded_public_dataset
uci_sms_05185,safe,I'm in town now so i'll jus take mrt down later.,safe_personal,en,UCI SMS Spam Collection,downloaded_public_dataset
uci_sms_05186,safe,I just cooked a rather nice salmon a la you,safe_personal,en,UCI SMS Spam Collection,downloaded_public_dataset
uci_sms_05187,safe,I uploaded mine to Facebook,safe_personal,en,UCI SMS Spam Collection,downloaded_public_dataset
uci_sms_05188,safe,WHAT TIME U WRKIN?,safe_personal,en,UCI SMS Spam Collection,downloaded_public_dataset
uci_sms_05190,scam,ree entry in 2 a weekly comp for a chance to win an ipod. Txt POD to 80182 to get entry (std txt rate) T&C's apply 08452810073 for details 18+,spam_or_unspecified,en,UCI SMS Spam Collection,downloaded_public_dataset
uci_sms_05191,scam,Our records indicate u maybe entitled to 5000 pounds in compensation for the Accident you had. To claim 4 free reply with CLAIM to this msg. 2 stop txt STOP,spam_or_unspecified,en,UCI SMS Spam Collection,downloaded_public_dataset
uci_sms_05193,safe,Oh oh... Den muz change plan liao... Go back have to yan jiu again...,safe_personal,en,UCI SMS Spam Collection,downloaded_public_dataset
uci_sms_05194,safe,"It's wylie, you in tampa or sarasota?",safe_personal,en,UCI SMS Spam Collection,downloaded_public_dataset
uci_sms_05195,safe,Ok... Take ur time n enjoy ur dinner...,safe_personal,en,UCI SMS Spam Collection,downloaded_public_dataset
uci_sms_05196,safe,Darren was saying dat if u meeting da ge den we dun meet 4 dinner. Cos later u leave xy will feel awkward. Den u meet him 4 lunch lor.,safe_personal,en,UCI SMS Spam Collection,downloaded_public_dataset
uci_sms_05198,safe,I like cheap! But i‘m happy to splash out on the wine if it makes you feel better..,safe_personal,en,UCI SMS Spam Collection,downloaded_public_dataset
uci_sms_05199,safe,She.s fine. I have had difficulties with her phone. It works with mine. Can you pls send her another friend request.,safe_personal,en,UCI SMS Spam Collection,downloaded_public_dataset
uci_sms_05200,safe,Ugh my leg hurts. Musta overdid it on mon.,safe_personal,en,UCI SMS Spam Collection,downloaded_public_dataset
uci_sms_05201,scam,Call Germany for only 1 pence per minute! Call from a fixed line via access number 0844 861 85 85. No prepayment. Direct access! www.telediscount.co.uk,spam_or_unspecified,en,UCI SMS Spam Collection,downloaded_public_dataset
uci_sms_05203,safe,WOT STUDENT DISCOUNT CAN U GET ON BOOKS?,safe_personal,en,UCI SMS Spam Collection,downloaded_public_dataset
uci_sms_05205,safe,How come she can get it? Should b quite diff to guess rite...,safe_personal,en,UCI SMS Spam Collection,downloaded_public_dataset
uci_sms_05206,scam,Had your mobile 11mths ? Update for FREE to Oranges latest colour camera mobiles & unlimited weekend calls. Call Mobile Upd8 on freefone 08000839402 or 2StopTxt,spam_or_unspecified,en,UCI SMS Spam Collection,downloaded_public_dataset
uci_sms_05208,safe,"Babe, I'm answering you, can't you see me ? Maybe you'd better reboot YM ... I got the photo ... It's great !",safe_personal,en,UCI SMS Spam Collection,downloaded_public_dataset
uci_sms_05209,safe,Hi.what you think about match?,safe_personal,en,UCI SMS Spam Collection,downloaded_public_dataset
uci_sms_05210,safe,"I know you are thinkin malaria. But relax, children cant handle malaria. She would have been worse and its gastroenteritis. If she takes enough to replace her loss her temp will reduce. And if you give her malaria meds now she will just vomit. Its a self limiting illness she has which means in a few days it will completely stop",safe_personal,en,UCI SMS Spam Collection,downloaded_public_dataset
uci_sms_05211,safe,Dai i downloaded but there is only exe file which i can only run that exe after installing.,safe_personal,en,UCI SMS Spam Collection,downloaded_public_dataset
uci_sms_05212,safe,It is only yesterday true true.,safe_personal,en,UCI SMS Spam Collection,downloaded_public_dataset
uci_sms_05213,safe,K.k.how is your business now?,safe_personal,en,UCI SMS Spam Collection,downloaded_public_dataset
uci_sms_05214,safe,3 pa but not selected.,safe_personal,en,UCI SMS Spam Collection,downloaded_public_dataset
uci_sms_05218,safe,Well thats nice. Too bad i cant eat it,safe_personal,en,UCI SMS Spam Collection,downloaded_public_dataset
uci_sms_05219,safe,I accidentally brought em home in the box,safe_personal,en,UCI SMS Spam Collection,downloaded_public_dataset
uci_sms_05220,safe,Pls she needs to dat slowly or she will vomit more.,safe_personal,en,UCI SMS Spam Collection,downloaded_public_dataset
uci_sms_05221,safe,I have to take exam with in march 3,safe_personal,en,UCI SMS Spam Collection,downloaded_public_dataset
uci_sms_05222,safe,"Jane babes not goin 2 wrk, feel ill after lst nite. Foned in already cover 4 me chuck.:-)",safe_personal,en,UCI SMS Spam Collection,downloaded_public_dataset
uci_sms_05223,safe,5 nights...We nt staying at port step liao...Too ex,safe_personal,en,UCI SMS Spam Collection,downloaded_public_dataset
uci_sms_05224,safe,If I die I want u to have all my stuffs.,safe_personal,en,UCI SMS Spam Collection,downloaded_public_dataset
uci_sms_05225,safe,OH FUCK. JUSWOKE UP IN A BED ON A BOATIN THE DOCKS. SLEPT WID 25 YEAR OLD. SPINOUT! GIV U DA GOSSIP L8R. XXX,safe_personal,en,UCI SMS Spam Collection,downloaded_public_dataset
uci_sms_05228,safe,I re-met alex nichols from middle school and it turns out he's dealing!,safe_personal,en,UCI SMS Spam Collection,downloaded_public_dataset
uci_sms_05229,scam,PRIVATE! Your 2003 Account Statement for <fone no> shows 800 un-redeemed S. I. M. points. Call 08715203656 Identifier Code: 42049 Expires 26/10/04,spam_or_unspecified,en,UCI SMS Spam Collection,downloaded_public_dataset
uci_sms_05230,safe,It means u could not keep ur words.,safe_personal,en,UCI SMS Spam Collection,downloaded_public_dataset
uci_sms_05231,safe,"Nope, I'm still in the market",safe_personal,en,UCI SMS Spam Collection,downloaded_public_dataset
uci_sms_05232,safe,I realise you are a busy guy and i'm trying not to be a bother. I have to get some exams outta the way and then try the cars. Do have a gr8 day,safe_personal,en,UCI SMS Spam Collection,downloaded_public_dataset
uci_sms_05234,safe,Hey what how about your project. Started aha da.,safe_personal,en,UCI SMS Spam Collection,downloaded_public_dataset
uci_sms_05235,safe,Ok cool. See ya then.,safe_personal,en,UCI SMS Spam Collection,downloaded_public_dataset
uci_sms_05236,safe,Am on the uworld site. Am i buying the qbank only or am i buying it with the self assessment also?,safe_personal,en,UCI SMS Spam Collection,downloaded_public_dataset
uci_sms_05238,scam,Someonone you know is trying to contact you via our dating service! To find out who it could be call from your mobile or landline 09064015307 BOX334SK38ch,spam_or_unspecified,en,UCI SMS Spam Collection,downloaded_public_dataset
uci_sms_05239,safe,Yeah I can still give you a ride,safe_personal,en,UCI SMS Spam Collection,downloaded_public_dataset
uci_sms_05240,safe,"Jay wants to work out first, how's 4 sound?",safe_personal,en,UCI SMS Spam Collection,downloaded_public_dataset
uci_sms_05241,safe,"Gud gud..k, chikku tke care.. sleep well gud nyt",safe_personal,en,UCI SMS Spam Collection,downloaded_public_dataset
uci_sms_05243,safe,Hmm thinking lor...,safe_personal,en,UCI SMS Spam Collection,downloaded_public_dataset
uci_sms_05244,safe,Of course ! Don't tease me ... You know I simply must see ! *grins* ... Do keep me posted my prey ... *loving smile* *devouring kiss*,safe_personal,en,UCI SMS Spam Collection,downloaded_public_dataset
uci_sms_05245,safe,thanks for the temales it was wonderful. Thank. Have a great week.,safe_personal,en,UCI SMS Spam Collection,downloaded_public_dataset
uci_sms_05246,safe,Thank you princess! I want to see your nice juicy booty...,safe_personal,en,UCI SMS Spam Collection,downloaded_public_dataset
uci_sms_05247,safe,Haven't eaten all day. I'm sitting here staring at this juicy pizza and I can't eat it. These meds are ruining my life.,safe_personal,en,UCI SMS Spam Collection,downloaded_public_dataset
uci_sms_05249,safe,U come n search tat vid..not finishd..,safe_personal,en,UCI SMS Spam Collection,downloaded_public_dataset
uci_sms_05250,safe,"K I'm leaving soon, be there a little after 9",safe_personal,en,UCI SMS Spam Collection,downloaded_public_dataset
uci_sms_05251,scam,Urgent! Please call 09061213237 from a landline. £5000 cash or a 4* holiday await collection. T &Cs SAE PO Box 177 M227XY. 16+,spam_or_unspecified,en,UCI SMS Spam Collection,downloaded_public_dataset
uci_sms_05252,safe,"Yeah work is fine, started last week, all the same stuff as before, dull but easy and guys are fun!",safe_personal,en,UCI SMS Spam Collection,downloaded_public_dataset
uci_sms_05253,safe,You do your studies alone without anyones help. If you cant no need to study.,safe_personal,en,UCI SMS Spam Collection,downloaded_public_dataset
uci_sms_05254,safe,Please tell me not all of my car keys are in your purse,safe_personal,en,UCI SMS Spam Collection,downloaded_public_dataset
uci_sms_05255,safe,I didnt get anything da,safe_personal,en,UCI SMS Spam Collection,downloaded_public_dataset
uci_sms_05256,safe,Ok... Sweet dreams...,safe_personal,en,UCI SMS Spam Collection,downloaded_public_dataset
uci_sms_05257,safe,Well she's in for a big surprise!,safe_personal,en,UCI SMS Spam Collection,downloaded_public_dataset
uci_sms_05259,safe,1 in cbe. 2 in chennai.,safe_personal,en,UCI SMS Spam Collection,downloaded_public_dataset
uci_sms_05260,safe,Can help u swoop by picking u up from wherever ur other birds r meeting if u want.,safe_personal,en,UCI SMS Spam Collection,downloaded_public_dataset
uci_sms_05261,safe,If anyone calls for a treadmill say you'll buy it. Make sure its working. I found an ad on Craigslist selling for $ &lt;#&gt; .,safe_personal,en,UCI SMS Spam Collection,downloaded_public_dataset
uci_sms_05262,safe,I absolutely LOVE South Park! I only recently started watching the office.,safe_personal,en,UCI SMS Spam Collection,downloaded_public_dataset
uci_sms_05263,safe,Did you see that film:),safe_personal,en,UCI SMS Spam Collection,downloaded_public_dataset
uci_sms_05264,safe,Pls speak with me. I wont ask anything other then you friendship.,safe_personal,en,UCI SMS Spam Collection,downloaded_public_dataset
uci_sms_05266,safe,Gud ni8.swt drms.take care,safe_personal,en,UCI SMS Spam Collection,downloaded_public_dataset
uci_sms_05267,safe,HI DARLIN ITS KATE ARE U UP FOR DOIN SOMETHIN TONIGHT? IM GOING TO A PUB CALLED THE SWAN OR SOMETHING WITH MY PARENTS FOR ONE DRINK SO PHONE ME IF U CAN,safe_personal,en,UCI SMS Spam Collection,downloaded_public_dataset
uci_sms_05268,safe,Anything lar then ü not going home 4 dinner?,safe_personal,en,UCI SMS Spam Collection,downloaded_public_dataset
uci_sms_05269,safe,"ER, ENJOYIN INDIANS AT THE MO..yeP. SaLL gOoD HehE ;> hows bout u shexy? Pete Xx",safe_personal,en,UCI SMS Spam Collection,downloaded_public_dataset
uci_sms_05271,safe,Did u fix the teeth?if not do it asap.ok take care.,safe_personal,en,UCI SMS Spam Collection,downloaded_public_dataset
uci_sms_05272,safe,So u wan 2 come for our dinner tonight a not?,safe_personal,en,UCI SMS Spam Collection,downloaded_public_dataset
uci_sms_05273,safe,"Hello.How u doing?What u been up 2?When will u b moving out of the flat, cos I will need to arrange to pick up the lamp, etc. Take care. Hello caroline!",safe_personal,en,UCI SMS Spam Collection,downloaded_public_dataset
uci_sms_05274,safe,Its too late:)but its k.wish you the same.,safe_personal,en,UCI SMS Spam Collection,downloaded_public_dataset
uci_sms_05275,safe,"Hi. Hope ur day * good! Back from walk, table booked for half eight. Let me know when ur coming over.",safe_personal,en,UCI SMS Spam Collection,downloaded_public_dataset
uci_sms_05276,safe,Oh yeah clearly it's my fault,safe_personal,en,UCI SMS Spam Collection,downloaded_public_dataset
uci_sms_05277,safe,Dunno leh cant remember mayb lor. So wat time r we meeting tmr?,safe_personal,en,UCI SMS Spam Collection,downloaded_public_dataset
uci_sms_05278,safe,"Best msg: It's hard to be with a person, when u know that one more step foward will make u fall in love.. &amp; One step back can ruin ur friendship.. good night:-) ...",safe_personal,en,UCI SMS Spam Collection,downloaded_public_dataset
uci_sms_05279,scam,URGENT! Your Mobile number has been awarded with a £2000 prize GUARANTEED. Call 09061790126 from land line. Claim 3030. Valid 12hrs only 150ppm,spam_or_unspecified,en,UCI SMS Spam Collection,downloaded_public_dataset
uci_sms_05281,safe,"Vikky, come around &lt;TIME&gt; ..",safe_personal,en,UCI SMS Spam Collection,downloaded_public_dataset
uci_sms_05282,safe,"And how you will do that, princess? :)",safe_personal,en,UCI SMS Spam Collection,downloaded_public_dataset
uci_sms_05283,safe,I have gone into get info bt dont know what to do,safe_personal,en,UCI SMS Spam Collection,downloaded_public_dataset
uci_sms_05284,safe,"Yeah, probably here for a while",safe_personal,en,UCI SMS Spam Collection,downloaded_public_dataset
uci_sms_05287,safe,I'm still pretty weak today .. Bad day ?,safe_personal,en,UCI SMS Spam Collection,downloaded_public_dataset
uci_sms_05288,safe,Hey ! Don't forget ... You are MINE ... For ME ... My possession ... MY property ... MMM ... *childish smile* ...,safe_personal,en,UCI SMS Spam Collection,downloaded_public_dataset
uci_sms_05289,safe,An excellent thought by a misundrstud frnd: I knw u hate me bt the day wen u'll knw the truth u'll hate urself:-( Gn:-),safe_personal,en,UCI SMS Spam Collection,downloaded_public_dataset
uci_sms_05290,safe,Hey! Congrats 2u2. id luv 2 but ive had 2 go home!,safe_personal,en,UCI SMS Spam Collection,downloaded_public_dataset
uci_sms_05291,safe,Dear where you. Call me,safe_personal,en,UCI SMS Spam Collection,downloaded_public_dataset
uci_sms_05292,safe,Xy trying smth now. U eat already? We havent...,safe_personal,en,UCI SMS Spam Collection,downloaded_public_dataset
uci_sms_05293,scam,Urgent! Please call 09061213237 from landline. £5000 cash or a luxury 4* Canary Islands Holiday await collection. T&Cs SAE PO Box 177. M227XY. 150ppm. 16+,spam_or_unspecified,en,UCI SMS Spam Collection,downloaded_public_dataset
uci_sms_05294,safe,I donno its in your genes or something,safe_personal,en,UCI SMS Spam Collection,downloaded_public_dataset
uci_sms_05295,scam,XMAS iscoming & ur awarded either £500 CD gift vouchers & free entry 2 r £100 weekly draw txt MUSIC to 87066 TnC www.Ldew.com1win150ppmx3age16subscription,spam_or_unspecified,en,UCI SMS Spam Collection,downloaded_public_dataset
uci_sms_05296,safe,Alex says he's not ok with you not being ok with it,safe_personal,en,UCI SMS Spam Collection,downloaded_public_dataset
uci_sms_05297,safe,Are u coming to the funeral home,safe_personal,en,UCI SMS Spam Collection,downloaded_public_dataset
uci_sms_05298,safe,My darling sister. How are you doing. When's school resuming. Is there a minimum wait period before you reapply? Do take care,safe_personal,en,UCI SMS Spam Collection,downloaded_public_dataset
uci_sms_05299,safe,I.ll hand her my phone to chat wit u,safe_personal,en,UCI SMS Spam Collection,downloaded_public_dataset
uci_sms_05300,safe,Well good morning mr . Hows london treatin' ya treacle?,safe_personal,en,UCI SMS Spam Collection,downloaded_public_dataset
uci_sms_05301,safe,I can't make it tonight,safe_personal,en,UCI SMS Spam Collection,downloaded_public_dataset
uci_sms_05303,safe,About &lt;#&gt; bucks. The banks fees are fixed. Better to call the bank and find out.,safe_personal,en,UCI SMS Spam Collection,downloaded_public_dataset
uci_sms_05304,safe,"I can. But it will tell quite long, cos i haven't finish my film yet...",safe_personal,en,UCI SMS Spam Collection,downloaded_public_dataset
uci_sms_05305,safe,Pls ask macho how much is budget for bb bold 2 is cos i saw a new one for &lt;#&gt; dollars.,safe_personal,en,UCI SMS Spam Collection,downloaded_public_dataset
uci_sms_05306,safe,Hi missed your Call and my mumHas beendropping red wine all over theplace! what is your adress?,safe_personal,en,UCI SMS Spam Collection,downloaded_public_dataset
uci_sms_05307,safe,Ill be at yours in about 3 mins but look out for me,safe_personal,en,UCI SMS Spam Collection,downloaded_public_dataset
uci_sms_05308,safe,What you did in leave.,safe_personal,en,UCI SMS Spam Collection,downloaded_public_dataset
uci_sms_05309,safe,I'm coming back on Thursday. Yay. Is it gonna be ok to get the money. Cheers. Oh yeah and how are you. Everything alright. Hows school. Or do you call it work now,safe_personal,en,UCI SMS Spam Collection,downloaded_public_dataset
uci_sms_05310,safe,"Jolly good! By the way, will give u tickets for sat eve 7.30. Speak before then x",safe_personal,en,UCI SMS Spam Collection,downloaded_public_dataset
uci_sms_05311,safe,"yeah, that's what I was thinking",safe_personal,en,UCI SMS Spam Collection,downloaded_public_dataset
uci_sms_05312,safe,K.k:)i'm going to tirunelvali this week to see my uncle ..i already spend the amount by taking dress .so only i want money.i will give it on feb 1,safe_personal,en,UCI SMS Spam Collection,downloaded_public_dataset
uci_sms_05313,safe,Here got ur favorite oyster... N got my favorite sashimi... Ok lar i dun say already... Wait ur stomach start rumbling...,safe_personal,en,UCI SMS Spam Collection,downloaded_public_dataset
uci_sms_05314,safe,My sister going to earn more than me da.,safe_personal,en,UCI SMS Spam Collection,downloaded_public_dataset
uci_sms_05317,safe,Jus finish watching tv... U?,safe_personal,en,UCI SMS Spam Collection,downloaded_public_dataset
uci_sms_05318,safe,"K, fyi I'm back in my parents' place in south tampa so I might need to do the deal somewhere else",safe_personal,en,UCI SMS Spam Collection,downloaded_public_dataset
uci_sms_05319,safe,"Good morning, my Love ... I go to sleep now and wish you a great day full of feeling better and opportunity ... You are my last thought babe, I LOVE YOU *kiss*",safe_personal,en,UCI SMS Spam Collection,downloaded_public_dataset
uci_sms_05320,safe,Kothi print out marandratha.,safe_personal,en,UCI SMS Spam Collection,downloaded_public_dataset
uci_sms_05321,safe,But we havent got da topic yet rite?,safe_personal,en,UCI SMS Spam Collection,downloaded_public_dataset
uci_sms_05322,safe,Ok no problem... Yup i'm going to sch at 4 if i rem correctly...,safe_personal,en,UCI SMS Spam Collection,downloaded_public_dataset
uci_sms_05323,safe,"Thanks, I'll keep that in mind",safe_personal,en,UCI SMS Spam Collection,downloaded_public_dataset
uci_sms_05324,safe,Aah bless! How's your arm?,safe_personal,en,UCI SMS Spam Collection,downloaded_public_dataset
uci_sms_05325,safe,"Dear Sir,Salam Alaikkum.Pride and Pleasure meeting you today at the Tea Shop.We are pleased to send you our contact number at Qatar.Rakhesh an Indian.Pls save our Number.Respectful Regards.",safe_personal,en,UCI SMS Spam Collection,downloaded_public_dataset
uci_sms_05326,safe,"Gal n boy walking in d park. gal-can i hold ur hand? boy-y? do u think i would run away? gal-no, jst wana c how it feels walking in heaven with an prince..GN:-)",safe_personal,en,UCI SMS Spam Collection,downloaded_public_dataset
uci_sms_05327,safe,What makes you most happy?,safe_personal,en,UCI SMS Spam Collection,downloaded_public_dataset
uci_sms_05328,safe,Wishing you a wonderful week.,safe_personal,en,UCI SMS Spam Collection,downloaded_public_dataset
uci_sms_05329,safe,Sweet heart how are you?,safe_personal,en,UCI SMS Spam Collection,downloaded_public_dataset
uci_sms_05330,safe,"Sir, waiting for your letter.",safe_personal,en,UCI SMS Spam Collection,downloaded_public_dataset
uci_sms_05331,safe,Dude im no longer a pisces. Im an aquarius now.,safe_personal,en,UCI SMS Spam Collection,downloaded_public_dataset
uci_sms_05332,safe,X course it 2yrs. Just so her messages on messenger lik you r sending me,safe_personal,en,UCI SMS Spam Collection,downloaded_public_dataset
uci_sms_05333,safe,I think steyn surely get one wicket:),safe_personal,en,UCI SMS Spam Collection,downloaded_public_dataset
uci_sms_05334,safe,"Neither [in sterm voice] - i'm studying. All fine with me! Not sure the thing will be resolved, tho. Anyway. Have a fab hols",safe_personal,en,UCI SMS Spam Collection,downloaded_public_dataset
uci_sms_05335,safe,"Garbage bags, eggs, jam, bread, hannaford wheat chex",safe_personal,en,UCI SMS Spam Collection,downloaded_public_dataset
uci_sms_05336,safe,No. It's not pride. I'm almost &lt;#&gt; years old and shouldn't be takin money from my kid. You're not supposed to have to deal with this stuff. This is grownup stuff--why i don't tell you.,safe_personal,en,UCI SMS Spam Collection,downloaded_public_dataset
uci_sms_05337,safe,Sounds better than my evening im just doing my costume. Im not sure what time i finish tomorrow but i will txt you at the end.,safe_personal,en,UCI SMS Spam Collection,downloaded_public_dataset
uci_sms_05338,safe,My birthday is on feb &lt;#&gt; da. .,safe_personal,en,UCI SMS Spam Collection,downloaded_public_dataset
uci_sms_05339,safe,So when do you wanna gym?,safe_personal,en,UCI SMS Spam Collection,downloaded_public_dataset
uci_sms_05340,safe,You'd like that wouldn't you? Jerk!,safe_personal,en,UCI SMS Spam Collection,downloaded_public_dataset
uci_sms_05341,safe,Are u awake? Is there snow there?,safe_personal,en,UCI SMS Spam Collection,downloaded_public_dataset
uci_sms_05342,safe,And of course you should make a stink!,safe_personal,en,UCI SMS Spam Collection,downloaded_public_dataset
uci_sms_05343,scam,"u r subscribed 2 TEXTCOMP 250 wkly comp. 1st wk?s free question follows, subsequent wks charged@150p/msg.2 unsubscribe txt STOP 2 84128,custcare 08712405020",spam_or_unspecified,en,UCI SMS Spam Collection,downloaded_public_dataset
uci_sms_05344,safe,No go. No openings for that room 'til after thanksgiving without an upcharge.,safe_personal,en,UCI SMS Spam Collection,downloaded_public_dataset
uci_sms_05345,safe,When you guys planning on coming over?,safe_personal,en,UCI SMS Spam Collection,downloaded_public_dataset
uci_sms_05346,safe,Wat ü doing now?,safe_personal,en,UCI SMS Spam Collection,downloaded_public_dataset
uci_sms_05348,safe,No sir. That's why i had an 8-hr trip on the bus last week. Have another audition next wednesday but i think i might drive this time.,safe_personal,en,UCI SMS Spam Collection,downloaded_public_dataset
uci_sms_05349,safe,Do I? I thought I put it back in the box,safe_personal,en,UCI SMS Spam Collection,downloaded_public_dataset
uci_sms_05350,safe,I'm home...,safe_personal,en,UCI SMS Spam Collection,downloaded_public_dataset
uci_sms_05351,safe,No one interested. May be some business plan.,safe_personal,en,UCI SMS Spam Collection,downloaded_public_dataset
uci_sms_05352,safe,Yup it's at paragon... I havent decided whether 2 cut yet... Hee...,safe_personal,en,UCI SMS Spam Collection,downloaded_public_dataset
uci_sms_05353,safe,Good morning princess! Have a great day!,safe_personal,en,UCI SMS Spam Collection,downloaded_public_dataset
uci_sms_05354,safe,Guai... Ü shd haf seen him when he's naughty... Ü so free today? Can go jogging...,safe_personal,en,UCI SMS Spam Collection,downloaded_public_dataset
uci_sms_05355,safe,Aiyo cos i sms ü then ü neva reply so i wait 4 ü to reply lar. I tot ü havent finish ur lab wat.,safe_personal,en,UCI SMS Spam Collection,downloaded_public_dataset
uci_sms_05356,safe,"Living is very simple.. Loving is also simple.. Laughing is too simple.. Winning is tooo simple.. But, Being 'SIMPLE' is very difficult...;-) :-)",safe_personal,en,UCI SMS Spam Collection,downloaded_public_dataset
uci_sms_05357,safe,Tell me something. Thats okay.,safe_personal,en,UCI SMS Spam Collection,downloaded_public_dataset
uci_sms_05359,safe,Hmm. Shall i bring a bottle of wine to keep us amused? Just joking! I'll still bring a bottle. Red or white? See you tomorrow,safe_personal,en,UCI SMS Spam Collection,downloaded_public_dataset
uci_sms_05360,safe,This is ur face test ( 1 2 3 4 5 6 7 8 9 &lt;#&gt; ) select any number i will tell ur face astrology.... am waiting. quick reply...,safe_personal,en,UCI SMS Spam Collection,downloaded_public_dataset
uci_sms_05361,safe,"Hey, iouri gave me your number, I'm wylie, ryan's friend",safe_personal,en,UCI SMS Spam Collection,downloaded_public_dataset
uci_sms_05362,safe,Yep get with the program. You're slacking.,safe_personal,en,UCI SMS Spam Collection,downloaded_public_dataset
uci_sms_05363,safe,I'm in inside office..still filling forms.don know when they leave me.,safe_personal,en,UCI SMS Spam Collection,downloaded_public_dataset
uci_sms_05364,safe,"I think your mentor is , but not 100 percent sure.",safe_personal,en,UCI SMS Spam Collection,downloaded_public_dataset
uci_sms_05365,scam,Call 09095350301 and send our girls into erotic ecstacy. Just 60p/min. To stop texts call 08712460324 (nat rate),spam_or_unspecified,en,UCI SMS Spam Collection,downloaded_public_dataset
uci_sms_05368,safe,Just trying to figure out when I'm suppose to see a couple different people this week. We said we'd get together but I didn't set dates,safe_personal,en,UCI SMS Spam Collection,downloaded_public_dataset
uci_sms_05369,scam,IMPORTANT MESSAGE. This is a final contact attempt. You have important messages waiting out our customer claims dept. Expires 13/4/04. Call 08717507382 NOW!,spam_or_unspecified,en,UCI SMS Spam Collection,downloaded_public_dataset
uci_sms_05370,safe,Hi mom we might be back later than &lt;#&gt;,safe_personal,en,UCI SMS Spam Collection,downloaded_public_dataset
uci_sms_05371,scam,dating:i have had two of these. Only started after i sent a text to talk sport radio last week. Any connection do you think or coincidence?,spam_or_unspecified,en,UCI SMS Spam Collection,downloaded_public_dataset
uci_sms_05372,safe,"Lol, oh you got a friend for the dog ?",safe_personal,en,UCI SMS Spam Collection,downloaded_public_dataset
uci_sms_05373,safe,"Ok., is any problem to u frm him? Wats matter?",safe_personal,en,UCI SMS Spam Collection,downloaded_public_dataset
uci_sms_05374,safe,"K I'll head out in a few mins, see you there",safe_personal,en,UCI SMS Spam Collection,downloaded_public_dataset
uci_sms_05377,safe,I don't want you to leave. But i'm barely doing what i can to stay sane. fighting with you constantly isn't helping.,safe_personal,en,UCI SMS Spam Collection,downloaded_public_dataset
uci_sms_05378,scam,The current leading bid is 151. To pause this auction send OUT. Customer Care: 08718726270,spam_or_unspecified,en,UCI SMS Spam Collection,downloaded_public_dataset
uci_sms_05379,scam,"Free entry to the gr8prizes wkly comp 4 a chance to win the latest Nokia 8800, PSP or £250 cash every wk.TXT GREAT to 80878 http//www.gr8prizes.com 08715705022",spam_or_unspecified,en,UCI SMS Spam Collection,downloaded_public_dataset
uci_sms_05380,safe,Somebody set up a website where you can play hold em using eve online spacebucks,safe_personal,en,UCI SMS Spam Collection,downloaded_public_dataset
uci_sms_05381,safe,Its sunny in california. The weather's just cool,safe_personal,en,UCI SMS Spam Collection,downloaded_public_dataset
uci_sms_05382,scam,You have 1 new message. Call 0207-083-6089,spam_or_unspecified,en,UCI SMS Spam Collection,downloaded_public_dataset
uci_sms_05383,safe,"I can make it up there, squeezed &lt;#&gt; bucks out of my dad",safe_personal,en,UCI SMS Spam Collection,downloaded_public_dataset
uci_sms_05384,safe,Good day to You too.Pray for me.Remove the teeth as its painful maintaining other stuff.,safe_personal,en,UCI SMS Spam Collection,downloaded_public_dataset
uci_sms_05385,safe,How are you babes. Hope your doing ok. I had a shit nights sleep. I fell asleep at 5.Im knackered and im dreading work tonight. What are thou upto tonight. X,safe_personal,en,UCI SMS Spam Collection,downloaded_public_dataset
uci_sms_05386,safe,How do friends help us in problems? They give the most stupid suggestion that Lands us into another problem and helps us forgt the previous problem,safe_personal,en,UCI SMS Spam Collection,downloaded_public_dataset
uci_sms_05388,safe,I will be gentle baby! Soon you will be taking all &lt;#&gt; inches deep inside your tight pussy...,safe_personal,en,UCI SMS Spam Collection,downloaded_public_dataset
uci_sms_05389,safe,NOT MUCH NO FIGHTS. IT WAS A GOOD NITE!!,safe_personal,en,UCI SMS Spam Collection,downloaded_public_dataset
uci_sms_05391,safe,Nt joking seriously i told,safe_personal,en,UCI SMS Spam Collection,downloaded_public_dataset
uci_sms_05392,safe,Watching ajith film ah?,safe_personal,en,UCI SMS Spam Collection,downloaded_public_dataset
uci_sms_05393,safe,Ooooooh I forgot to tell u I can get on yoville on my phone,safe_personal,en,UCI SMS Spam Collection,downloaded_public_dataset
uci_sms_05394,safe,"All done, all handed in. Don't know if mega shop in asda counts as celebration but thats what i'm doing!",safe_personal,en,UCI SMS Spam Collection,downloaded_public_dataset
uci_sms_05395,safe,I dont know exactly could you ask chechi.,safe_personal,en,UCI SMS Spam Collection,downloaded_public_dataset
uci_sms_05396,safe,Dunno lei shd b driving lor cos i go sch 1 hr oni.,safe_personal,en,UCI SMS Spam Collection,downloaded_public_dataset
uci_sms_05397,safe,As in i want custom officer discount oh.,safe_personal,en,UCI SMS Spam Collection,downloaded_public_dataset
uci_sms_05398,safe,That's necessarily respectful,safe_personal,en,UCI SMS Spam Collection,downloaded_public_dataset
uci_sms_05399,safe,Hi. Hope you had a good day. Have a better night.,safe_personal,en,UCI SMS Spam Collection,downloaded_public_dataset
uci_sms_05400,safe,And he's apparently bffs with carly quick now,safe_personal,en,UCI SMS Spam Collection,downloaded_public_dataset
uci_sms_05401,safe,HARD BUT TRUE: How much you show &amp; express your love to someone....that much it will hurt when they leave you or you get seperated...!鈥┾??〨ud evening...,safe_personal,en,UCI SMS Spam Collection,downloaded_public_dataset
uci_sms_05402,safe,Babes I think I got ur brolly I left it in English wil bring it in 2mrw 4 u luv Franxx,safe_personal,en,UCI SMS Spam Collection,downloaded_public_dataset
uci_sms_05403,safe,Hi babe its me thanks for coming even though it didnt go that well!i just wanted my bed! Hope to see you soon love and kisses xxx,safe_personal,en,UCI SMS Spam Collection,downloaded_public_dataset
uci_sms_05404,safe,So gd got free ice cream... I oso wan...,safe_personal,en,UCI SMS Spam Collection,downloaded_public_dataset
uci_sms_05405,safe,Pls give her prometazine syrup. 5mls then &lt;#&gt; mins later feed.,safe_personal,en,UCI SMS Spam Collection,downloaded_public_dataset
uci_sms_05406,safe,So how many days since then?,safe_personal,en,UCI SMS Spam Collection,downloaded_public_dataset
uci_sms_05407,safe,Dear are you angry i was busy dear,safe_personal,en,UCI SMS Spam Collection,downloaded_public_dataset
uci_sms_05408,safe,Yup he msg me: is tat yijue? Then i tot it's my group mate cos we meeting today mah... I'm askin if ü leaving earlier or wat mah cos mayb ü haf to walk v far...,safe_personal,en,UCI SMS Spam Collection,downloaded_public_dataset
uci_sms_05409,safe,... Are you in the pub?,safe_personal,en,UCI SMS Spam Collection,downloaded_public_dataset
uci_sms_05410,safe,There is a first time for everything :),safe_personal,en,UCI SMS Spam Collection,downloaded_public_dataset
uci_sms_05411,safe,"Daddy, shu shu is looking 4 u... U wan me 2 tell him u're not in singapore or wat?",safe_personal,en,UCI SMS Spam Collection,downloaded_public_dataset
uci_sms_05412,safe,I ask if u meeting da ge tmr nite...,safe_personal,en,UCI SMS Spam Collection,downloaded_public_dataset
uci_sms_05413,safe,Gr8. So how do you handle the victoria island traffic. Plus when's the album due,safe_personal,en,UCI SMS Spam Collection,downloaded_public_dataset
uci_sms_05414,safe,Nite nite pocay wocay luv u more than n e thing 4eva I promise ring u 2morrowxxxx,safe_personal,en,UCI SMS Spam Collection,downloaded_public_dataset
uci_sms_05415,safe,East coast,safe_personal,en,UCI SMS Spam Collection,downloaded_public_dataset
uci_sms_05416,safe,You should get more chicken broth if you want ramen unless there's some I don't know about,safe_personal,en,UCI SMS Spam Collection,downloaded_public_dataset
uci_sms_05417,safe,My slave! I want you to take 2 or 3 pictures of yourself today in bright light on your cell phone! Bright light!,safe_personal,en,UCI SMS Spam Collection,downloaded_public_dataset
uci_sms_05418,safe,Nope. I just forgot. Will show next week,safe_personal,en,UCI SMS Spam Collection,downloaded_public_dataset
uci_sms_05419,safe,So how are you really. What are you up to. How's the masters. And so on.,safe_personal,en,UCI SMS Spam Collection,downloaded_public_dataset
uci_sms_05420,safe,I'm at bruce &amp; fowler now but I'm in my mom's car so I can't park (long story),safe_personal,en,UCI SMS Spam Collection,downloaded_public_dataset
uci_sms_05421,safe,I dont know oh. Hopefully this month.,safe_personal,en,UCI SMS Spam Collection,downloaded_public_dataset
uci_sms_05422,safe,"Hi elaine, is today's meeting confirmed?",safe_personal,en,UCI SMS Spam Collection,downloaded_public_dataset
uci_sms_05423,safe,Ok k..sry i knw 2 siva..tats y i askd..,safe_personal,en,UCI SMS Spam Collection,downloaded_public_dataset
uci_sms_05425,safe,U horrible gal... U knew dat i was going out wif him yest n u still come n ask me...,safe_personal,en,UCI SMS Spam Collection,downloaded_public_dataset
uci_sms_05427,safe,Oh yeah! And my diet just flew out the window,safe_personal,en,UCI SMS Spam Collection,downloaded_public_dataset
uci_sms_05428,scam,Santa Calling! Would your little ones like a call from Santa Xmas eve? Call 09058094583 to book your time.,spam_or_unspecified,en,UCI SMS Spam Collection,downloaded_public_dataset
uci_sms_05429,safe,You didnt complete your gist oh.,safe_personal,en,UCI SMS Spam Collection,downloaded_public_dataset
uci_sms_05430,safe,"Er yeah, i will b there at 15:26, sorry! Just tell me which pub/cafe to sit in and come wen u can",safe_personal,en,UCI SMS Spam Collection,downloaded_public_dataset
uci_sms_05431,safe,"If you can make it any time tonight or whenever you can it's cool, just text me whenever you're around",safe_personal,en,UCI SMS Spam Collection,downloaded_public_dataset
uci_sms_05432,safe,If I was I wasn't paying attention,safe_personal,en,UCI SMS Spam Collection,downloaded_public_dataset
uci_sms_05433,safe,Thanx a lot 4 ur help!,safe_personal,en,UCI SMS Spam Collection,downloaded_public_dataset
uci_sms_05434,safe,You're gonna have to be way more specific than that,safe_personal,en,UCI SMS Spam Collection,downloaded_public_dataset
uci_sms_05435,safe,Jesus armand really is trying to tell everybody he can find,safe_personal,en,UCI SMS Spam Collection,downloaded_public_dataset
uci_sms_05436,safe,I'm wif him now buying tix lar...,safe_personal,en,UCI SMS Spam Collection,downloaded_public_dataset
uci_sms_05437,safe,Mode men or have you left.,safe_personal,en,UCI SMS Spam Collection,downloaded_public_dataset
uci_sms_05438,safe,Am slow in using biola's fne,safe_personal,en,UCI SMS Spam Collection,downloaded_public_dataset
uci_sms_05439,safe,What are youdoing later? Sar xxx,safe_personal,en,UCI SMS Spam Collection,downloaded_public_dataset
uci_sms_05440,safe,Hey i've booked the 2 lessons on sun liao...,safe_personal,en,UCI SMS Spam Collection,downloaded_public_dataset
uci_sms_05441,safe,Thank you. do you generally date the brothas?,safe_personal,en,UCI SMS Spam Collection,downloaded_public_dataset
uci_sms_05442,safe,"By the way, make sure u get train to worc foregate street not shrub hill. Have fun night x",safe_personal,en,UCI SMS Spam Collection,downloaded_public_dataset
uci_sms_05443,safe,"I thought i'd get him a watch, just cos thats the kind of thing u get4an18th. And he loves so much!",safe_personal,en,UCI SMS Spam Collection,downloaded_public_dataset
uci_sms_05444,scam,You have won a guaranteed 32000 award or maybe even £1000 cash to claim ur award call free on 0800 ..... (18+). Its a legitimat efreefone number wat do u think???,spam_or_unspecified,en,UCI SMS Spam Collection,downloaded_public_dataset
uci_sms_05445,safe,Good morning. At the repair shop--the ONLY reason i'm up at this hour.,safe_personal,en,UCI SMS Spam Collection,downloaded_public_dataset
uci_sms_05446,safe,"And that's fine, I got enough bud to last most of the night at least",safe_personal,en,UCI SMS Spam Collection,downloaded_public_dataset
uci_sms_05447,safe,I am back. Good journey! Let me know if you need any of the receipts. Shall i tell you like the pendent?,safe_personal,en,UCI SMS Spam Collection,downloaded_public_dataset
uci_sms_05448,safe,So that takes away some money worries,safe_personal,en,UCI SMS Spam Collection,downloaded_public_dataset
uci_sms_05449,safe,"aight we can pick some up, you open before tonight?",safe_personal,en,UCI SMS Spam Collection,downloaded_public_dataset
uci_sms_05450,scam,"Latest News! Police station toilet stolen, cops have nothing to go on!",spam_or_unspecified,en,UCI SMS Spam Collection,downloaded_public_dataset
uci_sms_05451,safe,Sac needs to carry on:),safe_personal,en,UCI SMS Spam Collection,downloaded_public_dataset
uci_sms_05452,safe,Just sing HU. I think its also important to find someone female that know the place well preferably a citizen that is also smart to help you navigate through. Even things like choosing a phone plan require guidance. When in doubt ask especially girls.,safe_personal,en,UCI SMS Spam Collection,downloaded_public_dataset
uci_sms_05453,safe,What???? Hello wats talks email address?,safe_personal,en,UCI SMS Spam Collection,downloaded_public_dataset
uci_sms_05454,safe,Except theres a chick with huge boobs.,safe_personal,en,UCI SMS Spam Collection,downloaded_public_dataset
uci_sms_05455,safe,Im just wondering what your doing right now?,safe_personal,en,UCI SMS Spam Collection,downloaded_public_dataset
uci_sms_05456,safe,Wishing you a beautiful day. Each moment revealing even more things to keep you smiling. Do enjoy it.,safe_personal,en,UCI SMS Spam Collection,downloaded_public_dataset
uci_sms_05457,scam,For the most sparkling shopping breaks from 45 per person; call 0121 2025050 or visit www.shortbreaks.org.uk,spam_or_unspecified,en,UCI SMS Spam Collection,downloaded_public_dataset
uci_sms_05460,safe,If you hear a loud scream in about &lt;#&gt; minutes its cause my Gyno will be shoving things up me that don't belong :/,safe_personal,en,UCI SMS Spam Collection,downloaded_public_dataset
uci_sms_05462,safe,Ok i thk i got it. Then u wan me 2 come now or wat?,safe_personal,en,UCI SMS Spam Collection,downloaded_public_dataset
uci_sms_05463,scam,Txt: CALL to No: 86888 & claim your reward of 3 hours talk time to use from your phone now! Subscribe6GBP/mnth inc 3hrs 16 stop?txtStop www.gamb.tv,spam_or_unspecified,en,UCI SMS Spam Collection,downloaded_public_dataset
uci_sms_05464,safe,U GOIN OUT 2NITE?,safe_personal,en,UCI SMS Spam Collection,downloaded_public_dataset
uci_sms_05465,safe,I will treasure every moment we spend together...,safe_personal,en,UCI SMS Spam Collection,downloaded_public_dataset
uci_sms_05466,safe,Shall I bring us a bottle of wine to keep us amused? Only joking! I‘ll bring one anyway,safe_personal,en,UCI SMS Spam Collection,downloaded_public_dataset
uci_sms_05467,scam,http//tms. widelive.com/index. wml?id=820554ad0a1705572711&first=true¡C C Ringtone¡,spam_or_unspecified,en,UCI SMS Spam Collection,downloaded_public_dataset
uci_sms_05469,scam,"URGENT! Last weekend's draw shows that you have won £1000 cash or a Spanish holiday! CALL NOW 09050000332 to claim. T&C: RSTM, SW7 3SS. 150ppm",spam_or_unspecified,en,UCI SMS Spam Collection,downloaded_public_dataset
uci_sms_05471,safe,I thought slide is enough.,safe_personal,en,UCI SMS Spam Collection,downloaded_public_dataset
uci_sms_05473,safe,Well obviously not because all the people in my cool college life went home ;_;,safe_personal,en,UCI SMS Spam Collection,downloaded_public_dataset
uci_sms_05474,safe,Ok lor ü reaching then message me.,safe_personal,en,UCI SMS Spam Collection,downloaded_public_dataset
uci_sms_05475,safe,Where's mummy's boy ? Is he being good or bad ? Is he being positive or negative ? Why is mummy being made to wait? Hmmmm?,safe_personal,en,UCI SMS Spam Collection,downloaded_public_dataset
uci_sms_05476,safe,Dhoni have luck to win some big title.so we will win:),safe_personal,en,UCI SMS Spam Collection,downloaded_public_dataset
uci_sms_05477,safe,Yes princess! I want to please you every night. Your wish is my command...,safe_personal,en,UCI SMS Spam Collection,downloaded_public_dataset
uci_sms_05479,safe,No probably &lt;#&gt; %.,safe_personal,en,UCI SMS Spam Collection,downloaded_public_dataset
uci_sms_05480,safe,Really do hope the work doesnt get stressful. Have a gr8 day.,safe_personal,en,UCI SMS Spam Collection,downloaded_public_dataset
uci_sms_05481,safe,Have you seen who's back at Holby?!,safe_personal,en,UCI SMS Spam Collection,downloaded_public_dataset
uci_sms_05482,safe,Shall call now dear having food,safe_personal,en,UCI SMS Spam Collection,downloaded_public_dataset
uci_sms_05483,scam,URGENT We are trying to contact you Last weekends draw shows u have won a £1000 prize GUARANTEED Call 09064017295 Claim code K52 Valid 12hrs 150p pm,spam_or_unspecified,en,UCI SMS Spam Collection,downloaded_public_dataset
uci_sms_05484,safe,So li hai... Me bored now da lecturer repeating last weeks stuff waste time...,safe_personal,en,UCI SMS Spam Collection,downloaded_public_dataset
uci_sms_05485,safe,", , and picking them up from various points | going 2 yeovil | and they will do the motor project 4 3 hours | and then u take them home. || 12 2 5.30 max. || Very easy",safe_personal,en,UCI SMS Spam Collection,downloaded_public_dataset
uci_sms_05486,safe,Also fuck you and your family for going to rhode island or wherever the fuck and leaving me all alone the week I have a new bong &gt;:(,safe_personal,en,UCI SMS Spam Collection,downloaded_public_dataset
uci_sms_05487,safe,Ofcourse I also upload some songs,safe_personal,en,UCI SMS Spam Collection,downloaded_public_dataset
uci_sms_05488,scam,2p per min to call Germany 08448350055 from your BT line. Just 2p per min. Check PlanetTalkInstant.com for info & T's & C's. Text stop to opt out,spam_or_unspecified,en,UCI SMS Spam Collection,downloaded_public_dataset
uci_sms_05490,safe,Oh thanks a lot..i already bought 2 eggs ..,safe_personal,en,UCI SMS Spam Collection,downloaded_public_dataset
uci_sms_05492,safe,U studying in sch or going home? Anyway i'll b going 2 sch later.,safe_personal,en,UCI SMS Spam Collection,downloaded_public_dataset
uci_sms_05493,scam,Marvel Mobile Play the official Ultimate Spider-man game (£4.50) on ur mobile right now. Text SPIDER to 83338 for the game & we ll send u a FREE 8Ball wallpaper,spam_or_unspecified,en,UCI SMS Spam Collection,downloaded_public_dataset
uci_sms_05494,safe,I think if he rule tamilnadu..then its very tough for our people.,safe_personal,en,UCI SMS Spam Collection,downloaded_public_dataset
uci_sms_05495,safe,"Cool, we shall go and see, have to go to tip anyway. Are you at home, got something to drop in later? So lets go to town tonight! Maybe mum can take us in.",safe_personal,en,UCI SMS Spam Collection,downloaded_public_dataset
uci_sms_05496,safe,"Good afternoon, my love ... How goes your day ? How did you sleep ? I hope your well, my boytoy ... I think of you ...",safe_personal,en,UCI SMS Spam Collection,downloaded_public_dataset
uci_sms_05497,safe,Yes... I trust u to buy new stuff ASAP so I can try it out,safe_personal,en,UCI SMS Spam Collection,downloaded_public_dataset
uci_sms_05499,safe,Why did I wake up on my own &gt;:(,safe_personal,en,UCI SMS Spam Collection,downloaded_public_dataset
uci_sms_05500,safe,Now get step 2 outta the way. Congrats again.,safe_personal,en,UCI SMS Spam Collection,downloaded_public_dataset
uci_sms_05501,safe,Love has one law; Make happy the person you love. In the same way friendship has one law; Never make ur friend feel alone until you are alive.... Gud night,safe_personal,en,UCI SMS Spam Collection,downloaded_public_dataset
uci_sms_05502,scam,PRIVATE! Your 2003 Account Statement for 07808247860 shows 800 un-redeemed S. I. M. points. Call 08719899229 Identifier Code: 40411 Expires 06/11/04,spam_or_unspecified,en,UCI SMS Spam Collection,downloaded_public_dataset
uci_sms_05503,safe,Apo all other are mokka players only,safe_personal,en,UCI SMS Spam Collection,downloaded_public_dataset
uci_sms_05504,safe,"Perhaps * is much easy give your account identification, so i will tomorrow at UNI",safe_personal,en,UCI SMS Spam Collection,downloaded_public_dataset
uci_sms_05505,safe,Wait . I will msg after &lt;#&gt; min.,safe_personal,en,UCI SMS Spam Collection,downloaded_public_dataset
uci_sms_05506,safe,What i told before i tell. Stupid hear after i wont tell anything to you. You dad called to my brother and spoken. Not with me.,safe_personal,en,UCI SMS Spam Collection,downloaded_public_dataset
uci_sms_05507,safe,God's love has no limit. God's grace has no measure. God's power has no boundaries. May u have God's endless blessings always in ur life...!! Gud ni8,safe_personal,en,UCI SMS Spam Collection,downloaded_public_dataset
uci_sms_05508,safe,I want to be inside you every night...,safe_personal,en,UCI SMS Spam Collection,downloaded_public_dataset
uci_sms_05509,safe,"Machan you go to gym tomorrow, i wil come late goodnight.",safe_personal,en,UCI SMS Spam Collection,downloaded_public_dataset
uci_sms_05510,safe,Lol they were mad at first but then they woke up and gave in.,safe_personal,en,UCI SMS Spam Collection,downloaded_public_dataset
uci_sms_05512,safe,"It‘s reassuring, in this crazy world.",safe_personal,en,UCI SMS Spam Collection,downloaded_public_dataset
uci_sms_05513,safe,"Just making dinner, you ?",safe_personal,en,UCI SMS Spam Collection,downloaded_public_dataset
uci_sms_05514,safe,Yes. Please leave at &lt;#&gt; . So that at &lt;#&gt; we can leave,safe_personal,en,UCI SMS Spam Collection,downloaded_public_dataset
uci_sms_05515,safe,Oh... Okie lor...We go on sat...,safe_personal,en,UCI SMS Spam Collection,downloaded_public_dataset
uci_sms_05516,safe,You are a great role model. You are giving so much and i really wish each day for a miracle but God as a reason for everything and i must say i wish i knew why but i dont. I've looked up to you since i was young and i still do. Have a great day.,safe_personal,en,UCI SMS Spam Collection,downloaded_public_dataset
uci_sms_05517,safe,"Ya, i'm referin to mei's ex wat... No ah, waitin 4 u to treat, somebody shld b rich liao...So gd, den u dun have to work frm tmr onwards...",safe_personal,en,UCI SMS Spam Collection,downloaded_public_dataset
uci_sms_05518,safe,Miles and smiles r made frm same letters but do u know d difference..? smile on ur face keeps me happy even though I am miles away from u.. :-)keep smiling.. Good nyt,safe_personal,en,UCI SMS Spam Collection,downloaded_public_dataset
uci_sms_05519,safe,"By the way, i've put a skip right outside the front of the house so you can see which house it is. Just pull up before it.",safe_personal,en,UCI SMS Spam Collection,downloaded_public_dataset
uci_sms_05520,safe,Can you pls send me that company name. In saibaba colany,safe_personal,en,UCI SMS Spam Collection,downloaded_public_dataset
uci_sms_05521,safe,No. I dont want to hear anything,safe_personal,en,UCI SMS Spam Collection,downloaded_public_dataset
uci_sms_05522,safe,You are a big chic. Common. Declare,safe_personal,en,UCI SMS Spam Collection,downloaded_public_dataset
uci_sms_05523,safe,Thats cool. I want to please you...,safe_personal,en,UCI SMS Spam Collection,downloaded_public_dataset
uci_sms_05524,safe,Going to join tomorrow.,safe_personal,en,UCI SMS Spam Collection,downloaded_public_dataset
uci_sms_05526,safe,I want to tell you how bad I feel that basically the only times I text you lately are when I need drugs,safe_personal,en,UCI SMS Spam Collection,downloaded_public_dataset
uci_sms_05527,scam,PRIVATE! Your 2003 Account Statement for shows 800 un-redeemed S.I.M. points. Call 08718738001 Identifier Code: 49557 Expires 26/11/04,spam_or_unspecified,en,UCI SMS Spam Collection,downloaded_public_dataset
uci_sms_05528,safe,"Total disappointment, when I texted you was the craziest shit got :(",safe_personal,en,UCI SMS Spam Collection,downloaded_public_dataset
uci_sms_05529,safe,Its just the effect of irritation. Just ignore it,safe_personal,en,UCI SMS Spam Collection,downloaded_public_dataset
uci_sms_05530,safe,What about this one then.,safe_personal,en,UCI SMS Spam Collection,downloaded_public_dataset
uci_sms_05531,safe,I think that tantrum's finished so yeah I'll be by at some point,safe_personal,en,UCI SMS Spam Collection,downloaded_public_dataset
uci_sms_05532,safe,Compliments to you. Was away from the system. How your side.,safe_personal,en,UCI SMS Spam Collection,downloaded_public_dataset
uci_sms_05533,safe,happened here while you were adventuring,safe_personal,en,UCI SMS Spam Collection,downloaded_public_dataset
uci_sms_05534,safe,"Hey chief, can you give me a bell when you get this. Need to talk to you about this royal visit on the 1st june.",safe_personal,en,UCI SMS Spam Collection,downloaded_public_dataset
uci_sms_05535,safe,Ok which your another number,safe_personal,en,UCI SMS Spam Collection,downloaded_public_dataset
uci_sms_05537,safe,Aiyah ok wat as long as got improve can already wat...,safe_personal,en,UCI SMS Spam Collection,downloaded_public_dataset
uci_sms_05538,scam,Want explicit SEX in 30 secs? Ring 02073162414 now! Costs 20p/min Gsex POBOX 2667 WC1N 3XX,spam_or_unspecified,en,UCI SMS Spam Collection,downloaded_public_dataset
uci_sms_05539,safe,I can't believe how attached I am to seeing you every day. I know you will do the best you can to get to me babe. I will go to teach my class at your midnight,safe_personal,en,UCI SMS Spam Collection,downloaded_public_dataset
uci_sms_05541,scam,ASKED 3MOBILE IF 0870 CHATLINES INCLU IN FREE MINS. INDIA CUST SERVs SED YES. L8ER GOT MEGA BILL. 3 DONT GIV A SHIT. BAILIFF DUE IN DAYS. I O £250 3 WANT £800,spam_or_unspecified,en,UCI SMS Spam Collection,downloaded_public_dataset
uci_sms_05542,safe,Yeah it's jus rite...,safe_personal,en,UCI SMS Spam Collection,downloaded_public_dataset
uci_sms_05543,safe,Armand says get your ass over to epsilon,safe_personal,en,UCI SMS Spam Collection,downloaded_public_dataset
uci_sms_05544,safe,U still havent got urself a jacket ah?,safe_personal,en,UCI SMS Spam Collection,downloaded_public_dataset
uci_sms_05545,safe,"I'm taking derek &amp; taylor to walmart, if I'm not back by the time you're done just leave the mouse on my desk and I'll text you when priscilla's ready",safe_personal,en,UCI SMS Spam Collection,downloaded_public_dataset
uci_sms_05546,safe,Hi its in durban are you still on this number,safe_personal,en,UCI SMS Spam Collection,downloaded_public_dataset
uci_sms_05547,safe,Ic. There are a lotta childporn cars then.,safe_personal,en,UCI SMS Spam Collection,downloaded_public_dataset
uci_sms_05548,scam,"Had your contract mobile 11 Mnths? Latest Motorola, Nokia etc. all FREE! Double Mins & Text on Orange tariffs. TEXT YES for callback, no to remove from records.",spam_or_unspecified,en,UCI SMS Spam Collection,downloaded_public_dataset
uci_sms_05549,safe,"No, I was trying it all weekend ;V",safe_personal,en,UCI SMS Spam Collection,downloaded_public_dataset
uci_sms_05550,safe,"You know, wot people wear. T shirts, jumpers, hat, belt, is all we know. We r at Cribbs",safe_personal,en,UCI SMS Spam Collection,downloaded_public_dataset
uci_sms_05551,safe,"Cool, what time you think you can get here?",safe_personal,en,UCI SMS Spam Collection,downloaded_public_dataset
uci_sms_05552,safe,Wen did you get so spiritual and deep. That's great,safe_personal,en,UCI SMS Spam Collection,downloaded_public_dataset
uci_sms_05553,safe,Have a safe trip to Nigeria. Wish you happiness and very soon company to share moments with,safe_personal,en,UCI SMS Spam Collection,downloaded_public_dataset
uci_sms_05555,safe,Well keep in mind I've only got enough gas for one more round trip barring a sudden influx of cash,safe_personal,en,UCI SMS Spam Collection,downloaded_public_dataset
uci_sms_05556,safe,Yeh. Indians was nice. Tho it did kane me off a bit he he. We shud go out 4 a drink sometime soon. Mite hav 2 go 2 da works 4 a laugh soon. Love Pete x x,safe_personal,en,UCI SMS Spam Collection,downloaded_public_dataset
uci_sms_05557,safe,Yes i have. So that's why u texted. Pshew...missing you so much,safe_personal,en,UCI SMS Spam Collection,downloaded_public_dataset
uci_sms_05558,safe,No. I meant the calculation is the same. That &lt;#&gt; units at &lt;#&gt; . This school is really expensive. Have you started practicing your accent. Because its important. And have you decided if you are doing 4years of dental school or if you'll just do the nmde exam.,safe_personal,en,UCI SMS Spam Collection,downloaded_public_dataset
uci_sms_05560,safe,if you aren't here in the next &lt;#&gt; hours imma flip my shit,safe_personal,en,UCI SMS Spam Collection,downloaded_public_dataset
uci_sms_05561,safe,Anything lor. Juz both of us lor.,safe_personal,en,UCI SMS Spam Collection,downloaded_public_dataset
uci_sms_05562,safe,Get me out of this dump heap. My mom decided to come to lowes. BORING.,safe_personal,en,UCI SMS Spam Collection,downloaded_public_dataset
uci_sms_05563,safe,Ok lor... Sony ericsson salesman... I ask shuhui then she say quite gd 2 use so i considering...,safe_personal,en,UCI SMS Spam Collection,downloaded_public_dataset
uci_sms_05564,safe,Ard 6 like dat lor.,safe_personal,en,UCI SMS Spam Collection,downloaded_public_dataset
uci_sms_05565,safe,Why don't you wait 'til at least wednesday to see if you get your .,safe_personal,en,UCI SMS Spam Collection,downloaded_public_dataset
uci_sms_05566,safe,Huh y lei...,safe_personal,en,UCI SMS Spam Collection,downloaded_public_dataset
uci_sms_05567,scam,"REMINDER FROM O2: To get 2.50 pounds free call credit and details of great offers pls reply 2 this text with your valid name, house no and postcode",spam_or_unspecified,en,UCI SMS Spam Collection,downloaded_public_dataset
uci_sms_05568,scam,"This is the 2nd time we have tried 2 contact u. U have won the £750 Pound prize. 2 claim is easy, call 087187272008 NOW1! Only 10p per minute. BT-national-rate.",spam_or_unspecified,en,UCI SMS Spam Collection,downloaded_public_dataset
uci_sms_05569,safe,Will ü b going to esplanade fr home?,safe_personal,en,UCI SMS Spam Collection,downloaded_public_dataset
uci_sms_05570,safe,"Pity, * was in mood for that. So...any other suggestions?",safe_personal,en,UCI SMS Spam Collection,downloaded_public_dataset
uci_sms_05571,safe,The guy did some bitching but I acted like i'd be interested in buying something else next week and he gave it to us for free,safe_personal,en,UCI SMS Spam Collection,downloaded_public_dataset
uci_sms_05572,safe,Rofl. Its true to its name,safe_personal,en,UCI SMS Spam Collection,downloaded_public_dataset
public_pattern_scam_0001,scam,Your parcel cannot be delivered because a small customs fee is unpaid. Pay here: http://parcel-help.example,Delivery fee scam,en,Public report pattern synthesis,paraphrased_from_public_warning_categories
public_pattern_scam_0002,scam,Package delivery failed due to incomplete address. Update your card and address at delivery-track.example,Delivery fee scam,en,Public report pattern synthesis,paraphrased_from_public_warning_categories
public_pattern_scam_0003,scam,Final notice: unpaid road toll balance. Pay immediately to avoid penalty: http://toll-pay.example,Toll / traffic fee scam,en,Public report pattern synthesis,paraphrased_from_public_warning_categories
public_pattern_scam_0004,scam,You have an outstanding parking violation. Submit payment today or additional fees apply.,Toll / traffic fee scam,en,Public report pattern synthesis,paraphrased_from_public_warning_categories
public_pattern_scam_0005,scam,Security alert: your bank account is locked. Verify your login and OTP now.,Fake bank support,en,Public report pattern synthesis,paraphrased_from_public_warning_categories
public_pattern_scam_0006,scam,Bank support detected unusual activity. Reply with your account number to restore access.,Fake bank support,en,Public report pattern synthesis,paraphrased_from_public_warning_categories
public_pattern_scam_0007,scam,Your phone reward points expire today. Login with your account password to claim your gift.,Phone provider scam,en,Public report pattern synthesis,paraphrased_from_public_warning_categories
public_pattern_scam_0008,scam,We need to confirm your mobile account. Send the code we just sent you.,Phone provider scam,en,Public report pattern synthesis,paraphrased_from_public_warning_categories
public_pattern_scam_0009,scam,Work from home and earn $300 per day. Pay the registration fee to start your first task.,Job scam,en,Public report pattern synthesis,paraphrased_from_public_warning_categories
public_pattern_scam_0010,scam,"Congratulations, you are selected for an online job. Deposit money to unlock higher salary tasks.",Job scam,en,Public report pattern synthesis,paraphrased_from_public_warning_categories
public_pattern_scam_0011,scam,You won a cash reward. Provide your bank details to receive payment today.,Prize or reward scam,en,Public report pattern synthesis,paraphrased_from_public_warning_categories
public_pattern_scam_0012,scam,Congratulations! Claim your bonus by entering your card number and CVV.,Prize or reward scam,en,Public report pattern synthesis,paraphrased_from_public_warning_categories
public_pattern_scam_0013,scam,Your loan is approved instantly. Pay the processing fee before release.,Loan scam,en,Public report pattern synthesis,paraphrased_from_public_warning_categories
public_pattern_scam_0014,scam,Fast cash loan available with no checks. Send ID and bank account number now.,Loan scam,en,Public report pattern synthesis,paraphrased_from_public_warning_categories
public_pattern_scam_0015,scam,I trust you. Please send money urgently; I promise to pay you back tomorrow.,Romance or trust scam,en,Public report pattern synthesis,paraphrased_from_public_warning_categories
public_pattern_scam_0016,scam,Double your money in 24 hours. Transfer funds now to join the private investment group.,Investment scam,en,Public report pattern synthesis,paraphrased_from_public_warning_categories
public_pattern_scam_0017,scam,Your email account will expire today. Confirm password to keep access.,Account locked / urgent verification scam,en,Public report pattern synthesis,paraphrased_from_public_warning_categories
public_pattern_scam_0018,scam,Final warning: your wallet is suspended. Enter seed phrase to recover it.,Account locked / urgent verification scam,en,Public report pattern synthesis,paraphrased_from_public_warning_categories
khmer_manual_scam_0001,scam,សូមផ្ញើលេខសម្ងាត់គណនីរបស់អ្នកដើម្បីបញ្ជាក់,Password / OTP theft,km,Manual Khmer scam examples,manual_safety_dataset_authoring
khmer_manual_scam_0002,scam,សូមបញ្ចូលលេខគណនី និងពាក្យសម្ងាត់ ដើម្បីទទួលរង្វាន់,Password / OTP theft,km,Manual Khmer scam examples,manual_safety_dataset_authoring
khmer_manual_scam_0003,scam,គណនី ABA របស់អ្នកត្រូវបានចាក់សោ សូមផ្ញើ OTP ឥឡូវនេះ,Fake bank support,km,Manual Khmer scam examples,manual_safety_dataset_authoring
khmer_manual_scam_0004,scam,ធនាគារត្រូវការបញ្ជាក់ សូមផ្តល់លេខកូដ OTP និងលេខគណនី,Fake bank support,km,Manual Khmer scam examples,manual_safety_dataset_authoring
khmer_manual_scam_0005,scam,អ្នកឈ្នះរង្វាន់ធំ សូមផ្តល់លេខគណនីធនាគារដើម្បីទទួលប្រាក់,Prize or reward scam,km,Manual Khmer scam examples,manual_safety_dataset_authoring
khmer_manual_scam_0006,scam,បន្ទាន់ សូមបង់ថ្លៃដឹកជញ្ជូនតាមតំណនេះ,Delivery fee scam,km,Manual Khmer scam examples,manual_safety_dataset_authoring
khmer_manual_scam_0007,scam,កម្ចីរបស់អ្នកបានអនុម័ត សូមផ្ទេរប្រាក់ថ្លៃសេវាមុន,Loan scam,km,Manual Khmer scam examples,manual_safety_dataset_authoring
khmer_manual_scam_0008,scam,ការងារតាមអនឡាញ ប្រាក់ខែខ្ពស់ សូមបង់ថ្លៃចុះឈ្មោះ,Job scam,km,Manual Khmer scam examples,manual_safety_dataset_authoring
khmer_manual_scam_0009,scam,គណនីរបស់អ្នកនឹងបិទថ្ងៃនេះ សូមបញ្ចូលលេខសម្ងាត់,Account locked / urgent verification scam,km,Manual Khmer scam examples,manual_safety_dataset_authoring
khmer_manual_scam_0010,scam,សូមចុចតំណនេះដើម្បីទទួលប្រាក់រង្វាន់ឥឡូវនេះ,Unknown suspicious message,km,Manual Khmer scam examples,manual_safety_dataset_authoring
synthetic_scam_0001,scam,ABA notice: account locked. Please send your OTP now.,Synthetic scam,en,Synthetic realistic scam templates,controlled_template_generation
synthetic_scam_0002,scam,ABA notice: account locked. Please enter your password now.,Synthetic scam,en,Synthetic realistic scam templates,controlled_template_generation
synthetic_scam_0003,scam,ABA notice: account locked. Please provide your account number now.,Synthetic scam,en,Synthetic realistic scam templates,controlled_template_generation
synthetic_scam_0004,scam,ABA notice: account locked. Please confirm your card number now.,Synthetic scam,en,Synthetic realistic scam templates,controlled_template_generation
synthetic_scam_0005,scam,ABA notice: account locked. Please pay a small verification fee now.,Synthetic scam,en,Synthetic realistic scam templates,controlled_template_generation
synthetic_scam_0006,scam,ABA notice: reward pending. Please send your OTP now.,Synthetic scam,en,Synthetic realistic scam templates,controlled_template_generation
synthetic_scam_0007,scam,ABA notice: reward pending. Please enter your password now.,Synthetic scam,en,Synthetic realistic scam templates,controlled_template_generation
synthetic_scam_0008,scam,ABA notice: reward pending. Please provide your account number now.,Synthetic scam,en,Synthetic realistic scam templates,controlled_template_generation
synthetic_scam_0009,scam,ABA notice: reward pending. Please confirm your card number now.,Synthetic scam,en,Synthetic realistic scam templates,controlled_template_generation
synthetic_scam_0010,scam,ABA notice: reward pending. Please pay a small verification fee now.,Synthetic scam,en,Synthetic realistic scam templates,controlled_template_generation
synthetic_scam_0011,scam,ABA notice: delivery failed. Please send your OTP now.,Synthetic scam,en,Synthetic realistic scam templates,controlled_template_generation
synthetic_scam_0012,scam,ABA notice: delivery failed. Please enter your password now.,Synthetic scam,en,Synthetic realistic scam templates,controlled_template_generation
synthetic_scam_0013,scam,ABA notice: delivery failed. Please provide your account number now.,Synthetic scam,en,Synthetic realistic scam templates,controlled_template_generation
synthetic_scam_0014,scam,ABA notice: delivery failed. Please confirm your card number now.,Synthetic scam,en,Synthetic realistic scam templates,controlled_template_generation
synthetic_scam_0015,scam,ABA notice: delivery failed. Please pay a small verification fee now.,Synthetic scam,en,Synthetic realistic scam templates,controlled_template_generation
synthetic_scam_0016,scam,ABA notice: security update. Please send your OTP now.,Synthetic scam,en,Synthetic realistic scam templates,controlled_template_generation
synthetic_scam_0017,scam,ABA notice: security update. Please enter your password now.,Synthetic scam,en,Synthetic realistic scam templates,controlled_template_generation
synthetic_scam_0018,scam,ABA notice: security update. Please provide your account number now.,Synthetic scam,en,Synthetic realistic scam templates,controlled_template_generation
synthetic_scam_0019,scam,ABA notice: security update. Please confirm your card number now.,Synthetic scam,en,Synthetic realistic scam templates,controlled_template_generation
synthetic_scam_0020,scam,ABA notice: security update. Please pay a small verification fee now.,Synthetic scam,en,Synthetic realistic scam templates,controlled_template_generation
synthetic_scam_0021,scam,ABA notice: loan approved. Please send your OTP now.,Synthetic scam,en,Synthetic realistic scam templates,controlled_template_generation
synthetic_scam_0022,scam,ABA notice: loan approved. Please enter your password now.,Synthetic scam,en,Synthetic realistic scam templates,controlled_template_generation
synthetic_scam_0023,scam,ABA notice: loan approved. Please provide your account number now.,Synthetic scam,en,Synthetic realistic scam templates,controlled_template_generation
synthetic_scam_0024,scam,ABA notice: loan approved. Please confirm your card number now.,Synthetic scam,en,Synthetic realistic scam templates,controlled_template_generation
synthetic_scam_0025,scam,ABA notice: loan approved. Please pay a small verification fee now.,Synthetic scam,en,Synthetic realistic scam templates,controlled_template_generation
synthetic_scam_0026,scam,ACLEDA notice: account locked. Please send your OTP now.,Synthetic scam,en,Synthetic realistic scam templates,controlled_template_generation
synthetic_scam_0027,scam,ACLEDA notice: account locked. Please enter your password now.,Synthetic scam,en,Synthetic realistic scam templates,controlled_template_generation
synthetic_scam_0028,scam,ACLEDA notice: account locked. Please provide your account number now.,Synthetic scam,en,Synthetic realistic scam templates,controlled_template_generation
synthetic_scam_0029,scam,ACLEDA notice: account locked. Please confirm your card number now.,Synthetic scam,en,Synthetic realistic scam templates,controlled_template_generation
synthetic_scam_0030,scam,ACLEDA notice: account locked. Please pay a small verification fee now.,Synthetic scam,en,Synthetic realistic scam templates,controlled_template_generation
synthetic_scam_0031,scam,ACLEDA notice: reward pending. Please send your OTP now.,Synthetic scam,en,Synthetic realistic scam templates,controlled_template_generation
synthetic_scam_0032,scam,ACLEDA notice: reward pending. Please enter your password now.,Synthetic scam,en,Synthetic realistic scam templates,controlled_template_generation
synthetic_scam_0033,scam,ACLEDA notice: reward pending. Please provide your account number now.,Synthetic scam,en,Synthetic realistic scam templates,controlled_template_generation
synthetic_scam_0034,scam,ACLEDA notice: reward pending. Please confirm your card number now.,Synthetic scam,en,Synthetic realistic scam templates,controlled_template_generation
synthetic_scam_0035,scam,ACLEDA notice: reward pending. Please pay a small verification fee now.,Synthetic scam,en,Synthetic realistic scam templates,controlled_template_generation
synthetic_scam_0036,scam,ACLEDA notice: delivery failed. Please send your OTP now.,Synthetic scam,en,Synthetic realistic scam templates,controlled_template_generation
synthetic_scam_0037,scam,ACLEDA notice: delivery failed. Please enter your password now.,Synthetic scam,en,Synthetic realistic scam templates,controlled_template_generation
synthetic_scam_0038,scam,ACLEDA notice: delivery failed. Please provide your account number now.,Synthetic scam,en,Synthetic realistic scam templates,controlled_template_generation
synthetic_scam_0039,scam,ACLEDA notice: delivery failed. Please confirm your card number now.,Synthetic scam,en,Synthetic realistic scam templates,controlled_template_generation
synthetic_scam_0040,scam,ACLEDA notice: delivery failed. Please pay a small verification fee now.,Synthetic scam,en,Synthetic realistic scam templates,controlled_template_generation
synthetic_scam_0041,scam,ACLEDA notice: security update. Please send your OTP now.,Synthetic scam,en,Synthetic realistic scam templates,controlled_template_generation
synthetic_scam_0042,scam,ACLEDA notice: security update. Please enter your password now.,Synthetic scam,en,Synthetic realistic scam templates,controlled_template_generation
synthetic_scam_0043,scam,ACLEDA notice: security update. Please provide your account number now.,Synthetic scam,en,Synthetic realistic scam templates,controlled_template_generation
synthetic_scam_0044,scam,ACLEDA notice: security update. Please confirm your card number now.,Synthetic scam,en,Synthetic realistic scam templates,controlled_template_generation
synthetic_scam_0045,scam,ACLEDA notice: security update. Please pay a small verification fee now.,Synthetic scam,en,Synthetic realistic scam templates,controlled_template_generation
synthetic_scam_0046,scam,ACLEDA notice: loan approved. Please send your OTP now.,Synthetic scam,en,Synthetic realistic scam templates,controlled_template_generation
synthetic_scam_0047,scam,ACLEDA notice: loan approved. Please enter your password now.,Synthetic scam,en,Synthetic realistic scam templates,controlled_template_generation
synthetic_scam_0048,scam,ACLEDA notice: loan approved. Please provide your account number now.,Synthetic scam,en,Synthetic realistic scam templates,controlled_template_generation
synthetic_scam_0049,scam,ACLEDA notice: loan approved. Please confirm your card number now.,Synthetic scam,en,Synthetic realistic scam templates,controlled_template_generation
synthetic_scam_0050,scam,ACLEDA notice: loan approved. Please pay a small verification fee now.,Synthetic scam,en,Synthetic realistic scam templates,controlled_template_generation
synthetic_scam_0051,scam,Wing notice: account locked. Please send your OTP now.,Synthetic scam,en,Synthetic realistic scam templates,controlled_template_generation
synthetic_scam_0052,scam,Wing notice: account locked. Please enter your password now.,Synthetic scam,en,Synthetic realistic scam templates,controlled_template_generation
synthetic_scam_0053,scam,Wing notice: account locked. Please provide your account number now.,Synthetic scam,en,Synthetic realistic scam templates,controlled_template_generation
synthetic_scam_0054,scam,Wing notice: account locked. Please confirm your card number now.,Synthetic scam,en,Synthetic realistic scam templates,controlled_template_generation
synthetic_scam_0055,scam,Wing notice: account locked. Please pay a small verification fee now.,Synthetic scam,en,Synthetic realistic scam templates,controlled_template_generation
synthetic_scam_0056,scam,Wing notice: reward pending. Please send your OTP now.,Synthetic scam,en,Synthetic realistic scam templates,controlled_template_generation
synthetic_scam_0057,scam,Wing notice: reward pending. Please enter your password now.,Synthetic scam,en,Synthetic realistic scam templates,controlled_template_generation
synthetic_scam_0058,scam,Wing notice: reward pending. Please provide your account number now.,Synthetic scam,en,Synthetic realistic scam templates,controlled_template_generation
synthetic_scam_0059,scam,Wing notice: reward pending. Please confirm your card number now.,Synthetic scam,en,Synthetic realistic scam templates,controlled_template_generation
synthetic_scam_0060,scam,Wing notice: reward pending. Please pay a small verification fee now.,Synthetic scam,en,Synthetic realistic scam templates,controlled_template_generation
synthetic_scam_0061,scam,Wing notice: delivery failed. Please send your OTP now.,Synthetic scam,en,Synthetic realistic scam templates,controlled_template_generation
synthetic_scam_0062,scam,Wing notice: delivery failed. Please enter your password now.,Synthetic scam,en,Synthetic realistic scam templates,controlled_template_generation
synthetic_scam_0063,scam,Wing notice: delivery failed. Please provide your account number now.,Synthetic scam,en,Synthetic realistic scam templates,controlled_template_generation
synthetic_scam_0064,scam,Wing notice: delivery failed. Please confirm your card number now.,Synthetic scam,en,Synthetic realistic scam templates,controlled_template_generation
synthetic_scam_0065,scam,Wing notice: delivery failed. Please pay a small verification fee now.,Synthetic scam,en,Synthetic realistic scam templates,controlled_template_generation
synthetic_scam_0066,scam,Wing notice: security update. Please send your OTP now.,Synthetic scam,en,Synthetic realistic scam templates,controlled_template_generation
synthetic_scam_0067,scam,Wing notice: security update. Please enter your password now.,Synthetic scam,en,Synthetic realistic scam templates,controlled_template_generation
synthetic_scam_0068,scam,Wing notice: security update. Please provide your account number now.,Synthetic scam,en,Synthetic realistic scam templates,controlled_template_generation
synthetic_scam_0069,scam,Wing notice: security update. Please confirm your card number now.,Synthetic scam,en,Synthetic realistic scam templates,controlled_template_generation
synthetic_scam_0070,scam,Wing notice: security update. Please pay a small verification fee now.,Synthetic scam,en,Synthetic realistic scam templates,controlled_template_generation
synthetic_scam_0071,scam,Wing notice: loan approved. Please send your OTP now.,Synthetic scam,en,Synthetic realistic scam templates,controlled_template_generation
synthetic_scam_0072,scam,Wing notice: loan approved. Please enter your password now.,Synthetic scam,en,Synthetic realistic scam templates,controlled_template_generation
synthetic_scam_0073,scam,Wing notice: loan approved. Please provide your account number now.,Synthetic scam,en,Synthetic realistic scam templates,controlled_template_generation
synthetic_scam_0074,scam,Wing notice: loan approved. Please confirm your card number now.,Synthetic scam,en,Synthetic realistic scam templates,controlled_template_generation
synthetic_scam_0075,scam,Wing notice: loan approved. Please pay a small verification fee now.,Synthetic scam,en,Synthetic realistic scam templates,controlled_template_generation
synthetic_scam_0076,scam,Bakong notice: account locked. Please send your OTP now.,Synthetic scam,en,Synthetic realistic scam templates,controlled_template_generation
synthetic_scam_0077,scam,Bakong notice: account locked. Please enter your password now.,Synthetic scam,en,Synthetic realistic scam templates,controlled_template_generation
synthetic_scam_0078,scam,Bakong notice: account locked. Please provide your account number now.,Synthetic scam,en,Synthetic realistic scam templates,controlled_template_generation
synthetic_scam_0079,scam,Bakong notice: account locked. Please confirm your card number now.,Synthetic scam,en,Synthetic realistic scam templates,controlled_template_generation
synthetic_scam_0080,scam,Bakong notice: account locked. Please pay a small verification fee now.,Synthetic scam,en,Synthetic realistic scam templates,controlled_template_generation
synthetic_scam_0081,scam,Bakong notice: reward pending. Please send your OTP now.,Synthetic scam,en,Synthetic realistic scam templates,controlled_template_generation
synthetic_scam_0082,scam,Bakong notice: reward pending. Please enter your password now.,Synthetic scam,en,Synthetic realistic scam templates,controlled_template_generation
synthetic_scam_0083,scam,Bakong notice: reward pending. Please provide your account number now.,Synthetic scam,en,Synthetic realistic scam templates,controlled_template_generation
synthetic_scam_0084,scam,Bakong notice: reward pending. Please confirm your card number now.,Synthetic scam,en,Synthetic realistic scam templates,controlled_template_generation
synthetic_scam_0085,scam,Bakong notice: reward pending. Please pay a small verification fee now.,Synthetic scam,en,Synthetic realistic scam templates,controlled_template_generation
synthetic_scam_0086,scam,Bakong notice: delivery failed. Please send your OTP now.,Synthetic scam,en,Synthetic realistic scam templates,controlled_template_generation
synthetic_scam_0087,scam,Bakong notice: delivery failed. Please enter your password now.,Synthetic scam,en,Synthetic realistic scam templates,controlled_template_generation
synthetic_scam_0088,scam,Bakong notice: delivery failed. Please provide your account number now.,Synthetic scam,en,Synthetic realistic scam templates,controlled_template_generation
synthetic_scam_0089,scam,Bakong notice: delivery failed. Please confirm your card number now.,Synthetic scam,en,Synthetic realistic scam templates,controlled_template_generation
synthetic_scam_0090,scam,Bakong notice: delivery failed. Please pay a small verification fee now.,Synthetic scam,en,Synthetic realistic scam templates,controlled_template_generation
synthetic_scam_0091,scam,Bakong notice: security update. Please send your OTP now.,Synthetic scam,en,Synthetic realistic scam templates,controlled_template_generation
synthetic_scam_0092,scam,Bakong notice: security update. Please enter your password now.,Synthetic scam,en,Synthetic realistic scam templates,controlled_template_generation
synthetic_scam_0093,scam,Bakong notice: security update. Please provide your account number now.,Synthetic scam,en,Synthetic realistic scam templates,controlled_template_generation
synthetic_scam_0094,scam,Bakong notice: security update. Please confirm your card number now.,Synthetic scam,en,Synthetic realistic scam templates,controlled_template_generation
synthetic_scam_0095,scam,Bakong notice: security update. Please pay a small verification fee now.,Synthetic scam,en,Synthetic realistic scam templates,controlled_template_generation
synthetic_scam_0096,scam,Bakong notice: loan approved. Please send your OTP now.,Synthetic scam,en,Synthetic realistic scam templates,controlled_template_generation
synthetic_scam_0097,scam,Bakong notice: loan approved. Please enter your password now.,Synthetic scam,en,Synthetic realistic scam templates,controlled_template_generation
synthetic_scam_0098,scam,Bakong notice: loan approved. Please provide your account number now.,Synthetic scam,en,Synthetic realistic scam templates,controlled_template_generation
synthetic_scam_0099,scam,Bakong notice: loan approved. Please confirm your card number now.,Synthetic scam,en,Synthetic realistic scam templates,controlled_template_generation
synthetic_scam_0100,scam,Bakong notice: loan approved. Please pay a small verification fee now.,Synthetic scam,en,Synthetic realistic scam templates,controlled_template_generation
synthetic_scam_0101,scam,TrueMoney notice: account locked. Please send your OTP now.,Synthetic scam,en,Synthetic realistic scam templates,controlled_template_generation
synthetic_scam_0102,scam,TrueMoney notice: account locked. Please enter your password now.,Synthetic scam,en,Synthetic realistic scam templates,controlled_template_generation
synthetic_scam_0103,scam,TrueMoney notice: account locked. Please provide your account number now.,Synthetic scam,en,Synthetic realistic scam templates,controlled_template_generation
synthetic_scam_0104,scam,TrueMoney notice: account locked. Please confirm your card number now.,Synthetic scam,en,Synthetic realistic scam templates,controlled_template_generation
synthetic_scam_0105,scam,TrueMoney notice: account locked. Please pay a small verification fee now.,Synthetic scam,en,Synthetic realistic scam templates,controlled_template_generation
synthetic_scam_0106,scam,TrueMoney notice: reward pending. Please send your OTP now.,Synthetic scam,en,Synthetic realistic scam templates,controlled_template_generation
synthetic_scam_0107,scam,TrueMoney notice: reward pending. Please enter your password now.,Synthetic scam,en,Synthetic realistic scam templates,controlled_template_generation
synthetic_scam_0108,scam,TrueMoney notice: reward pending. Please provide your account number now.,Synthetic scam,en,Synthetic realistic scam templates,controlled_template_generation
synthetic_scam_0109,scam,TrueMoney notice: reward pending. Please confirm your card number now.,Synthetic scam,en,Synthetic realistic scam templates,controlled_template_generation
synthetic_scam_0110,scam,TrueMoney notice: reward pending. Please pay a small verification fee now.,Synthetic scam,en,Synthetic realistic scam templates,controlled_template_generation
synthetic_scam_0111,scam,TrueMoney notice: delivery failed. Please send your OTP now.,Synthetic scam,en,Synthetic realistic scam templates,controlled_template_generation
synthetic_scam_0112,scam,TrueMoney notice: delivery failed. Please enter your password now.,Synthetic scam,en,Synthetic realistic scam templates,controlled_template_generation
synthetic_scam_0113,scam,TrueMoney notice: delivery failed. Please provide your account number now.,Synthetic scam,en,Synthetic realistic scam templates,controlled_template_generation
synthetic_scam_0114,scam,TrueMoney notice: delivery failed. Please confirm your card number now.,Synthetic scam,en,Synthetic realistic scam templates,controlled_template_generation
synthetic_scam_0115,scam,TrueMoney notice: delivery failed. Please pay a small verification fee now.,Synthetic scam,en,Synthetic realistic scam templates,controlled_template_generation
synthetic_scam_0116,scam,TrueMoney notice: security update. Please send your OTP now.,Synthetic scam,en,Synthetic realistic scam templates,controlled_template_generation
synthetic_scam_0117,scam,TrueMoney notice: security update. Please enter your password now.,Synthetic scam,en,Synthetic realistic scam templates,controlled_template_generation
synthetic_scam_0118,scam,TrueMoney notice: security update. Please provide your account number now.,Synthetic scam,en,Synthetic realistic scam templates,controlled_template_generation
synthetic_scam_0119,scam,TrueMoney notice: security update. Please confirm your card number now.,Synthetic scam,en,Synthetic realistic scam templates,controlled_template_generation
synthetic_scam_0120,scam,TrueMoney notice: security update. Please pay a small verification fee now.,Synthetic scam,en,Synthetic realistic scam templates,controlled_template_generation
synthetic_scam_0121,scam,TrueMoney notice: loan approved. Please send your OTP now.,Synthetic scam,en,Synthetic realistic scam templates,controlled_template_generation
synthetic_scam_0122,scam,TrueMoney notice: loan approved. Please enter your password now.,Synthetic scam,en,Synthetic realistic scam templates,controlled_template_generation
synthetic_scam_0123,scam,TrueMoney notice: loan approved. Please provide your account number now.,Synthetic scam,en,Synthetic realistic scam templates,controlled_template_generation
synthetic_scam_0124,scam,TrueMoney notice: loan approved. Please confirm your card number now.,Synthetic scam,en,Synthetic realistic scam templates,controlled_template_generation
synthetic_scam_0125,scam,TrueMoney notice: loan approved. Please pay a small verification fee now.,Synthetic scam,en,Synthetic realistic scam templates,controlled_template_generation
synthetic_scam_0126,scam,Facebook notice: account locked. Please send your OTP now.,Synthetic scam,en,Synthetic realistic scam templates,controlled_template_generation
synthetic_scam_0127,scam,Facebook notice: account locked. Please enter your password now.,Synthetic scam,en,Synthetic realistic scam templates,controlled_template_generation
synthetic_scam_0128,scam,Facebook notice: account locked. Please provide your account number now.,Synthetic scam,en,Synthetic realistic scam templates,controlled_template_generation
synthetic_scam_0129,scam,Facebook notice: account locked. Please confirm your card number now.,Synthetic scam,en,Synthetic realistic scam templates,controlled_template_generation
synthetic_scam_0130,scam,Facebook notice: account locked. Please pay a small verification fee now.,Synthetic scam,en,Synthetic realistic scam templates,controlled_template_generation
synthetic_scam_0131,scam,Facebook notice: reward pending. Please send your OTP now.,Synthetic scam,en,Synthetic realistic scam templates,controlled_template_generation
synthetic_scam_0132,scam,Facebook notice: reward pending. Please enter your password now.,Synthetic scam,en,Synthetic realistic scam templates,controlled_template_generation
synthetic_scam_0133,scam,Facebook notice: reward pending. Please provide your account number now.,Synthetic scam,en,Synthetic realistic scam templates,controlled_template_generation
synthetic_scam_0134,scam,Facebook notice: reward pending. Please confirm your card number now.,Synthetic scam,en,Synthetic realistic scam templates,controlled_template_generation
synthetic_scam_0135,scam,Facebook notice: reward pending. Please pay a small verification fee now.,Synthetic scam,en,Synthetic realistic scam templates,controlled_template_generation
synthetic_scam_0136,scam,Facebook notice: delivery failed. Please send your OTP now.,Synthetic scam,en,Synthetic realistic scam templates,controlled_template_generation
synthetic_scam_0137,scam,Facebook notice: delivery failed. Please enter your password now.,Synthetic scam,en,Synthetic realistic scam templates,controlled_template_generation
synthetic_scam_0138,scam,Facebook notice: delivery failed. Please provide your account number now.,Synthetic scam,en,Synthetic realistic scam templates,controlled_template_generation
synthetic_scam_0139,scam,Facebook notice: delivery failed. Please confirm your card number now.,Synthetic scam,en,Synthetic realistic scam templates,controlled_template_generation
synthetic_scam_0140,scam,Facebook notice: delivery failed. Please pay a small verification fee now.,Synthetic scam,en,Synthetic realistic scam templates,controlled_template_generation
synthetic_scam_0141,scam,Facebook notice: security update. Please send your OTP now.,Synthetic scam,en,Synthetic realistic scam templates,controlled_template_generation
synthetic_scam_0142,scam,Facebook notice: security update. Please enter your password now.,Synthetic scam,en,Synthetic realistic scam templates,controlled_template_generation
synthetic_scam_0143,scam,Facebook notice: security update. Please provide your account number now.,Synthetic scam,en,Synthetic realistic scam templates,controlled_template_generation
synthetic_scam_0144,scam,Facebook notice: security update. Please confirm your card number now.,Synthetic scam,en,Synthetic realistic scam templates,controlled_template_generation
synthetic_scam_0145,scam,Facebook notice: security update. Please pay a small verification fee now.,Synthetic scam,en,Synthetic realistic scam templates,controlled_template_generation
synthetic_scam_0146,scam,Facebook notice: loan approved. Please send your OTP now.,Synthetic scam,en,Synthetic realistic scam templates,controlled_template_generation
synthetic_scam_0147,scam,Facebook notice: loan approved. Please enter your password now.,Synthetic scam,en,Synthetic realistic scam templates,controlled_template_generation
synthetic_scam_0148,scam,Facebook notice: loan approved. Please provide your account number now.,Synthetic scam,en,Synthetic realistic scam templates,controlled_template_generation
synthetic_scam_0149,scam,Facebook notice: loan approved. Please confirm your card number now.,Synthetic scam,en,Synthetic realistic scam templates,controlled_template_generation
synthetic_scam_0150,scam,Facebook notice: loan approved. Please pay a small verification fee now.,Synthetic scam,en,Synthetic realistic scam templates,controlled_template_generation
synthetic_scam_0151,scam,Telegram notice: account locked. Please send your OTP now.,Synthetic scam,en,Synthetic realistic scam templates,controlled_template_generation
synthetic_scam_0152,scam,Telegram notice: account locked. Please enter your password now.,Synthetic scam,en,Synthetic realistic scam templates,controlled_template_generation
synthetic_scam_0153,scam,Telegram notice: account locked. Please provide your account number now.,Synthetic scam,en,Synthetic realistic scam templates,controlled_template_generation
synthetic_scam_0154,scam,Telegram notice: account locked. Please confirm your card number now.,Synthetic scam,en,Synthetic realistic scam templates,controlled_template_generation
synthetic_scam_0155,scam,Telegram notice: account locked. Please pay a small verification fee now.,Synthetic scam,en,Synthetic realistic scam templates,controlled_template_generation
synthetic_scam_0156,scam,Telegram notice: reward pending. Please send your OTP now.,Synthetic scam,en,Synthetic realistic scam templates,controlled_template_generation
synthetic_scam_0157,scam,Telegram notice: reward pending. Please enter your password now.,Synthetic scam,en,Synthetic realistic scam templates,controlled_template_generation
synthetic_scam_0158,scam,Telegram notice: reward pending. Please provide your account number now.,Synthetic scam,en,Synthetic realistic scam templates,controlled_template_generation
synthetic_scam_0159,scam,Telegram notice: reward pending. Please confirm your card number now.,Synthetic scam,en,Synthetic realistic scam templates,controlled_template_generation
synthetic_scam_0160,scam,Telegram notice: reward pending. Please pay a small verification fee now.,Synthetic scam,en,Synthetic realistic scam templates,controlled_template_generation
synthetic_scam_0161,scam,Telegram notice: delivery failed. Please send your OTP now.,Synthetic scam,en,Synthetic realistic scam templates,controlled_template_generation
synthetic_scam_0162,scam,Telegram notice: delivery failed. Please enter your password now.,Synthetic scam,en,Synthetic realistic scam templates,controlled_template_generation
synthetic_scam_0163,scam,Telegram notice: delivery failed. Please provide your account number now.,Synthetic scam,en,Synthetic realistic scam templates,controlled_template_generation
synthetic_scam_0164,scam,Telegram notice: delivery failed. Please confirm your card number now.,Synthetic scam,en,Synthetic realistic scam templates,controlled_template_generation
synthetic_scam_0165,scam,Telegram notice: delivery failed. Please pay a small verification fee now.,Synthetic scam,en,Synthetic realistic scam templates,controlled_template_generation
synthetic_scam_0166,scam,Telegram notice: security update. Please send your OTP now.,Synthetic scam,en,Synthetic realistic scam templates,controlled_template_generation
synthetic_scam_0167,scam,Telegram notice: security update. Please enter your password now.,Synthetic scam,en,Synthetic realistic scam templates,controlled_template_generation
synthetic_scam_0168,scam,Telegram notice: security update. Please provide your account number now.,Synthetic scam,en,Synthetic realistic scam templates,controlled_template_generation
synthetic_scam_0169,scam,Telegram notice: security update. Please confirm your card number now.,Synthetic scam,en,Synthetic realistic scam templates,controlled_template_generation
synthetic_scam_0170,scam,Telegram notice: security update. Please pay a small verification fee now.,Synthetic scam,en,Synthetic realistic scam templates,controlled_template_generation
synthetic_scam_0171,scam,Telegram notice: loan approved. Please send your OTP now.,Synthetic scam,en,Synthetic realistic scam templates,controlled_template_generation
synthetic_scam_0172,scam,Telegram notice: loan approved. Please enter your password now.,Synthetic scam,en,Synthetic realistic scam templates,controlled_template_generation
synthetic_scam_0173,scam,Telegram notice: loan approved. Please provide your account number now.,Synthetic scam,en,Synthetic realistic scam templates,controlled_template_generation
synthetic_scam_0174,scam,Telegram notice: loan approved. Please confirm your card number now.,Synthetic scam,en,Synthetic realistic scam templates,controlled_template_generation
synthetic_scam_0175,scam,Telegram notice: loan approved. Please pay a small verification fee now.,Synthetic scam,en,Synthetic realistic scam templates,controlled_template_generation
safe_education_0001,safe,"Never share your password, OTP, PIN, CVV, or account number with anyone.",safe_education,en,Manual safe educational contrast examples,manual_safety_dataset_authoring
safe_education_0002,safe,A real bank will not ask for your password or OTP by SMS.,safe_education,en,Manual safe educational contrast examples,manual_safety_dataset_authoring
safe_education_0003,safe,"If a delivery text asks for payment, check the courier app directly.",safe_education,en,Manual safe educational contrast examples,manual_safety_dataset_authoring
safe_education_0004,safe,Do not click links from unknown senders.,safe_education,en,Manual safe educational contrast examples,manual_safety_dataset_authoring
safe_education_0005,safe,Report suspicious messages and delete them after saving evidence.,safe_education,en,Manual safe educational contrast examples,manual_safety_dataset_authoring
safe_education_0006,safe,Use the official banking app to verify account warnings.,safe_education,en,Manual safe educational contrast examples,manual_safety_dataset_authoring
safe_education_0007,safe,Do not pay a job registration fee before verifying the company.,safe_education,en,Manual safe educational contrast examples,manual_safety_dataset_authoring
safe_education_0008,safe,Do not send money to someone you only know online.,safe_education,en,Manual safe educational contrast examples,manual_safety_dataset_authoring
safe_education_0009,safe,កុំផ្ញើលេខសម្ងាត់ ឬ OTP ទៅអ្នកណាម្នាក់។,safe_education,km,Manual safe educational contrast examples,manual_safety_dataset_authoring
safe_education_0010,safe,ធនាគារពិតប្រាកដមិនសួរពាក្យសម្ងាត់តាមសារទេ។,safe_education,km,Manual safe educational contrast examples,manual_safety_dataset_authoring
safe_education_0011,safe,បើសារដឹកជញ្ជូនសួរបង់ប្រាក់ សូមពិនិត្យតាមកម្មវិធីផ្លូវការ។,safe_education,km,Manual safe educational contrast examples,manual_safety_dataset_authoring
safe_education_0012,safe,កុំចុចតំណពីអ្នកផ្ញើមិនស្គាល់។,safe_education,km,Manual safe educational contrast examples,manual_safety_dataset_authoring
safe_education_0013,safe,សូមរាយការណ៍សារសង្ស័យ ហើយកុំផ្ញើព័ត៌មានផ្ទាល់ខ្លួន។,safe_education,km,Manual safe educational contrast examples,manual_safety_dataset_authoring
safe_education_0014,safe,យើងរៀនអំពីសុវត្ថិភាពគណនី និងការការពារពាក្យសម្ងាត់។,safe_education,km,Manual safe educational contrast examples,manual_safety_dataset_authoring
